ISO-10303-21;
HEADER;
/* Generated by software containing ST-Developer
 * from STEP Tools, Inc. (www.steptools.com) 
 */

FILE_DESCRIPTION(
/* description */ (''),
/* implementation_level */ '2;1');

FILE_NAME(
/* name */ 'Back_frame_external v19.step',
/* time_stamp */ '2025-07-25T21:57:44+02:00',
/* author */ (''),
/* organization */ (''),
/* preprocessor_version */ 'ST-DEVELOPER v20.1',
/* originating_system */ 'Autodesk Translation Framework v14.10.0.0',
/* authorisation */ '');

FILE_SCHEMA (('AUTOMOTIVE_DESIGN { 1 0 10303 214 3 1 1 }'));
ENDSEC;

DATA;
#10=MECHANICAL_DESIGN_GEOMETRIC_PRESENTATION_REPRESENTATION('',(#13),#3746);
#11=SHAPE_REPRESENTATION_RELATIONSHIP('SRR','None',#3753,#12);
#12=ADVANCED_BREP_SHAPE_REPRESENTATION('',(#14),#3745);
#13=STYLED_ITEM('',(#3762),#14);
#14=MANIFOLD_SOLID_BREP('Body1',#2324);
#15=CYLINDRICAL_SURFACE('',#2342,1.6);
#16=CYLINDRICAL_SURFACE('',#2352,6.);
#17=CYLINDRICAL_SURFACE('',#2363,6.);
#18=CYLINDRICAL_SURFACE('',#2375,1.6);
#19=CYLINDRICAL_SURFACE('',#2382,1.6);
#20=CYLINDRICAL_SURFACE('',#2386,3.);
#21=CYLINDRICAL_SURFACE('',#2389,3.);
#22=FACE_BOUND('',#272,.T.);
#23=FACE_BOUND('',#281,.T.);
#24=FACE_BOUND('',#288,.T.);
#25=FACE_BOUND('',#292,.T.);
#26=FACE_BOUND('',#296,.T.);
#27=FACE_BOUND('',#329,.T.);
#28=FACE_BOUND('',#379,.T.);
#29=FACE_BOUND('',#404,.T.);
#30=PLANE('',#2341);
#31=PLANE('',#2344);
#32=PLANE('',#2348);
#33=PLANE('',#2354);
#34=PLANE('',#2355);
#35=PLANE('',#2356);
#36=PLANE('',#2360);
#37=PLANE('',#2364);
#38=PLANE('',#2369);
#39=PLANE('',#2373);
#40=PLANE('',#2380);
#41=PLANE('',#2390);
#42=PLANE('',#2391);
#43=PLANE('',#2392);
#44=PLANE('',#2393);
#45=PLANE('',#2394);
#46=PLANE('',#2395);
#47=PLANE('',#2396);
#48=PLANE('',#2397);
#49=PLANE('',#2398);
#50=PLANE('',#2399);
#51=PLANE('',#2400);
#52=PLANE('',#2401);
#53=PLANE('',#2402);
#54=PLANE('',#2403);
#55=PLANE('',#2404);
#56=PLANE('',#2405);
#57=PLANE('',#2406);
#58=PLANE('',#2407);
#59=PLANE('',#2408);
#60=PLANE('',#2409);
#61=PLANE('',#2410);
#62=PLANE('',#2411);
#63=PLANE('',#2412);
#64=PLANE('',#2413);
#65=PLANE('',#2414);
#66=PLANE('',#2415);
#67=PLANE('',#2416);
#68=PLANE('',#2417);
#69=PLANE('',#2418);
#70=PLANE('',#2419);
#71=PLANE('',#2420);
#72=PLANE('',#2421);
#73=PLANE('',#2422);
#74=PLANE('',#2423);
#75=PLANE('',#2424);
#76=PLANE('',#2425);
#77=PLANE('',#2426);
#78=PLANE('',#2427);
#79=PLANE('',#2428);
#80=PLANE('',#2429);
#81=PLANE('',#2430);
#82=PLANE('',#2431);
#83=PLANE('',#2432);
#84=PLANE('',#2433);
#85=PLANE('',#2434);
#86=PLANE('',#2435);
#87=PLANE('',#2436);
#88=PLANE('',#2437);
#89=PLANE('',#2438);
#90=PLANE('',#2439);
#91=PLANE('',#2440);
#92=PLANE('',#2441);
#93=PLANE('',#2442);
#94=PLANE('',#2443);
#95=PLANE('',#2444);
#96=PLANE('',#2445);
#97=PLANE('',#2446);
#98=PLANE('',#2447);
#99=PLANE('',#2448);
#100=PLANE('',#2449);
#101=PLANE('',#2450);
#102=PLANE('',#2451);
#103=PLANE('',#2452);
#104=PLANE('',#2453);
#105=PLANE('',#2454);
#106=PLANE('',#2455);
#107=PLANE('',#2456);
#108=PLANE('',#2457);
#109=PLANE('',#2458);
#110=PLANE('',#2459);
#111=PLANE('',#2460);
#112=PLANE('',#2461);
#113=PLANE('',#2462);
#114=PLANE('',#2463);
#115=PLANE('',#2464);
#116=PLANE('',#2465);
#117=PLANE('',#2466);
#118=PLANE('',#2467);
#119=PLANE('',#2468);
#120=PLANE('',#2469);
#121=PLANE('',#2470);
#122=PLANE('',#2471);
#123=PLANE('',#2472);
#124=PLANE('',#2473);
#125=PLANE('',#2474);
#126=PLANE('',#2475);
#127=PLANE('',#2476);
#128=PLANE('',#2477);
#129=PLANE('',#2478);
#130=PLANE('',#2479);
#131=PLANE('',#2480);
#132=PLANE('',#2481);
#133=PLANE('',#2482);
#134=PLANE('',#2483);
#135=PLANE('',#2484);
#136=PLANE('',#2485);
#137=PLANE('',#2486);
#138=PLANE('',#2487);
#139=PLANE('',#2488);
#140=PLANE('',#2489);
#141=PLANE('',#2490);
#142=FACE_OUTER_BOUND('',#270,.T.);
#143=FACE_OUTER_BOUND('',#271,.T.);
#144=FACE_OUTER_BOUND('',#273,.T.);
#145=FACE_OUTER_BOUND('',#274,.T.);
#146=FACE_OUTER_BOUND('',#275,.T.);
#147=FACE_OUTER_BOUND('',#276,.T.);
#148=FACE_OUTER_BOUND('',#277,.T.);
#149=FACE_OUTER_BOUND('',#278,.T.);
#150=FACE_OUTER_BOUND('',#279,.T.);
#151=FACE_OUTER_BOUND('',#280,.T.);
#152=FACE_OUTER_BOUND('',#282,.T.);
#153=FACE_OUTER_BOUND('',#283,.T.);
#154=FACE_OUTER_BOUND('',#284,.T.);
#155=FACE_OUTER_BOUND('',#285,.T.);
#156=FACE_OUTER_BOUND('',#286,.T.);
#157=FACE_OUTER_BOUND('',#287,.T.);
#158=FACE_OUTER_BOUND('',#289,.T.);
#159=FACE_OUTER_BOUND('',#290,.T.);
#160=FACE_OUTER_BOUND('',#291,.T.);
#161=FACE_OUTER_BOUND('',#293,.T.);
#162=FACE_OUTER_BOUND('',#294,.T.);
#163=FACE_OUTER_BOUND('',#295,.T.);
#164=FACE_OUTER_BOUND('',#297,.T.);
#165=FACE_OUTER_BOUND('',#298,.T.);
#166=FACE_OUTER_BOUND('',#299,.T.);
#167=FACE_OUTER_BOUND('',#300,.T.);
#168=FACE_OUTER_BOUND('',#301,.T.);
#169=FACE_OUTER_BOUND('',#302,.T.);
#170=FACE_OUTER_BOUND('',#303,.T.);
#171=FACE_OUTER_BOUND('',#304,.T.);
#172=FACE_OUTER_BOUND('',#305,.T.);
#173=FACE_OUTER_BOUND('',#306,.T.);
#174=FACE_OUTER_BOUND('',#307,.T.);
#175=FACE_OUTER_BOUND('',#308,.T.);
#176=FACE_OUTER_BOUND('',#309,.T.);
#177=FACE_OUTER_BOUND('',#310,.T.);
#178=FACE_OUTER_BOUND('',#311,.T.);
#179=FACE_OUTER_BOUND('',#312,.T.);
#180=FACE_OUTER_BOUND('',#313,.T.);
#181=FACE_OUTER_BOUND('',#314,.T.);
#182=FACE_OUTER_BOUND('',#315,.T.);
#183=FACE_OUTER_BOUND('',#316,.T.);
#184=FACE_OUTER_BOUND('',#317,.T.);
#185=FACE_OUTER_BOUND('',#318,.T.);
#186=FACE_OUTER_BOUND('',#319,.T.);
#187=FACE_OUTER_BOUND('',#320,.T.);
#188=FACE_OUTER_BOUND('',#321,.T.);
#189=FACE_OUTER_BOUND('',#322,.T.);
#190=FACE_OUTER_BOUND('',#323,.T.);
#191=FACE_OUTER_BOUND('',#324,.T.);
#192=FACE_OUTER_BOUND('',#325,.T.);
#193=FACE_OUTER_BOUND('',#326,.T.);
#194=FACE_OUTER_BOUND('',#327,.T.);
#195=FACE_OUTER_BOUND('',#328,.T.);
#196=FACE_OUTER_BOUND('',#330,.T.);
#197=FACE_OUTER_BOUND('',#331,.T.);
#198=FACE_OUTER_BOUND('',#332,.T.);
#199=FACE_OUTER_BOUND('',#333,.T.);
#200=FACE_OUTER_BOUND('',#334,.T.);
#201=FACE_OUTER_BOUND('',#335,.T.);
#202=FACE_OUTER_BOUND('',#336,.T.);
#203=FACE_OUTER_BOUND('',#337,.T.);
#204=FACE_OUTER_BOUND('',#338,.T.);
#205=FACE_OUTER_BOUND('',#339,.T.);
#206=FACE_OUTER_BOUND('',#340,.T.);
#207=FACE_OUTER_BOUND('',#341,.T.);
#208=FACE_OUTER_BOUND('',#342,.T.);
#209=FACE_OUTER_BOUND('',#343,.T.);
#210=FACE_OUTER_BOUND('',#344,.T.);
#211=FACE_OUTER_BOUND('',#345,.T.);
#212=FACE_OUTER_BOUND('',#346,.T.);
#213=FACE_OUTER_BOUND('',#347,.T.);
#214=FACE_OUTER_BOUND('',#348,.T.);
#215=FACE_OUTER_BOUND('',#349,.T.);
#216=FACE_OUTER_BOUND('',#350,.T.);
#217=FACE_OUTER_BOUND('',#351,.T.);
#218=FACE_OUTER_BOUND('',#352,.T.);
#219=FACE_OUTER_BOUND('',#353,.T.);
#220=FACE_OUTER_BOUND('',#354,.T.);
#221=FACE_OUTER_BOUND('',#355,.T.);
#222=FACE_OUTER_BOUND('',#356,.T.);
#223=FACE_OUTER_BOUND('',#357,.T.);
#224=FACE_OUTER_BOUND('',#358,.T.);
#225=FACE_OUTER_BOUND('',#359,.T.);
#226=FACE_OUTER_BOUND('',#360,.T.);
#227=FACE_OUTER_BOUND('',#361,.T.);
#228=FACE_OUTER_BOUND('',#362,.T.);
#229=FACE_OUTER_BOUND('',#363,.T.);
#230=FACE_OUTER_BOUND('',#364,.T.);
#231=FACE_OUTER_BOUND('',#365,.T.);
#232=FACE_OUTER_BOUND('',#366,.T.);
#233=FACE_OUTER_BOUND('',#367,.T.);
#234=FACE_OUTER_BOUND('',#368,.T.);
#235=FACE_OUTER_BOUND('',#369,.T.);
#236=FACE_OUTER_BOUND('',#370,.T.);
#237=FACE_OUTER_BOUND('',#371,.T.);
#238=FACE_OUTER_BOUND('',#372,.T.);
#239=FACE_OUTER_BOUND('',#373,.T.);
#240=FACE_OUTER_BOUND('',#374,.T.);
#241=FACE_OUTER_BOUND('',#375,.T.);
#242=FACE_OUTER_BOUND('',#376,.T.);
#243=FACE_OUTER_BOUND('',#377,.T.);
#244=FACE_OUTER_BOUND('',#378,.T.);
#245=FACE_OUTER_BOUND('',#380,.T.);
#246=FACE_OUTER_BOUND('',#381,.T.);
#247=FACE_OUTER_BOUND('',#382,.T.);
#248=FACE_OUTER_BOUND('',#383,.T.);
#249=FACE_OUTER_BOUND('',#384,.T.);
#250=FACE_OUTER_BOUND('',#385,.T.);
#251=FACE_OUTER_BOUND('',#386,.T.);
#252=FACE_OUTER_BOUND('',#387,.T.);
#253=FACE_OUTER_BOUND('',#388,.T.);
#254=FACE_OUTER_BOUND('',#389,.T.);
#255=FACE_OUTER_BOUND('',#390,.T.);
#256=FACE_OUTER_BOUND('',#391,.T.);
#257=FACE_OUTER_BOUND('',#392,.T.);
#258=FACE_OUTER_BOUND('',#393,.T.);
#259=FACE_OUTER_BOUND('',#394,.T.);
#260=FACE_OUTER_BOUND('',#395,.T.);
#261=FACE_OUTER_BOUND('',#396,.T.);
#262=FACE_OUTER_BOUND('',#397,.T.);
#263=FACE_OUTER_BOUND('',#398,.T.);
#264=FACE_OUTER_BOUND('',#399,.T.);
#265=FACE_OUTER_BOUND('',#400,.T.);
#266=FACE_OUTER_BOUND('',#401,.T.);
#267=FACE_OUTER_BOUND('',#402,.T.);
#268=FACE_OUTER_BOUND('',#403,.T.);
#269=FACE_OUTER_BOUND('',#405,.T.);
#270=EDGE_LOOP('',(#1543,#1544,#1545,#1546));
#271=EDGE_LOOP('',(#1547,#1548,#1549,#1550,#1551,#1552));
#272=EDGE_LOOP('',(#1553));
#273=EDGE_LOOP('',(#1554,#1555,#1556,#1557));
#274=EDGE_LOOP('',(#1558,#1559,#1560,#1561));
#275=EDGE_LOOP('',(#1562,#1563,#1564,#1565));
#276=EDGE_LOOP('',(#1566,#1567,#1568,#1569));
#277=EDGE_LOOP('',(#1570,#1571,#1572,#1573));
#278=EDGE_LOOP('',(#1574,#1575,#1576,#1577));
#279=EDGE_LOOP('',(#1578,#1579,#1580,#1581));
#280=EDGE_LOOP('',(#1582,#1583,#1584,#1585,#1586,#1587));
#281=EDGE_LOOP('',(#1588,#1589,#1590,#1591));
#282=EDGE_LOOP('',(#1592,#1593,#1594,#1595));
#283=EDGE_LOOP('',(#1596,#1597,#1598,#1599));
#284=EDGE_LOOP('',(#1600,#1601,#1602,#1603));
#285=EDGE_LOOP('',(#1604,#1605,#1606,#1607));
#286=EDGE_LOOP('',(#1608,#1609,#1610,#1611));
#287=EDGE_LOOP('',(#1612,#1613,#1614,#1615,#1616,#1617,#1618,#1619,#1620,
#1621,#1622,#1623,#1624,#1625));
#288=EDGE_LOOP('',(#1626,#1627,#1628,#1629));
#289=EDGE_LOOP('',(#1630,#1631,#1632,#1633));
#290=EDGE_LOOP('',(#1634,#1635,#1636,#1637));
#291=EDGE_LOOP('',(#1638));
#292=EDGE_LOOP('',(#1639));
#293=EDGE_LOOP('',(#1640,#1641,#1642,#1643));
#294=EDGE_LOOP('',(#1644,#1645,#1646,#1647));
#295=EDGE_LOOP('',(#1648));
#296=EDGE_LOOP('',(#1649));
#297=EDGE_LOOP('',(#1650,#1651,#1652,#1653));
#298=EDGE_LOOP('',(#1654,#1655,#1656,#1657,#1658));
#299=EDGE_LOOP('',(#1659,#1660,#1661,#1662));
#300=EDGE_LOOP('',(#1663,#1664,#1665,#1666,#1667));
#301=EDGE_LOOP('',(#1668,#1669,#1670,#1671));
#302=EDGE_LOOP('',(#1672,#1673,#1674,#1675));
#303=EDGE_LOOP('',(#1676,#1677,#1678,#1679));
#304=EDGE_LOOP('',(#1680,#1681,#1682,#1683));
#305=EDGE_LOOP('',(#1684,#1685,#1686,#1687));
#306=EDGE_LOOP('',(#1688,#1689,#1690,#1691));
#307=EDGE_LOOP('',(#1692,#1693,#1694,#1695));
#308=EDGE_LOOP('',(#1696,#1697,#1698,#1699));
#309=EDGE_LOOP('',(#1700,#1701,#1702,#1703));
#310=EDGE_LOOP('',(#1704,#1705,#1706,#1707));
#311=EDGE_LOOP('',(#1708,#1709,#1710,#1711));
#312=EDGE_LOOP('',(#1712,#1713,#1714,#1715));
#313=EDGE_LOOP('',(#1716,#1717,#1718,#1719));
#314=EDGE_LOOP('',(#1720,#1721,#1722,#1723));
#315=EDGE_LOOP('',(#1724,#1725,#1726,#1727));
#316=EDGE_LOOP('',(#1728,#1729,#1730,#1731));
#317=EDGE_LOOP('',(#1732,#1733,#1734,#1735));
#318=EDGE_LOOP('',(#1736,#1737,#1738,#1739));
#319=EDGE_LOOP('',(#1740,#1741,#1742,#1743));
#320=EDGE_LOOP('',(#1744,#1745,#1746,#1747));
#321=EDGE_LOOP('',(#1748,#1749,#1750,#1751));
#322=EDGE_LOOP('',(#1752,#1753,#1754,#1755,#1756));
#323=EDGE_LOOP('',(#1757,#1758,#1759,#1760,#1761));
#324=EDGE_LOOP('',(#1762,#1763,#1764,#1765));
#325=EDGE_LOOP('',(#1766,#1767,#1768,#1769));
#326=EDGE_LOOP('',(#1770,#1771,#1772,#1773,#1774,#1775,#1776,#1777,#1778,
#1779,#1780,#1781,#1782,#1783,#1784,#1785,#1786,#1787,#1788,#1789,#1790,
#1791,#1792,#1793,#1794));
#327=EDGE_LOOP('',(#1795,#1796,#1797,#1798,#1799));
#328=EDGE_LOOP('',(#1800,#1801,#1802,#1803,#1804,#1805));
#329=EDGE_LOOP('',(#1806));
#330=EDGE_LOOP('',(#1807,#1808,#1809,#1810));
#331=EDGE_LOOP('',(#1811,#1812,#1813,#1814,#1815,#1816,#1817,#1818));
#332=EDGE_LOOP('',(#1819,#1820,#1821,#1822));
#333=EDGE_LOOP('',(#1823,#1824,#1825,#1826));
#334=EDGE_LOOP('',(#1827,#1828,#1829,#1830));
#335=EDGE_LOOP('',(#1831,#1832,#1833,#1834,#1835,#1836));
#336=EDGE_LOOP('',(#1837,#1838,#1839,#1840));
#337=EDGE_LOOP('',(#1841,#1842,#1843,#1844));
#338=EDGE_LOOP('',(#1845,#1846,#1847,#1848));
#339=EDGE_LOOP('',(#1849,#1850,#1851,#1852));
#340=EDGE_LOOP('',(#1853,#1854,#1855,#1856,#1857,#1858,#1859,#1860));
#341=EDGE_LOOP('',(#1861,#1862,#1863,#1864,#1865,#1866));
#342=EDGE_LOOP('',(#1867,#1868,#1869,#1870,#1871,#1872));
#343=EDGE_LOOP('',(#1873,#1874,#1875,#1876,#1877,#1878));
#344=EDGE_LOOP('',(#1879,#1880,#1881,#1882));
#345=EDGE_LOOP('',(#1883,#1884,#1885,#1886,#1887));
#346=EDGE_LOOP('',(#1888,#1889,#1890,#1891,#1892,#1893));
#347=EDGE_LOOP('',(#1894,#1895,#1896,#1897,#1898));
#348=EDGE_LOOP('',(#1899,#1900,#1901,#1902,#1903));
#349=EDGE_LOOP('',(#1904,#1905,#1906,#1907));
#350=EDGE_LOOP('',(#1908,#1909,#1910,#1911,#1912,#1913));
#351=EDGE_LOOP('',(#1914,#1915,#1916,#1917,#1918));
#352=EDGE_LOOP('',(#1919,#1920,#1921,#1922,#1923,#1924));
#353=EDGE_LOOP('',(#1925,#1926,#1927,#1928,#1929));
#354=EDGE_LOOP('',(#1930,#1931,#1932,#1933,#1934));
#355=EDGE_LOOP('',(#1935,#1936,#1937,#1938,#1939,#1940));
#356=EDGE_LOOP('',(#1941,#1942,#1943,#1944));
#357=EDGE_LOOP('',(#1945,#1946,#1947,#1948,#1949));
#358=EDGE_LOOP('',(#1950,#1951,#1952,#1953,#1954,#1955));
#359=EDGE_LOOP('',(#1956,#1957,#1958,#1959,#1960,#1961));
#360=EDGE_LOOP('',(#1962,#1963,#1964,#1965,#1966,#1967));
#361=EDGE_LOOP('',(#1968,#1969,#1970,#1971,#1972,#1973));
#362=EDGE_LOOP('',(#1974,#1975,#1976,#1977));
#363=EDGE_LOOP('',(#1978,#1979,#1980,#1981,#1982,#1983));
#364=EDGE_LOOP('',(#1984,#1985,#1986,#1987));
#365=EDGE_LOOP('',(#1988,#1989,#1990,#1991,#1992,#1993));
#366=EDGE_LOOP('',(#1994,#1995,#1996,#1997,#1998));
#367=EDGE_LOOP('',(#1999,#2000,#2001,#2002,#2003,#2004));
#368=EDGE_LOOP('',(#2005,#2006,#2007,#2008,#2009,#2010));
#369=EDGE_LOOP('',(#2011,#2012,#2013,#2014,#2015,#2016));
#370=EDGE_LOOP('',(#2017,#2018,#2019,#2020,#2021));
#371=EDGE_LOOP('',(#2022,#2023,#2024,#2025,#2026));
#372=EDGE_LOOP('',(#2027,#2028,#2029,#2030,#2031));
#373=EDGE_LOOP('',(#2032,#2033,#2034,#2035));
#374=EDGE_LOOP('',(#2036,#2037,#2038,#2039,#2040,#2041));
#375=EDGE_LOOP('',(#2042,#2043,#2044,#2045,#2046,#2047,#2048,#2049,#2050,
#2051,#2052,#2053));
#376=EDGE_LOOP('',(#2054,#2055,#2056,#2057,#2058,#2059));
#377=EDGE_LOOP('',(#2060,#2061,#2062,#2063,#2064));
#378=EDGE_LOOP('',(#2065,#2066,#2067,#2068,#2069,#2070,#2071,#2072));
#379=EDGE_LOOP('',(#2073));
#380=EDGE_LOOP('',(#2074,#2075,#2076,#2077));
#381=EDGE_LOOP('',(#2078,#2079,#2080,#2081));
#382=EDGE_LOOP('',(#2082,#2083,#2084,#2085));
#383=EDGE_LOOP('',(#2086,#2087,#2088,#2089,#2090,#2091));
#384=EDGE_LOOP('',(#2092,#2093,#2094,#2095));
#385=EDGE_LOOP('',(#2096,#2097,#2098,#2099));
#386=EDGE_LOOP('',(#2100,#2101,#2102,#2103));
#387=EDGE_LOOP('',(#2104,#2105,#2106,#2107));
#388=EDGE_LOOP('',(#2108,#2109,#2110,#2111));
#389=EDGE_LOOP('',(#2112,#2113,#2114,#2115));
#390=EDGE_LOOP('',(#2116,#2117,#2118,#2119));
#391=EDGE_LOOP('',(#2120,#2121,#2122,#2123));
#392=EDGE_LOOP('',(#2124,#2125,#2126,#2127));
#393=EDGE_LOOP('',(#2128,#2129,#2130,#2131));
#394=EDGE_LOOP('',(#2132,#2133,#2134,#2135));
#395=EDGE_LOOP('',(#2136,#2137,#2138,#2139));
#396=EDGE_LOOP('',(#2140,#2141,#2142,#2143,#2144,#2145,#2146));
#397=EDGE_LOOP('',(#2147,#2148,#2149,#2150,#2151));
#398=EDGE_LOOP('',(#2152,#2153,#2154,#2155));
#399=EDGE_LOOP('',(#2156,#2157,#2158,#2159));
#400=EDGE_LOOP('',(#2160,#2161,#2162,#2163));
#401=EDGE_LOOP('',(#2164,#2165,#2166,#2167));
#402=EDGE_LOOP('',(#2168,#2169,#2170,#2171));
#403=EDGE_LOOP('',(#2172,#2173,#2174,#2175,#2176,#2177,#2178,#2179));
#404=EDGE_LOOP('',(#2180));
#405=EDGE_LOOP('',(#2181,#2182,#2183,#2184,#2185,#2186));
#406=LINE('',#3101,#703);
#407=LINE('',#3106,#704);
#408=LINE('',#3108,#705);
#409=LINE('',#3110,#706);
#410=LINE('',#3112,#707);
#411=LINE('',#3114,#708);
#412=LINE('',#3115,#709);
#413=LINE('',#3118,#710);
#414=LINE('',#3123,#711);
#415=LINE('',#3125,#712);
#416=LINE('',#3127,#713);
#417=LINE('',#3128,#714);
#418=LINE('',#3132,#715);
#419=LINE('',#3138,#716);
#420=LINE('',#3139,#717);
#421=LINE('',#3140,#718);
#422=LINE('',#3146,#719);
#423=LINE('',#3149,#720);
#424=LINE('',#3152,#721);
#425=LINE('',#3153,#722);
#426=LINE('',#3157,#723);
#427=LINE('',#3159,#724);
#428=LINE('',#3161,#725);
#429=LINE('',#3163,#726);
#430=LINE('',#3165,#727);
#431=LINE('',#3166,#728);
#432=LINE('',#3169,#729);
#433=LINE('',#3171,#730);
#434=LINE('',#3172,#731);
#435=LINE('',#3176,#732);
#436=LINE('',#3181,#733);
#437=LINE('',#3182,#734);
#438=LINE('',#3183,#735);
#439=LINE('',#3187,#736);
#440=LINE('',#3191,#737);
#441=LINE('',#3193,#738);
#442=LINE('',#3195,#739);
#443=LINE('',#3197,#740);
#444=LINE('',#3199,#741);
#445=LINE('',#3204,#742);
#446=LINE('',#3209,#743);
#447=LINE('',#3211,#744);
#448=LINE('',#3213,#745);
#449=LINE('',#3214,#746);
#450=LINE('',#3220,#747);
#451=LINE('',#3227,#748);
#452=LINE('',#3233,#749);
#453=LINE('',#3240,#750);
#454=LINE('',#3244,#751);
#455=LINE('',#3247,#752);
#456=LINE('',#3250,#753);
#457=LINE('',#3253,#754);
#458=LINE('',#3256,#755);
#459=LINE('',#3258,#756);
#460=LINE('',#3259,#757);
#461=LINE('',#3263,#758);
#462=LINE('',#3265,#759);
#463=LINE('',#3267,#760);
#464=LINE('',#3268,#761);
#465=LINE('',#3271,#762);
#466=LINE('',#3273,#763);
#467=LINE('',#3274,#764);
#468=LINE('',#3278,#765);
#469=LINE('',#3280,#766);
#470=LINE('',#3282,#767);
#471=LINE('',#3283,#768);
#472=LINE('',#3286,#769);
#473=LINE('',#3288,#770);
#474=LINE('',#3289,#771);
#475=LINE('',#3292,#772);
#476=LINE('',#3294,#773);
#477=LINE('',#3295,#774);
#478=LINE('',#3298,#775);
#479=LINE('',#3300,#776);
#480=LINE('',#3301,#777);
#481=LINE('',#3304,#778);
#482=LINE('',#3306,#779);
#483=LINE('',#3307,#780);
#484=LINE('',#3310,#781);
#485=LINE('',#3312,#782);
#486=LINE('',#3313,#783);
#487=LINE('',#3316,#784);
#488=LINE('',#3318,#785);
#489=LINE('',#3319,#786);
#490=LINE('',#3322,#787);
#491=LINE('',#3324,#788);
#492=LINE('',#3325,#789);
#493=LINE('',#3328,#790);
#494=LINE('',#3330,#791);
#495=LINE('',#3331,#792);
#496=LINE('',#3335,#793);
#497=LINE('',#3337,#794);
#498=LINE('',#3339,#795);
#499=LINE('',#3340,#796);
#500=LINE('',#3344,#797);
#501=LINE('',#3346,#798);
#502=LINE('',#3348,#799);
#503=LINE('',#3349,#800);
#504=LINE('',#3352,#801);
#505=LINE('',#3354,#802);
#506=LINE('',#3355,#803);
#507=LINE('',#3358,#804);
#508=LINE('',#3360,#805);
#509=LINE('',#3361,#806);
#510=LINE('',#3363,#807);
#511=LINE('',#3364,#808);
#512=LINE('',#3366,#809);
#513=LINE('',#3367,#810);
#514=LINE('',#3370,#811);
#515=LINE('',#3372,#812);
#516=LINE('',#3373,#813);
#517=LINE('',#3375,#814);
#518=LINE('',#3376,#815);
#519=LINE('',#3379,#816);
#520=LINE('',#3381,#817);
#521=LINE('',#3383,#818);
#522=LINE('',#3384,#819);
#523=LINE('',#3387,#820);
#524=LINE('',#3389,#821);
#525=LINE('',#3391,#822);
#526=LINE('',#3392,#823);
#527=LINE('',#3395,#824);
#528=LINE('',#3396,#825);
#529=LINE('',#3399,#826);
#530=LINE('',#3400,#827);
#531=LINE('',#3403,#828);
#532=LINE('',#3405,#829);
#533=LINE('',#3407,#830);
#534=LINE('',#3408,#831);
#535=LINE('',#3410,#832);
#536=LINE('',#3412,#833);
#537=LINE('',#3414,#834);
#538=LINE('',#3416,#835);
#539=LINE('',#3418,#836);
#540=LINE('',#3420,#837);
#541=LINE('',#3422,#838);
#542=LINE('',#3424,#839);
#543=LINE('',#3426,#840);
#544=LINE('',#3428,#841);
#545=LINE('',#3430,#842);
#546=LINE('',#3431,#843);
#547=LINE('',#3434,#844);
#548=LINE('',#3436,#845);
#549=LINE('',#3437,#846);
#550=LINE('',#3440,#847);
#551=LINE('',#3441,#848);
#552=LINE('',#3444,#849);
#553=LINE('',#3446,#850);
#554=LINE('',#3447,#851);
#555=LINE('',#3450,#852);
#556=LINE('',#3452,#853);
#557=LINE('',#3454,#854);
#558=LINE('',#3455,#855);
#559=LINE('',#3458,#856);
#560=LINE('',#3460,#857);
#561=LINE('',#3461,#858);
#562=LINE('',#3463,#859);
#563=LINE('',#3464,#860);
#564=LINE('',#3467,#861);
#565=LINE('',#3468,#862);
#566=LINE('',#3471,#863);
#567=LINE('',#3472,#864);
#568=LINE('',#3473,#865);
#569=LINE('',#3476,#866);
#570=LINE('',#3477,#867);
#571=LINE('',#3479,#868);
#572=LINE('',#3482,#869);
#573=LINE('',#3483,#870);
#574=LINE('',#3486,#871);
#575=LINE('',#3488,#872);
#576=LINE('',#3489,#873);
#577=LINE('',#3491,#874);
#578=LINE('',#3494,#875);
#579=LINE('',#3496,#876);
#580=LINE('',#3498,#877);
#581=LINE('',#3499,#878);
#582=LINE('',#3502,#879);
#583=LINE('',#3504,#880);
#584=LINE('',#3506,#881);
#585=LINE('',#3508,#882);
#586=LINE('',#3509,#883);
#587=LINE('',#3512,#884);
#588=LINE('',#3514,#885);
#589=LINE('',#3515,#886);
#590=LINE('',#3517,#887);
#591=LINE('',#3519,#888);
#592=LINE('',#3520,#889);
#593=LINE('',#3523,#890);
#594=LINE('',#3524,#891);
#595=LINE('',#3526,#892);
#596=LINE('',#3531,#893);
#597=LINE('',#3533,#894);
#598=LINE('',#3535,#895);
#599=LINE('',#3536,#896);
#600=LINE('',#3539,#897);
#601=LINE('',#3540,#898);
#602=LINE('',#3542,#899);
#603=LINE('',#3543,#900);
#604=LINE('',#3546,#901);
#605=LINE('',#3548,#902);
#606=LINE('',#3550,#903);
#607=LINE('',#3551,#904);
#608=LINE('',#3554,#905);
#609=LINE('',#3555,#906);
#610=LINE('',#3556,#907);
#611=LINE('',#3559,#908);
#612=LINE('',#3561,#909);
#613=LINE('',#3562,#910);
#614=LINE('',#3564,#911);
#615=LINE('',#3566,#912);
#616=LINE('',#3570,#913);
#617=LINE('',#3572,#914);
#618=LINE('',#3574,#915);
#619=LINE('',#3575,#916);
#620=LINE('',#3578,#917);
#621=LINE('',#3580,#918);
#622=LINE('',#3582,#919);
#623=LINE('',#3583,#920);
#624=LINE('',#3586,#921);
#625=LINE('',#3587,#922);
#626=LINE('',#3589,#923);
#627=LINE('',#3590,#924);
#628=LINE('',#3593,#925);
#629=LINE('',#3594,#926);
#630=LINE('',#3596,#927);
#631=LINE('',#3597,#928);
#632=LINE('',#3600,#929);
#633=LINE('',#3602,#930);
#634=LINE('',#3604,#931);
#635=LINE('',#3605,#932);
#636=LINE('',#3608,#933);
#637=LINE('',#3610,#934);
#638=LINE('',#3611,#935);
#639=LINE('',#3613,#936);
#640=LINE('',#3616,#937);
#641=LINE('',#3618,#938);
#642=LINE('',#3619,#939);
#643=LINE('',#3622,#940);
#644=LINE('',#3623,#941);
#645=LINE('',#3626,#942);
#646=LINE('',#3627,#943);
#647=LINE('',#3628,#944);
#648=LINE('',#3631,#945);
#649=LINE('',#3632,#946);
#650=LINE('',#3635,#947);
#651=LINE('',#3636,#948);
#652=LINE('',#3639,#949);
#653=LINE('',#3640,#950);
#654=LINE('',#3642,#951);
#655=LINE('',#3644,#952);
#656=LINE('',#3645,#953);
#657=LINE('',#3647,#954);
#658=LINE('',#3649,#955);
#659=LINE('',#3652,#956);
#660=LINE('',#3654,#957);
#661=LINE('',#3656,#958);
#662=LINE('',#3657,#959);
#663=LINE('',#3662,#960);
#664=LINE('',#3666,#961);
#665=LINE('',#3667,#962);
#666=LINE('',#3670,#963);
#667=LINE('',#3672,#964);
#668=LINE('',#3674,#965);
#669=LINE('',#3675,#966);
#670=LINE('',#3678,#967);
#671=LINE('',#3679,#968);
#672=LINE('',#3681,#969);
#673=LINE('',#3684,#970);
#674=LINE('',#3685,#971);
#675=LINE('',#3688,#972);
#676=LINE('',#3690,#973);
#677=LINE('',#3692,#974);
#678=LINE('',#3693,#975);
#679=LINE('',#3696,#976);
#680=LINE('',#3698,#977);
#681=LINE('',#3699,#978);
#682=LINE('',#3702,#979);
#683=LINE('',#3704,#980);
#684=LINE('',#3705,#981);
#685=LINE('',#3707,#982);
#686=LINE('',#3709,#983);
#687=LINE('',#3710,#984);
#688=LINE('',#3713,#985);
#689=LINE('',#3714,#986);
#690=LINE('',#3716,#987);
#691=LINE('',#3718,#988);
#692=LINE('',#3719,#989);
#693=LINE('',#3721,#990);
#694=LINE('',#3723,#991);
#695=LINE('',#3725,#992);
#696=LINE('',#3728,#993);
#697=LINE('',#3730,#994);
#698=LINE('',#3734,#995);
#699=LINE('',#3735,#996);
#700=LINE('',#3738,#997);
#701=LINE('',#3739,#998);
#702=LINE('',#3741,#999);
#703=VECTOR('',#2497,1.85);
#704=VECTOR('',#2502,10.);
#705=VECTOR('',#2503,10.);
#706=VECTOR('',#2504,10.);
#707=VECTOR('',#2505,10.);
#708=VECTOR('',#2506,10.);
#709=VECTOR('',#2507,10.);
#710=VECTOR('',#2510,1.6);
#711=VECTOR('',#2515,10.);
#712=VECTOR('',#2516,10.);
#713=VECTOR('',#2517,10.);
#714=VECTOR('',#2518,10.);
#715=VECTOR('',#2521,10.);
#716=VECTOR('',#2528,10.);
#717=VECTOR('',#2529,10.);
#718=VECTOR('',#2530,10.);
#719=VECTOR('',#2539,10.);
#720=VECTOR('',#2542,10.);
#721=VECTOR('',#2545,10.);
#722=VECTOR('',#2546,10.);
#723=VECTOR('',#2549,10.);
#724=VECTOR('',#2550,10.);
#725=VECTOR('',#2551,10.);
#726=VECTOR('',#2552,10.);
#727=VECTOR('',#2553,10.);
#728=VECTOR('',#2554,10.);
#729=VECTOR('',#2557,10.);
#730=VECTOR('',#2558,10.);
#731=VECTOR('',#2559,10.);
#732=VECTOR('',#2562,10.);
#733=VECTOR('',#2569,10.);
#734=VECTOR('',#2570,10.);
#735=VECTOR('',#2571,10.);
#736=VECTOR('',#2578,10.);
#737=VECTOR('',#2581,10.);
#738=VECTOR('',#2582,10.);
#739=VECTOR('',#2583,10.);
#740=VECTOR('',#2584,10.);
#741=VECTOR('',#2585,10.);
#742=VECTOR('',#2590,10.);
#743=VECTOR('',#2595,10.);
#744=VECTOR('',#2596,10.);
#745=VECTOR('',#2597,10.);
#746=VECTOR('',#2598,10.);
#747=VECTOR('',#2605,1.85);
#748=VECTOR('',#2614,1.6);
#749=VECTOR('',#2621,1.85);
#750=VECTOR('',#2630,1.6);
#751=VECTOR('',#2635,3.25);
#752=VECTOR('',#2640,3.);
#753=VECTOR('',#2643,3.25);
#754=VECTOR('',#2648,3.);
#755=VECTOR('',#2651,10.);
#756=VECTOR('',#2652,10.);
#757=VECTOR('',#2653,10.);
#758=VECTOR('',#2656,10.);
#759=VECTOR('',#2657,10.);
#760=VECTOR('',#2658,10.);
#761=VECTOR('',#2659,10.);
#762=VECTOR('',#2662,10.);
#763=VECTOR('',#2663,10.);
#764=VECTOR('',#2664,10.);
#765=VECTOR('',#2667,10.);
#766=VECTOR('',#2668,10.);
#767=VECTOR('',#2669,10.);
#768=VECTOR('',#2670,10.);
#769=VECTOR('',#2673,10.);
#770=VECTOR('',#2674,10.);
#771=VECTOR('',#2675,10.);
#772=VECTOR('',#2678,10.);
#773=VECTOR('',#2679,10.);
#774=VECTOR('',#2680,10.);
#775=VECTOR('',#2683,10.);
#776=VECTOR('',#2684,10.);
#777=VECTOR('',#2685,10.);
#778=VECTOR('',#2688,10.);
#779=VECTOR('',#2689,10.);
#780=VECTOR('',#2690,10.);
#781=VECTOR('',#2693,10.);
#782=VECTOR('',#2694,10.);
#783=VECTOR('',#2695,10.);
#784=VECTOR('',#2698,10.);
#785=VECTOR('',#2699,10.);
#786=VECTOR('',#2700,10.);
#787=VECTOR('',#2703,10.);
#788=VECTOR('',#2704,10.);
#789=VECTOR('',#2705,10.);
#790=VECTOR('',#2708,10.);
#791=VECTOR('',#2709,10.);
#792=VECTOR('',#2710,10.);
#793=VECTOR('',#2713,10.);
#794=VECTOR('',#2714,10.);
#795=VECTOR('',#2715,10.);
#796=VECTOR('',#2716,10.);
#797=VECTOR('',#2719,10.);
#798=VECTOR('',#2720,10.);
#799=VECTOR('',#2721,10.);
#800=VECTOR('',#2722,10.);
#801=VECTOR('',#2725,10.);
#802=VECTOR('',#2726,10.);
#803=VECTOR('',#2727,10.);
#804=VECTOR('',#2730,10.);
#805=VECTOR('',#2731,10.);
#806=VECTOR('',#2732,10.);
#807=VECTOR('',#2735,10.);
#808=VECTOR('',#2736,10.);
#809=VECTOR('',#2739,10.);
#810=VECTOR('',#2740,10.);
#811=VECTOR('',#2743,10.);
#812=VECTOR('',#2744,10.);
#813=VECTOR('',#2745,10.);
#814=VECTOR('',#2748,10.);
#815=VECTOR('',#2749,10.);
#816=VECTOR('',#2752,10.);
#817=VECTOR('',#2753,10.);
#818=VECTOR('',#2754,10.);
#819=VECTOR('',#2755,10.);
#820=VECTOR('',#2758,10.);
#821=VECTOR('',#2759,10.);
#822=VECTOR('',#2760,10.);
#823=VECTOR('',#2761,10.);
#824=VECTOR('',#2764,10.);
#825=VECTOR('',#2765,10.);
#826=VECTOR('',#2768,10.);
#827=VECTOR('',#2769,10.);
#828=VECTOR('',#2772,10.);
#829=VECTOR('',#2773,10.);
#830=VECTOR('',#2774,10.);
#831=VECTOR('',#2775,10.);
#832=VECTOR('',#2776,10.);
#833=VECTOR('',#2777,10.);
#834=VECTOR('',#2778,10.);
#835=VECTOR('',#2779,10.);
#836=VECTOR('',#2780,10.);
#837=VECTOR('',#2781,10.);
#838=VECTOR('',#2782,10.);
#839=VECTOR('',#2783,10.);
#840=VECTOR('',#2784,10.);
#841=VECTOR('',#2785,10.);
#842=VECTOR('',#2786,10.);
#843=VECTOR('',#2787,10.);
#844=VECTOR('',#2790,10.);
#845=VECTOR('',#2791,10.);
#846=VECTOR('',#2792,10.);
#847=VECTOR('',#2795,10.);
#848=VECTOR('',#2796,10.);
#849=VECTOR('',#2799,10.);
#850=VECTOR('',#2800,10.);
#851=VECTOR('',#2801,10.);
#852=VECTOR('',#2804,10.);
#853=VECTOR('',#2805,10.);
#854=VECTOR('',#2806,10.);
#855=VECTOR('',#2807,10.);
#856=VECTOR('',#2810,10.);
#857=VECTOR('',#2811,10.);
#858=VECTOR('',#2812,10.);
#859=VECTOR('',#2815,10.);
#860=VECTOR('',#2816,10.);
#861=VECTOR('',#2819,10.);
#862=VECTOR('',#2820,10.);
#863=VECTOR('',#2823,10.);
#864=VECTOR('',#2824,10.);
#865=VECTOR('',#2825,10.);
#866=VECTOR('',#2828,10.);
#867=VECTOR('',#2829,10.);
#868=VECTOR('',#2832,10.);
#869=VECTOR('',#2837,10.);
#870=VECTOR('',#2838,10.);
#871=VECTOR('',#2841,10.);
#872=VECTOR('',#2842,10.);
#873=VECTOR('',#2843,10.);
#874=VECTOR('',#2846,10.);
#875=VECTOR('',#2849,10.);
#876=VECTOR('',#2850,10.);
#877=VECTOR('',#2851,10.);
#878=VECTOR('',#2852,10.);
#879=VECTOR('',#2855,10.);
#880=VECTOR('',#2856,10.);
#881=VECTOR('',#2857,10.);
#882=VECTOR('',#2858,10.);
#883=VECTOR('',#2859,10.);
#884=VECTOR('',#2862,10.);
#885=VECTOR('',#2863,10.);
#886=VECTOR('',#2864,10.);
#887=VECTOR('',#2867,10.);
#888=VECTOR('',#2868,10.);
#889=VECTOR('',#2869,10.);
#890=VECTOR('',#2872,10.);
#891=VECTOR('',#2873,10.);
#892=VECTOR('',#2876,10.);
#893=VECTOR('',#2881,10.);
#894=VECTOR('',#2882,10.);
#895=VECTOR('',#2883,10.);
#896=VECTOR('',#2884,10.);
#897=VECTOR('',#2887,10.);
#898=VECTOR('',#2888,10.);
#899=VECTOR('',#2889,10.);
#900=VECTOR('',#2890,10.);
#901=VECTOR('',#2893,10.);
#902=VECTOR('',#2894,10.);
#903=VECTOR('',#2895,10.);
#904=VECTOR('',#2896,10.);
#905=VECTOR('',#2899,10.);
#906=VECTOR('',#2900,10.);
#907=VECTOR('',#2901,10.);
#908=VECTOR('',#2904,10.);
#909=VECTOR('',#2905,10.);
#910=VECTOR('',#2906,10.);
#911=VECTOR('',#2909,10.);
#912=VECTOR('',#2912,10.);
#913=VECTOR('',#2915,10.);
#914=VECTOR('',#2916,10.);
#915=VECTOR('',#2917,10.);
#916=VECTOR('',#2918,10.);
#917=VECTOR('',#2921,10.);
#918=VECTOR('',#2922,10.);
#919=VECTOR('',#2923,10.);
#920=VECTOR('',#2924,10.);
#921=VECTOR('',#2927,10.);
#922=VECTOR('',#2928,10.);
#923=VECTOR('',#2929,10.);
#924=VECTOR('',#2930,10.);
#925=VECTOR('',#2933,10.);
#926=VECTOR('',#2934,10.);
#927=VECTOR('',#2935,10.);
#928=VECTOR('',#2936,10.);
#929=VECTOR('',#2939,10.);
#930=VECTOR('',#2940,10.);
#931=VECTOR('',#2941,10.);
#932=VECTOR('',#2942,10.);
#933=VECTOR('',#2945,10.);
#934=VECTOR('',#2946,10.);
#935=VECTOR('',#2947,10.);
#936=VECTOR('',#2950,10.);
#937=VECTOR('',#2953,10.);
#938=VECTOR('',#2954,10.);
#939=VECTOR('',#2955,10.);
#940=VECTOR('',#2958,10.);
#941=VECTOR('',#2959,10.);
#942=VECTOR('',#2962,10.);
#943=VECTOR('',#2963,10.);
#944=VECTOR('',#2964,10.);
#945=VECTOR('',#2967,10.);
#946=VECTOR('',#2968,10.);
#947=VECTOR('',#2971,10.);
#948=VECTOR('',#2972,10.);
#949=VECTOR('',#2975,10.);
#950=VECTOR('',#2976,10.);
#951=VECTOR('',#2979,10.);
#952=VECTOR('',#2980,10.);
#953=VECTOR('',#2981,10.);
#954=VECTOR('',#2984,10.);
#955=VECTOR('',#2987,10.);
#956=VECTOR('',#2992,10.);
#957=VECTOR('',#2995,10.);
#958=VECTOR('',#2998,10.);
#959=VECTOR('',#2999,10.);
#960=VECTOR('',#3008,10.);
#961=VECTOR('',#3013,10.);
#962=VECTOR('',#3014,10.);
#963=VECTOR('',#3017,10.);
#964=VECTOR('',#3018,10.);
#965=VECTOR('',#3019,10.);
#966=VECTOR('',#3020,10.);
#967=VECTOR('',#3023,10.);
#968=VECTOR('',#3024,10.);
#969=VECTOR('',#3027,10.);
#970=VECTOR('',#3030,10.);
#971=VECTOR('',#3031,10.);
#972=VECTOR('',#3034,10.);
#973=VECTOR('',#3035,10.);
#974=VECTOR('',#3036,10.);
#975=VECTOR('',#3037,10.);
#976=VECTOR('',#3040,10.);
#977=VECTOR('',#3041,10.);
#978=VECTOR('',#3042,10.);
#979=VECTOR('',#3045,10.);
#980=VECTOR('',#3046,10.);
#981=VECTOR('',#3047,10.);
#982=VECTOR('',#3050,10.);
#983=VECTOR('',#3051,10.);
#984=VECTOR('',#3052,10.);
#985=VECTOR('',#3055,10.);
#986=VECTOR('',#3056,10.);
#987=VECTOR('',#3059,10.);
#988=VECTOR('',#3062,10.);
#989=VECTOR('',#3063,10.);
#990=VECTOR('',#3066,10.);
#991=VECTOR('',#3069,10.);
#992=VECTOR('',#3072,10.);
#993=VECTOR('',#3077,10.);
#994=VECTOR('',#3080,10.);
#995=VECTOR('',#3085,10.);
#996=VECTOR('',#3086,10.);
#997=VECTOR('',#3089,10.);
#998=VECTOR('',#3090,10.);
#999=VECTOR('',#3093,10.);
#1000=CIRCLE('',#2339,1.6);
#1001=CIRCLE('',#2340,2.1);
#1002=CIRCLE('',#2343,1.6);
#1003=CIRCLE('',#2346,7.);
#1004=CIRCLE('',#2347,6.);
#1005=CIRCLE('',#2350,7.);
#1006=CIRCLE('',#2351,6.);
#1007=CIRCLE('',#2353,6.);
#1008=CIRCLE('',#2358,7.);
#1009=CIRCLE('',#2359,6.);
#1010=CIRCLE('',#2362,7.);
#1011=CIRCLE('',#2365,3.5);
#1012=CIRCLE('',#2366,3.5);
#1013=CIRCLE('',#2367,3.5);
#1014=CIRCLE('',#2368,3.5);
#1015=CIRCLE('',#2371,1.6);
#1016=CIRCLE('',#2372,2.1);
#1017=CIRCLE('',#2374,3.);
#1018=CIRCLE('',#2376,1.6);
#1019=CIRCLE('',#2378,1.6);
#1020=CIRCLE('',#2379,2.1);
#1021=CIRCLE('',#2381,3.);
#1022=CIRCLE('',#2383,1.6);
#1023=CIRCLE('',#2385,3.);
#1024=CIRCLE('',#2388,3.);
#1025=VERTEX_POINT('',#3098);
#1026=VERTEX_POINT('',#3100);
#1027=VERTEX_POINT('',#3104);
#1028=VERTEX_POINT('',#3105);
#1029=VERTEX_POINT('',#3107);
#1030=VERTEX_POINT('',#3109);
#1031=VERTEX_POINT('',#3111);
#1032=VERTEX_POINT('',#3113);
#1033=VERTEX_POINT('',#3117);
#1034=VERTEX_POINT('',#3121);
#1035=VERTEX_POINT('',#3122);
#1036=VERTEX_POINT('',#3124);
#1037=VERTEX_POINT('',#3126);
#1038=VERTEX_POINT('',#3130);
#1039=VERTEX_POINT('',#3131);
#1040=VERTEX_POINT('',#3136);
#1041=VERTEX_POINT('',#3137);
#1042=VERTEX_POINT('',#3145);
#1043=VERTEX_POINT('',#3147);
#1044=VERTEX_POINT('',#3151);
#1045=VERTEX_POINT('',#3155);
#1046=VERTEX_POINT('',#3156);
#1047=VERTEX_POINT('',#3158);
#1048=VERTEX_POINT('',#3160);
#1049=VERTEX_POINT('',#3162);
#1050=VERTEX_POINT('',#3164);
#1051=VERTEX_POINT('',#3168);
#1052=VERTEX_POINT('',#3170);
#1053=VERTEX_POINT('',#3174);
#1054=VERTEX_POINT('',#3175);
#1055=VERTEX_POINT('',#3180);
#1056=VERTEX_POINT('',#3189);
#1057=VERTEX_POINT('',#3190);
#1058=VERTEX_POINT('',#3192);
#1059=VERTEX_POINT('',#3194);
#1060=VERTEX_POINT('',#3196);
#1061=VERTEX_POINT('',#3198);
#1062=VERTEX_POINT('',#3200);
#1063=VERTEX_POINT('',#3203);
#1064=VERTEX_POINT('',#3205);
#1065=VERTEX_POINT('',#3208);
#1066=VERTEX_POINT('',#3210);
#1067=VERTEX_POINT('',#3212);
#1068=VERTEX_POINT('',#3217);
#1069=VERTEX_POINT('',#3219);
#1070=VERTEX_POINT('',#3223);
#1071=VERTEX_POINT('',#3226);
#1072=VERTEX_POINT('',#3230);
#1073=VERTEX_POINT('',#3232);
#1074=VERTEX_POINT('',#3236);
#1075=VERTEX_POINT('',#3239);
#1076=VERTEX_POINT('',#3243);
#1077=VERTEX_POINT('',#3249);
#1078=VERTEX_POINT('',#3255);
#1079=VERTEX_POINT('',#3257);
#1080=VERTEX_POINT('',#3261);
#1081=VERTEX_POINT('',#3262);
#1082=VERTEX_POINT('',#3264);
#1083=VERTEX_POINT('',#3266);
#1084=VERTEX_POINT('',#3270);
#1085=VERTEX_POINT('',#3272);
#1086=VERTEX_POINT('',#3276);
#1087=VERTEX_POINT('',#3277);
#1088=VERTEX_POINT('',#3279);
#1089=VERTEX_POINT('',#3281);
#1090=VERTEX_POINT('',#3285);
#1091=VERTEX_POINT('',#3287);
#1092=VERTEX_POINT('',#3291);
#1093=VERTEX_POINT('',#3293);
#1094=VERTEX_POINT('',#3297);
#1095=VERTEX_POINT('',#3299);
#1096=VERTEX_POINT('',#3303);
#1097=VERTEX_POINT('',#3305);
#1098=VERTEX_POINT('',#3309);
#1099=VERTEX_POINT('',#3311);
#1100=VERTEX_POINT('',#3315);
#1101=VERTEX_POINT('',#3317);
#1102=VERTEX_POINT('',#3321);
#1103=VERTEX_POINT('',#3323);
#1104=VERTEX_POINT('',#3327);
#1105=VERTEX_POINT('',#3329);
#1106=VERTEX_POINT('',#3333);
#1107=VERTEX_POINT('',#3334);
#1108=VERTEX_POINT('',#3336);
#1109=VERTEX_POINT('',#3338);
#1110=VERTEX_POINT('',#3342);
#1111=VERTEX_POINT('',#3343);
#1112=VERTEX_POINT('',#3345);
#1113=VERTEX_POINT('',#3347);
#1114=VERTEX_POINT('',#3351);
#1115=VERTEX_POINT('',#3353);
#1116=VERTEX_POINT('',#3357);
#1117=VERTEX_POINT('',#3359);
#1118=VERTEX_POINT('',#3369);
#1119=VERTEX_POINT('',#3371);
#1120=VERTEX_POINT('',#3378);
#1121=VERTEX_POINT('',#3380);
#1122=VERTEX_POINT('',#3382);
#1123=VERTEX_POINT('',#3386);
#1124=VERTEX_POINT('',#3388);
#1125=VERTEX_POINT('',#3390);
#1126=VERTEX_POINT('',#3394);
#1127=VERTEX_POINT('',#3398);
#1128=VERTEX_POINT('',#3402);
#1129=VERTEX_POINT('',#3404);
#1130=VERTEX_POINT('',#3406);
#1131=VERTEX_POINT('',#3409);
#1132=VERTEX_POINT('',#3411);
#1133=VERTEX_POINT('',#3413);
#1134=VERTEX_POINT('',#3415);
#1135=VERTEX_POINT('',#3417);
#1136=VERTEX_POINT('',#3419);
#1137=VERTEX_POINT('',#3421);
#1138=VERTEX_POINT('',#3423);
#1139=VERTEX_POINT('',#3425);
#1140=VERTEX_POINT('',#3427);
#1141=VERTEX_POINT('',#3429);
#1142=VERTEX_POINT('',#3433);
#1143=VERTEX_POINT('',#3435);
#1144=VERTEX_POINT('',#3439);
#1145=VERTEX_POINT('',#3443);
#1146=VERTEX_POINT('',#3445);
#1147=VERTEX_POINT('',#3449);
#1148=VERTEX_POINT('',#3451);
#1149=VERTEX_POINT('',#3453);
#1150=VERTEX_POINT('',#3457);
#1151=VERTEX_POINT('',#3459);
#1152=VERTEX_POINT('',#3466);
#1153=VERTEX_POINT('',#3470);
#1154=VERTEX_POINT('',#3475);
#1155=VERTEX_POINT('',#3485);
#1156=VERTEX_POINT('',#3487);
#1157=VERTEX_POINT('',#3493);
#1158=VERTEX_POINT('',#3495);
#1159=VERTEX_POINT('',#3497);
#1160=VERTEX_POINT('',#3501);
#1161=VERTEX_POINT('',#3503);
#1162=VERTEX_POINT('',#3505);
#1163=VERTEX_POINT('',#3507);
#1164=VERTEX_POINT('',#3511);
#1165=VERTEX_POINT('',#3513);
#1166=VERTEX_POINT('',#3518);
#1167=VERTEX_POINT('',#3522);
#1168=VERTEX_POINT('',#3529);
#1169=VERTEX_POINT('',#3530);
#1170=VERTEX_POINT('',#3532);
#1171=VERTEX_POINT('',#3534);
#1172=VERTEX_POINT('',#3538);
#1173=VERTEX_POINT('',#3541);
#1174=VERTEX_POINT('',#3545);
#1175=VERTEX_POINT('',#3547);
#1176=VERTEX_POINT('',#3549);
#1177=VERTEX_POINT('',#3553);
#1178=VERTEX_POINT('',#3558);
#1179=VERTEX_POINT('',#3560);
#1180=VERTEX_POINT('',#3568);
#1181=VERTEX_POINT('',#3569);
#1182=VERTEX_POINT('',#3571);
#1183=VERTEX_POINT('',#3573);
#1184=VERTEX_POINT('',#3577);
#1185=VERTEX_POINT('',#3579);
#1186=VERTEX_POINT('',#3581);
#1187=VERTEX_POINT('',#3585);
#1188=VERTEX_POINT('',#3588);
#1189=VERTEX_POINT('',#3592);
#1190=VERTEX_POINT('',#3595);
#1191=VERTEX_POINT('',#3599);
#1192=VERTEX_POINT('',#3601);
#1193=VERTEX_POINT('',#3603);
#1194=VERTEX_POINT('',#3607);
#1195=VERTEX_POINT('',#3609);
#1196=VERTEX_POINT('',#3615);
#1197=VERTEX_POINT('',#3617);
#1198=VERTEX_POINT('',#3621);
#1199=VERTEX_POINT('',#3625);
#1200=VERTEX_POINT('',#3630);
#1201=VERTEX_POINT('',#3634);
#1202=VERTEX_POINT('',#3638);
#1203=VERTEX_POINT('',#3643);
#1204=VERTEX_POINT('',#3665);
#1205=VERTEX_POINT('',#3669);
#1206=VERTEX_POINT('',#3671);
#1207=VERTEX_POINT('',#3673);
#1208=VERTEX_POINT('',#3677);
#1209=VERTEX_POINT('',#3683);
#1210=VERTEX_POINT('',#3687);
#1211=VERTEX_POINT('',#3689);
#1212=VERTEX_POINT('',#3691);
#1213=VERTEX_POINT('',#3695);
#1214=VERTEX_POINT('',#3697);
#1215=VERTEX_POINT('',#3701);
#1216=VERTEX_POINT('',#3703);
#1217=VERTEX_POINT('',#3708);
#1218=VERTEX_POINT('',#3712);
#1219=VERTEX_POINT('',#3733);
#1220=VERTEX_POINT('',#3737);
#1221=EDGE_CURVE('',#1025,#1025,#1000,.T.);
#1222=EDGE_CURVE('',#1025,#1026,#406,.T.);
#1223=EDGE_CURVE('',#1026,#1026,#1001,.T.);
#1224=EDGE_CURVE('',#1027,#1028,#407,.T.);
#1225=EDGE_CURVE('',#1029,#1027,#408,.T.);
#1226=EDGE_CURVE('',#1030,#1029,#409,.T.);
#1227=EDGE_CURVE('',#1031,#1030,#410,.T.);
#1228=EDGE_CURVE('',#1032,#1031,#411,.T.);
#1229=EDGE_CURVE('',#1028,#1032,#412,.T.);
#1230=EDGE_CURVE('',#1025,#1033,#413,.T.);
#1231=EDGE_CURVE('',#1033,#1033,#1002,.T.);
#1232=EDGE_CURVE('',#1034,#1035,#414,.T.);
#1233=EDGE_CURVE('',#1035,#1036,#415,.T.);
#1234=EDGE_CURVE('',#1036,#1037,#416,.T.);
#1235=EDGE_CURVE('',#1037,#1034,#417,.T.);
#1236=EDGE_CURVE('',#1038,#1039,#418,.T.);
#1237=EDGE_CURVE('',#1039,#1035,#1003,.T.);
#1238=EDGE_CURVE('',#1034,#1038,#1004,.T.);
#1239=EDGE_CURVE('',#1040,#1041,#419,.T.);
#1240=EDGE_CURVE('',#1041,#1039,#420,.T.);
#1241=EDGE_CURVE('',#1038,#1040,#421,.T.);
#1242=EDGE_CURVE('',#1036,#1041,#1005,.T.);
#1243=EDGE_CURVE('',#1040,#1037,#1006,.T.);
#1244=EDGE_CURVE('',#1034,#1042,#422,.T.);
#1245=EDGE_CURVE('',#1043,#1042,#1007,.T.);
#1246=EDGE_CURVE('',#1038,#1043,#423,.T.);
#1247=EDGE_CURVE('',#1037,#1044,#424,.T.);
#1248=EDGE_CURVE('',#1042,#1044,#425,.T.);
#1249=EDGE_CURVE('',#1045,#1046,#426,.T.);
#1250=EDGE_CURVE('',#1045,#1047,#427,.T.);
#1251=EDGE_CURVE('',#1048,#1047,#428,.T.);
#1252=EDGE_CURVE('',#1049,#1048,#429,.T.);
#1253=EDGE_CURVE('',#1050,#1049,#430,.T.);
#1254=EDGE_CURVE('',#1046,#1050,#431,.F.);
#1255=EDGE_CURVE('',#1044,#1051,#432,.T.);
#1256=EDGE_CURVE('',#1051,#1052,#433,.T.);
#1257=EDGE_CURVE('',#1052,#1042,#434,.T.);
#1258=EDGE_CURVE('',#1053,#1054,#435,.T.);
#1259=EDGE_CURVE('',#1054,#1051,#1008,.T.);
#1260=EDGE_CURVE('',#1044,#1053,#1009,.T.);
#1261=EDGE_CURVE('',#1043,#1055,#436,.T.);
#1262=EDGE_CURVE('',#1055,#1054,#437,.T.);
#1263=EDGE_CURVE('',#1053,#1043,#438,.T.);
#1264=EDGE_CURVE('',#1052,#1055,#1010,.T.);
#1265=EDGE_CURVE('',#1040,#1053,#439,.T.);
#1266=EDGE_CURVE('',#1056,#1057,#440,.T.);
#1267=EDGE_CURVE('',#1058,#1056,#441,.T.);
#1268=EDGE_CURVE('',#1059,#1058,#442,.T.);
#1269=EDGE_CURVE('',#1060,#1059,#443,.T.);
#1270=EDGE_CURVE('',#1061,#1060,#444,.T.);
#1271=EDGE_CURVE('',#1062,#1061,#1011,.T.);
#1272=EDGE_CURVE('',#1061,#1062,#1012,.T.);
#1273=EDGE_CURVE('',#1063,#1061,#445,.T.);
#1274=EDGE_CURVE('',#1064,#1063,#1013,.T.);
#1275=EDGE_CURVE('',#1063,#1064,#1014,.T.);
#1276=EDGE_CURVE('',#1065,#1063,#446,.T.);
#1277=EDGE_CURVE('',#1066,#1065,#447,.T.);
#1278=EDGE_CURVE('',#1067,#1066,#448,.T.);
#1279=EDGE_CURVE('',#1057,#1067,#449,.T.);
#1280=EDGE_CURVE('',#1068,#1068,#1015,.T.);
#1281=EDGE_CURVE('',#1068,#1069,#450,.T.);
#1282=EDGE_CURVE('',#1069,#1069,#1016,.T.);
#1283=EDGE_CURVE('',#1070,#1070,#1017,.T.);
#1284=EDGE_CURVE('',#1068,#1071,#451,.T.);
#1285=EDGE_CURVE('',#1071,#1071,#1018,.T.);
#1286=EDGE_CURVE('',#1072,#1072,#1019,.T.);
#1287=EDGE_CURVE('',#1072,#1073,#452,.T.);
#1288=EDGE_CURVE('',#1073,#1073,#1020,.T.);
#1289=EDGE_CURVE('',#1074,#1074,#1021,.T.);
#1290=EDGE_CURVE('',#1072,#1075,#453,.T.);
#1291=EDGE_CURVE('',#1075,#1075,#1022,.T.);
#1292=EDGE_CURVE('',#1062,#1076,#454,.T.);
#1293=EDGE_CURVE('',#1076,#1076,#1023,.T.);
#1294=EDGE_CURVE('',#1076,#1074,#455,.T.);
#1295=EDGE_CURVE('',#1064,#1077,#456,.T.);
#1296=EDGE_CURVE('',#1077,#1077,#1024,.T.);
#1297=EDGE_CURVE('',#1077,#1070,#457,.T.);
#1298=EDGE_CURVE('',#1078,#1046,#458,.T.);
#1299=EDGE_CURVE('',#1078,#1079,#459,.T.);
#1300=EDGE_CURVE('',#1079,#1045,#460,.F.);
#1301=EDGE_CURVE('',#1080,#1081,#461,.T.);
#1302=EDGE_CURVE('',#1082,#1081,#462,.T.);
#1303=EDGE_CURVE('',#1082,#1083,#463,.T.);
#1304=EDGE_CURVE('',#1083,#1080,#464,.T.);
#1305=EDGE_CURVE('',#1083,#1084,#465,.T.);
#1306=EDGE_CURVE('',#1084,#1085,#466,.T.);
#1307=EDGE_CURVE('',#1085,#1080,#467,.T.);
#1308=EDGE_CURVE('',#1086,#1087,#468,.T.);
#1309=EDGE_CURVE('',#1087,#1088,#469,.T.);
#1310=EDGE_CURVE('',#1088,#1089,#470,.T.);
#1311=EDGE_CURVE('',#1089,#1086,#471,.T.);
#1312=EDGE_CURVE('',#1087,#1090,#472,.T.);
#1313=EDGE_CURVE('',#1090,#1091,#473,.T.);
#1314=EDGE_CURVE('',#1091,#1088,#474,.T.);
#1315=EDGE_CURVE('',#1090,#1092,#475,.T.);
#1316=EDGE_CURVE('',#1092,#1093,#476,.T.);
#1317=EDGE_CURVE('',#1093,#1091,#477,.T.);
#1318=EDGE_CURVE('',#1092,#1094,#478,.T.);
#1319=EDGE_CURVE('',#1094,#1095,#479,.T.);
#1320=EDGE_CURVE('',#1095,#1093,#480,.T.);
#1321=EDGE_CURVE('',#1094,#1096,#481,.T.);
#1322=EDGE_CURVE('',#1096,#1097,#482,.T.);
#1323=EDGE_CURVE('',#1097,#1095,#483,.T.);
#1324=EDGE_CURVE('',#1096,#1098,#484,.T.);
#1325=EDGE_CURVE('',#1098,#1099,#485,.T.);
#1326=EDGE_CURVE('',#1099,#1097,#486,.T.);
#1327=EDGE_CURVE('',#1098,#1100,#487,.T.);
#1328=EDGE_CURVE('',#1100,#1101,#488,.T.);
#1329=EDGE_CURVE('',#1101,#1099,#489,.T.);
#1330=EDGE_CURVE('',#1100,#1102,#490,.T.);
#1331=EDGE_CURVE('',#1102,#1103,#491,.T.);
#1332=EDGE_CURVE('',#1103,#1101,#492,.T.);
#1333=EDGE_CURVE('',#1102,#1104,#493,.T.);
#1334=EDGE_CURVE('',#1104,#1105,#494,.T.);
#1335=EDGE_CURVE('',#1105,#1103,#495,.T.);
#1336=EDGE_CURVE('',#1106,#1107,#496,.T.);
#1337=EDGE_CURVE('',#1107,#1108,#497,.F.);
#1338=EDGE_CURVE('',#1108,#1109,#498,.T.);
#1339=EDGE_CURVE('',#1109,#1106,#499,.T.);
#1340=EDGE_CURVE('',#1110,#1111,#500,.T.);
#1341=EDGE_CURVE('',#1111,#1112,#501,.T.);
#1342=EDGE_CURVE('',#1112,#1113,#502,.T.);
#1343=EDGE_CURVE('',#1113,#1110,#503,.T.);
#1344=EDGE_CURVE('',#1109,#1114,#504,.T.);
#1345=EDGE_CURVE('',#1114,#1115,#505,.T.);
#1346=EDGE_CURVE('',#1115,#1106,#506,.T.);
#1347=EDGE_CURVE('',#1114,#1116,#507,.T.);
#1348=EDGE_CURVE('',#1116,#1117,#508,.T.);
#1349=EDGE_CURVE('',#1117,#1115,#509,.T.);
#1350=EDGE_CURVE('',#1111,#1117,#510,.T.);
#1351=EDGE_CURVE('',#1116,#1112,#511,.T.);
#1352=EDGE_CURVE('',#1104,#1110,#512,.T.);
#1353=EDGE_CURVE('',#1113,#1105,#513,.T.);
#1354=EDGE_CURVE('',#1118,#1086,#514,.T.);
#1355=EDGE_CURVE('',#1089,#1119,#515,.T.);
#1356=EDGE_CURVE('',#1119,#1118,#516,.T.);
#1357=EDGE_CURVE('',#1084,#1118,#517,.T.);
#1358=EDGE_CURVE('',#1119,#1085,#518,.T.);
#1359=EDGE_CURVE('',#1091,#1120,#519,.T.);
#1360=EDGE_CURVE('',#1120,#1121,#520,.T.);
#1361=EDGE_CURVE('',#1121,#1122,#521,.T.);
#1362=EDGE_CURVE('',#1122,#1088,#522,.T.);
#1363=EDGE_CURVE('',#1123,#1099,#523,.T.);
#1364=EDGE_CURVE('',#1124,#1123,#524,.T.);
#1365=EDGE_CURVE('',#1125,#1124,#525,.T.);
#1366=EDGE_CURVE('',#1125,#1097,#526,.T.);
#1367=EDGE_CURVE('',#1101,#1126,#527,.T.);
#1368=EDGE_CURVE('',#1123,#1126,#528,.T.);
#1369=EDGE_CURVE('',#1103,#1127,#529,.T.);
#1370=EDGE_CURVE('',#1126,#1127,#530,.T.);
#1371=EDGE_CURVE('',#1128,#1125,#531,.F.);
#1372=EDGE_CURVE('',#1128,#1129,#532,.T.);
#1373=EDGE_CURVE('',#1129,#1130,#533,.T.);
#1374=EDGE_CURVE('',#1127,#1130,#534,.F.);
#1375=EDGE_CURVE('',#1131,#1112,#535,.T.);
#1376=EDGE_CURVE('',#1132,#1131,#536,.T.);
#1377=EDGE_CURVE('',#1133,#1132,#537,.F.);
#1378=EDGE_CURVE('',#1134,#1133,#538,.T.);
#1379=EDGE_CURVE('',#1135,#1134,#539,.F.);
#1380=EDGE_CURVE('',#1136,#1135,#540,.T.);
#1381=EDGE_CURVE('',#1137,#1136,#541,.T.);
#1382=EDGE_CURVE('',#1138,#1137,#542,.T.);
#1383=EDGE_CURVE('',#1139,#1138,#543,.F.);
#1384=EDGE_CURVE('',#1140,#1139,#544,.T.);
#1385=EDGE_CURVE('',#1141,#1140,#545,.F.);
#1386=EDGE_CURVE('',#1120,#1141,#546,.T.);
#1387=EDGE_CURVE('',#1116,#1142,#547,.T.);
#1388=EDGE_CURVE('',#1142,#1143,#548,.T.);
#1389=EDGE_CURVE('',#1143,#1131,#549,.T.);
#1390=EDGE_CURVE('',#1108,#1144,#550,.T.);
#1391=EDGE_CURVE('',#1142,#1144,#551,.T.);
#1392=EDGE_CURVE('',#1115,#1145,#552,.T.);
#1393=EDGE_CURVE('',#1146,#1145,#553,.T.);
#1394=EDGE_CURVE('',#1146,#1106,#554,.T.);
#1395=EDGE_CURVE('',#1147,#1110,#555,.T.);
#1396=EDGE_CURVE('',#1148,#1147,#556,.T.);
#1397=EDGE_CURVE('',#1149,#1148,#557,.T.);
#1398=EDGE_CURVE('',#1145,#1149,#558,.T.);
#1399=EDGE_CURVE('',#1057,#1150,#559,.T.);
#1400=EDGE_CURVE('',#1150,#1151,#560,.T.);
#1401=EDGE_CURVE('',#1151,#1056,#561,.T.);
#1402=EDGE_CURVE('',#1149,#1067,#562,.T.);
#1403=EDGE_CURVE('',#1066,#1145,#563,.T.);
#1404=EDGE_CURVE('',#1151,#1152,#564,.T.);
#1405=EDGE_CURVE('',#1152,#1058,#565,.T.);
#1406=EDGE_CURVE('',#1060,#1153,#566,.T.);
#1407=EDGE_CURVE('',#1153,#1146,#567,.T.);
#1408=EDGE_CURVE('',#1146,#1065,#568,.T.);
#1409=EDGE_CURVE('',#1154,#1153,#569,.T.);
#1410=EDGE_CURVE('',#1059,#1154,#570,.T.);
#1411=EDGE_CURVE('',#1152,#1154,#571,.T.);
#1412=EDGE_CURVE('',#1152,#1118,#572,.T.);
#1413=EDGE_CURVE('',#1151,#1086,#573,.T.);
#1414=EDGE_CURVE('',#1155,#1150,#574,.T.);
#1415=EDGE_CURVE('',#1156,#1155,#575,.T.);
#1416=EDGE_CURVE('',#1092,#1156,#576,.T.);
#1417=EDGE_CURVE('',#1148,#1155,#577,.T.);
#1418=EDGE_CURVE('',#1157,#1144,#578,.T.);
#1419=EDGE_CURVE('',#1107,#1158,#579,.T.);
#1420=EDGE_CURVE('',#1158,#1159,#580,.T.);
#1421=EDGE_CURVE('',#1159,#1157,#581,.T.);
#1422=EDGE_CURVE('',#1160,#1133,#582,.T.);
#1423=EDGE_CURVE('',#1132,#1161,#583,.T.);
#1424=EDGE_CURVE('',#1161,#1162,#584,.T.);
#1425=EDGE_CURVE('',#1162,#1163,#585,.T.);
#1426=EDGE_CURVE('',#1163,#1160,#586,.T.);
#1427=EDGE_CURVE('',#1164,#1163,#587,.T.);
#1428=EDGE_CURVE('',#1162,#1165,#588,.T.);
#1429=EDGE_CURVE('',#1165,#1164,#589,.T.);
#1430=EDGE_CURVE('',#1159,#1164,#590,.T.);
#1431=EDGE_CURVE('',#1165,#1166,#591,.T.);
#1432=EDGE_CURVE('',#1166,#1157,#592,.T.);
#1433=EDGE_CURVE('',#1166,#1167,#593,.T.);
#1434=EDGE_CURVE('',#1143,#1167,#594,.T.);
#1435=EDGE_CURVE('',#1167,#1161,#595,.T.);
#1436=EDGE_CURVE('',#1168,#1169,#596,.T.);
#1437=EDGE_CURVE('',#1169,#1170,#597,.T.);
#1438=EDGE_CURVE('',#1170,#1171,#598,.T.);
#1439=EDGE_CURVE('',#1171,#1168,#599,.T.);
#1440=EDGE_CURVE('',#1134,#1172,#600,.T.);
#1441=EDGE_CURVE('',#1172,#1170,#601,.T.);
#1442=EDGE_CURVE('',#1169,#1173,#602,.T.);
#1443=EDGE_CURVE('',#1173,#1135,#603,.T.);
#1444=EDGE_CURVE('',#1174,#1168,#604,.T.);
#1445=EDGE_CURVE('',#1171,#1175,#605,.T.);
#1446=EDGE_CURVE('',#1175,#1176,#606,.T.);
#1447=EDGE_CURVE('',#1176,#1174,#607,.T.);
#1448=EDGE_CURVE('',#1175,#1177,#608,.T.);
#1449=EDGE_CURVE('',#1177,#1078,#609,.T.);
#1450=EDGE_CURVE('',#1050,#1176,#610,.T.);
#1451=EDGE_CURVE('',#1173,#1178,#611,.T.);
#1452=EDGE_CURVE('',#1178,#1179,#612,.T.);
#1453=EDGE_CURVE('',#1136,#1179,#613,.T.);
#1454=EDGE_CURVE('',#1178,#1174,#614,.T.);
#1455=EDGE_CURVE('',#1179,#1049,#615,.T.);
#1456=EDGE_CURVE('',#1180,#1181,#616,.T.);
#1457=EDGE_CURVE('',#1181,#1182,#617,.T.);
#1458=EDGE_CURVE('',#1182,#1183,#618,.T.);
#1459=EDGE_CURVE('',#1183,#1180,#619,.T.);
#1460=EDGE_CURVE('',#1183,#1184,#620,.T.);
#1461=EDGE_CURVE('',#1184,#1185,#621,.T.);
#1462=EDGE_CURVE('',#1185,#1186,#622,.T.);
#1463=EDGE_CURVE('',#1186,#1180,#623,.T.);
#1464=EDGE_CURVE('',#1184,#1187,#624,.T.);
#1465=EDGE_CURVE('',#1187,#1082,#625,.T.);
#1466=EDGE_CURVE('',#1081,#1188,#626,.F.);
#1467=EDGE_CURVE('',#1188,#1185,#627,.T.);
#1468=EDGE_CURVE('',#1140,#1189,#628,.T.);
#1469=EDGE_CURVE('',#1189,#1182,#629,.T.);
#1470=EDGE_CURVE('',#1181,#1190,#630,.T.);
#1471=EDGE_CURVE('',#1190,#1141,#631,.T.);
#1472=EDGE_CURVE('',#1183,#1191,#632,.T.);
#1473=EDGE_CURVE('',#1192,#1191,#633,.T.);
#1474=EDGE_CURVE('',#1193,#1192,#634,.T.);
#1475=EDGE_CURVE('',#1187,#1193,#635,.T.);
#1476=EDGE_CURVE('',#1194,#1189,#636,.T.);
#1477=EDGE_CURVE('',#1195,#1194,#637,.T.);
#1478=EDGE_CURVE('',#1191,#1195,#638,.T.);
#1479=EDGE_CURVE('',#1194,#1139,#639,.T.);
#1480=EDGE_CURVE('',#1138,#1196,#640,.T.);
#1481=EDGE_CURVE('',#1196,#1197,#641,.T.);
#1482=EDGE_CURVE('',#1197,#1195,#642,.T.);
#1483=EDGE_CURVE('',#1197,#1198,#643,.T.);
#1484=EDGE_CURVE('',#1198,#1191,#644,.T.);
#1485=EDGE_CURVE('',#1199,#1047,#645,.T.);
#1486=EDGE_CURVE('',#1079,#1193,#646,.T.);
#1487=EDGE_CURVE('',#1192,#1199,#647,.T.);
#1488=EDGE_CURVE('',#1198,#1200,#648,.T.);
#1489=EDGE_CURVE('',#1200,#1199,#649,.T.);
#1490=EDGE_CURVE('',#1048,#1201,#650,.T.);
#1491=EDGE_CURVE('',#1201,#1137,#651,.T.);
#1492=EDGE_CURVE('',#1200,#1202,#652,.T.);
#1493=EDGE_CURVE('',#1201,#1202,#653,.T.);
#1494=EDGE_CURVE('',#1188,#1122,#654,.T.);
#1495=EDGE_CURVE('',#1203,#1121,#655,.T.);
#1496=EDGE_CURVE('',#1203,#1186,#656,.T.);
#1497=EDGE_CURVE('',#1190,#1203,#657,.T.);
#1498=EDGE_CURVE('',#1202,#1196,#658,.T.);
#1499=EDGE_CURVE('',#1160,#1172,#659,.T.);
#1500=EDGE_CURVE('',#1171,#1164,#660,.T.);
#1501=EDGE_CURVE('',#1177,#1158,#661,.T.);
#1502=EDGE_CURVE('',#1083,#1153,#662,.T.);
#1503=EDGE_CURVE('',#1154,#1084,#663,.T.);
#1504=EDGE_CURVE('',#1130,#1204,#664,.T.);
#1505=EDGE_CURVE('',#1204,#1126,#665,.T.);
#1506=EDGE_CURVE('',#1204,#1205,#666,.T.);
#1507=EDGE_CURVE('',#1206,#1205,#667,.T.);
#1508=EDGE_CURVE('',#1206,#1207,#668,.T.);
#1509=EDGE_CURVE('',#1207,#1123,#669,.T.);
#1510=EDGE_CURVE('',#1207,#1208,#670,.T.);
#1511=EDGE_CURVE('',#1208,#1124,#671,.T.);
#1512=EDGE_CURVE('',#1208,#1128,#672,.T.);
#1513=EDGE_CURVE('',#1209,#1206,#673,.T.);
#1514=EDGE_CURVE('',#1209,#1208,#674,.F.);
#1515=EDGE_CURVE('',#1205,#1210,#675,.T.);
#1516=EDGE_CURVE('',#1210,#1211,#676,.T.);
#1517=EDGE_CURVE('',#1211,#1212,#677,.T.);
#1518=EDGE_CURVE('',#1212,#1205,#678,.T.);
#1519=EDGE_CURVE('',#1210,#1213,#679,.T.);
#1520=EDGE_CURVE('',#1213,#1214,#680,.T.);
#1521=EDGE_CURVE('',#1214,#1211,#681,.T.);
#1522=EDGE_CURVE('',#1213,#1215,#682,.T.);
#1523=EDGE_CURVE('',#1215,#1216,#683,.T.);
#1524=EDGE_CURVE('',#1216,#1214,#684,.T.);
#1525=EDGE_CURVE('',#1215,#1209,#685,.T.);
#1526=EDGE_CURVE('',#1209,#1217,#686,.T.);
#1527=EDGE_CURVE('',#1217,#1216,#687,.T.);
#1528=EDGE_CURVE('',#1218,#1217,#688,.T.);
#1529=EDGE_CURVE('',#1206,#1218,#689,.T.);
#1530=EDGE_CURVE('',#1212,#1218,#690,.T.);
#1531=EDGE_CURVE('',#1218,#1028,#691,.T.);
#1532=EDGE_CURVE('',#1217,#1032,#692,.T.);
#1533=EDGE_CURVE('',#1212,#1027,#693,.T.);
#1534=EDGE_CURVE('',#1211,#1029,#694,.T.);
#1535=EDGE_CURVE('',#1210,#1129,#695,.F.);
#1536=EDGE_CURVE('',#1214,#1030,#696,.T.);
#1537=EDGE_CURVE('',#1216,#1031,#697,.T.);
#1538=EDGE_CURVE('',#1156,#1219,#698,.T.);
#1539=EDGE_CURVE('',#1219,#1094,#699,.T.);
#1540=EDGE_CURVE('',#1104,#1220,#700,.T.);
#1541=EDGE_CURVE('',#1220,#1147,#701,.T.);
#1542=EDGE_CURVE('',#1220,#1219,#702,.T.);
#1543=ORIENTED_EDGE('',*,*,#1221,.T.);
#1544=ORIENTED_EDGE('',*,*,#1222,.T.);
#1545=ORIENTED_EDGE('',*,*,#1223,.T.);
#1546=ORIENTED_EDGE('',*,*,#1222,.F.);
#1547=ORIENTED_EDGE('',*,*,#1224,.F.);
#1548=ORIENTED_EDGE('',*,*,#1225,.F.);
#1549=ORIENTED_EDGE('',*,*,#1226,.F.);
#1550=ORIENTED_EDGE('',*,*,#1227,.F.);
#1551=ORIENTED_EDGE('',*,*,#1228,.F.);
#1552=ORIENTED_EDGE('',*,*,#1229,.F.);
#1553=ORIENTED_EDGE('',*,*,#1223,.F.);
#1554=ORIENTED_EDGE('',*,*,#1221,.F.);
#1555=ORIENTED_EDGE('',*,*,#1230,.T.);
#1556=ORIENTED_EDGE('',*,*,#1231,.F.);
#1557=ORIENTED_EDGE('',*,*,#1230,.F.);
#1558=ORIENTED_EDGE('',*,*,#1232,.T.);
#1559=ORIENTED_EDGE('',*,*,#1233,.T.);
#1560=ORIENTED_EDGE('',*,*,#1234,.T.);
#1561=ORIENTED_EDGE('',*,*,#1235,.T.);
#1562=ORIENTED_EDGE('',*,*,#1236,.T.);
#1563=ORIENTED_EDGE('',*,*,#1237,.T.);
#1564=ORIENTED_EDGE('',*,*,#1232,.F.);
#1565=ORIENTED_EDGE('',*,*,#1238,.T.);
#1566=ORIENTED_EDGE('',*,*,#1239,.T.);
#1567=ORIENTED_EDGE('',*,*,#1240,.T.);
#1568=ORIENTED_EDGE('',*,*,#1236,.F.);
#1569=ORIENTED_EDGE('',*,*,#1241,.T.);
#1570=ORIENTED_EDGE('',*,*,#1234,.F.);
#1571=ORIENTED_EDGE('',*,*,#1242,.T.);
#1572=ORIENTED_EDGE('',*,*,#1239,.F.);
#1573=ORIENTED_EDGE('',*,*,#1243,.T.);
#1574=ORIENTED_EDGE('',*,*,#1238,.F.);
#1575=ORIENTED_EDGE('',*,*,#1244,.T.);
#1576=ORIENTED_EDGE('',*,*,#1245,.F.);
#1577=ORIENTED_EDGE('',*,*,#1246,.F.);
#1578=ORIENTED_EDGE('',*,*,#1235,.F.);
#1579=ORIENTED_EDGE('',*,*,#1247,.T.);
#1580=ORIENTED_EDGE('',*,*,#1248,.F.);
#1581=ORIENTED_EDGE('',*,*,#1244,.F.);
#1582=ORIENTED_EDGE('',*,*,#1249,.F.);
#1583=ORIENTED_EDGE('',*,*,#1250,.T.);
#1584=ORIENTED_EDGE('',*,*,#1251,.F.);
#1585=ORIENTED_EDGE('',*,*,#1252,.F.);
#1586=ORIENTED_EDGE('',*,*,#1253,.F.);
#1587=ORIENTED_EDGE('',*,*,#1254,.F.);
#1588=ORIENTED_EDGE('',*,*,#1233,.F.);
#1589=ORIENTED_EDGE('',*,*,#1237,.F.);
#1590=ORIENTED_EDGE('',*,*,#1240,.F.);
#1591=ORIENTED_EDGE('',*,*,#1242,.F.);
#1592=ORIENTED_EDGE('',*,*,#1255,.T.);
#1593=ORIENTED_EDGE('',*,*,#1256,.T.);
#1594=ORIENTED_EDGE('',*,*,#1257,.T.);
#1595=ORIENTED_EDGE('',*,*,#1248,.T.);
#1596=ORIENTED_EDGE('',*,*,#1258,.T.);
#1597=ORIENTED_EDGE('',*,*,#1259,.T.);
#1598=ORIENTED_EDGE('',*,*,#1255,.F.);
#1599=ORIENTED_EDGE('',*,*,#1260,.T.);
#1600=ORIENTED_EDGE('',*,*,#1261,.T.);
#1601=ORIENTED_EDGE('',*,*,#1262,.T.);
#1602=ORIENTED_EDGE('',*,*,#1258,.F.);
#1603=ORIENTED_EDGE('',*,*,#1263,.T.);
#1604=ORIENTED_EDGE('',*,*,#1257,.F.);
#1605=ORIENTED_EDGE('',*,*,#1264,.T.);
#1606=ORIENTED_EDGE('',*,*,#1261,.F.);
#1607=ORIENTED_EDGE('',*,*,#1245,.T.);
#1608=ORIENTED_EDGE('',*,*,#1243,.F.);
#1609=ORIENTED_EDGE('',*,*,#1265,.T.);
#1610=ORIENTED_EDGE('',*,*,#1260,.F.);
#1611=ORIENTED_EDGE('',*,*,#1247,.F.);
#1612=ORIENTED_EDGE('',*,*,#1266,.F.);
#1613=ORIENTED_EDGE('',*,*,#1267,.F.);
#1614=ORIENTED_EDGE('',*,*,#1268,.F.);
#1615=ORIENTED_EDGE('',*,*,#1269,.F.);
#1616=ORIENTED_EDGE('',*,*,#1270,.F.);
#1617=ORIENTED_EDGE('',*,*,#1271,.F.);
#1618=ORIENTED_EDGE('',*,*,#1272,.F.);
#1619=ORIENTED_EDGE('',*,*,#1273,.F.);
#1620=ORIENTED_EDGE('',*,*,#1274,.F.);
#1621=ORIENTED_EDGE('',*,*,#1275,.F.);
#1622=ORIENTED_EDGE('',*,*,#1276,.F.);
#1623=ORIENTED_EDGE('',*,*,#1277,.F.);
#1624=ORIENTED_EDGE('',*,*,#1278,.F.);
#1625=ORIENTED_EDGE('',*,*,#1279,.F.);
#1626=ORIENTED_EDGE('',*,*,#1256,.F.);
#1627=ORIENTED_EDGE('',*,*,#1259,.F.);
#1628=ORIENTED_EDGE('',*,*,#1262,.F.);
#1629=ORIENTED_EDGE('',*,*,#1264,.F.);
#1630=ORIENTED_EDGE('',*,*,#1241,.F.);
#1631=ORIENTED_EDGE('',*,*,#1246,.T.);
#1632=ORIENTED_EDGE('',*,*,#1263,.F.);
#1633=ORIENTED_EDGE('',*,*,#1265,.F.);
#1634=ORIENTED_EDGE('',*,*,#1280,.T.);
#1635=ORIENTED_EDGE('',*,*,#1281,.T.);
#1636=ORIENTED_EDGE('',*,*,#1282,.T.);
#1637=ORIENTED_EDGE('',*,*,#1281,.F.);
#1638=ORIENTED_EDGE('',*,*,#1283,.F.);
#1639=ORIENTED_EDGE('',*,*,#1282,.F.);
#1640=ORIENTED_EDGE('',*,*,#1280,.F.);
#1641=ORIENTED_EDGE('',*,*,#1284,.T.);
#1642=ORIENTED_EDGE('',*,*,#1285,.F.);
#1643=ORIENTED_EDGE('',*,*,#1284,.F.);
#1644=ORIENTED_EDGE('',*,*,#1286,.T.);
#1645=ORIENTED_EDGE('',*,*,#1287,.T.);
#1646=ORIENTED_EDGE('',*,*,#1288,.T.);
#1647=ORIENTED_EDGE('',*,*,#1287,.F.);
#1648=ORIENTED_EDGE('',*,*,#1289,.F.);
#1649=ORIENTED_EDGE('',*,*,#1288,.F.);
#1650=ORIENTED_EDGE('',*,*,#1286,.F.);
#1651=ORIENTED_EDGE('',*,*,#1290,.T.);
#1652=ORIENTED_EDGE('',*,*,#1291,.F.);
#1653=ORIENTED_EDGE('',*,*,#1290,.F.);
#1654=ORIENTED_EDGE('',*,*,#1272,.T.);
#1655=ORIENTED_EDGE('',*,*,#1292,.T.);
#1656=ORIENTED_EDGE('',*,*,#1293,.T.);
#1657=ORIENTED_EDGE('',*,*,#1292,.F.);
#1658=ORIENTED_EDGE('',*,*,#1271,.T.);
#1659=ORIENTED_EDGE('',*,*,#1293,.F.);
#1660=ORIENTED_EDGE('',*,*,#1294,.T.);
#1661=ORIENTED_EDGE('',*,*,#1289,.T.);
#1662=ORIENTED_EDGE('',*,*,#1294,.F.);
#1663=ORIENTED_EDGE('',*,*,#1275,.T.);
#1664=ORIENTED_EDGE('',*,*,#1295,.T.);
#1665=ORIENTED_EDGE('',*,*,#1296,.T.);
#1666=ORIENTED_EDGE('',*,*,#1295,.F.);
#1667=ORIENTED_EDGE('',*,*,#1274,.T.);
#1668=ORIENTED_EDGE('',*,*,#1296,.F.);
#1669=ORIENTED_EDGE('',*,*,#1297,.T.);
#1670=ORIENTED_EDGE('',*,*,#1283,.T.);
#1671=ORIENTED_EDGE('',*,*,#1297,.F.);
#1672=ORIENTED_EDGE('',*,*,#1298,.F.);
#1673=ORIENTED_EDGE('',*,*,#1299,.T.);
#1674=ORIENTED_EDGE('',*,*,#1300,.T.);
#1675=ORIENTED_EDGE('',*,*,#1249,.T.);
#1676=ORIENTED_EDGE('',*,*,#1301,.T.);
#1677=ORIENTED_EDGE('',*,*,#1302,.F.);
#1678=ORIENTED_EDGE('',*,*,#1303,.T.);
#1679=ORIENTED_EDGE('',*,*,#1304,.T.);
#1680=ORIENTED_EDGE('',*,*,#1305,.T.);
#1681=ORIENTED_EDGE('',*,*,#1306,.T.);
#1682=ORIENTED_EDGE('',*,*,#1307,.T.);
#1683=ORIENTED_EDGE('',*,*,#1304,.F.);
#1684=ORIENTED_EDGE('',*,*,#1308,.T.);
#1685=ORIENTED_EDGE('',*,*,#1309,.T.);
#1686=ORIENTED_EDGE('',*,*,#1310,.T.);
#1687=ORIENTED_EDGE('',*,*,#1311,.T.);
#1688=ORIENTED_EDGE('',*,*,#1312,.T.);
#1689=ORIENTED_EDGE('',*,*,#1313,.T.);
#1690=ORIENTED_EDGE('',*,*,#1314,.T.);
#1691=ORIENTED_EDGE('',*,*,#1309,.F.);
#1692=ORIENTED_EDGE('',*,*,#1315,.T.);
#1693=ORIENTED_EDGE('',*,*,#1316,.T.);
#1694=ORIENTED_EDGE('',*,*,#1317,.T.);
#1695=ORIENTED_EDGE('',*,*,#1313,.F.);
#1696=ORIENTED_EDGE('',*,*,#1318,.T.);
#1697=ORIENTED_EDGE('',*,*,#1319,.T.);
#1698=ORIENTED_EDGE('',*,*,#1320,.T.);
#1699=ORIENTED_EDGE('',*,*,#1316,.F.);
#1700=ORIENTED_EDGE('',*,*,#1321,.T.);
#1701=ORIENTED_EDGE('',*,*,#1322,.T.);
#1702=ORIENTED_EDGE('',*,*,#1323,.T.);
#1703=ORIENTED_EDGE('',*,*,#1319,.F.);
#1704=ORIENTED_EDGE('',*,*,#1324,.T.);
#1705=ORIENTED_EDGE('',*,*,#1325,.T.);
#1706=ORIENTED_EDGE('',*,*,#1326,.T.);
#1707=ORIENTED_EDGE('',*,*,#1322,.F.);
#1708=ORIENTED_EDGE('',*,*,#1327,.T.);
#1709=ORIENTED_EDGE('',*,*,#1328,.T.);
#1710=ORIENTED_EDGE('',*,*,#1329,.T.);
#1711=ORIENTED_EDGE('',*,*,#1325,.F.);
#1712=ORIENTED_EDGE('',*,*,#1330,.T.);
#1713=ORIENTED_EDGE('',*,*,#1331,.T.);
#1714=ORIENTED_EDGE('',*,*,#1332,.T.);
#1715=ORIENTED_EDGE('',*,*,#1328,.F.);
#1716=ORIENTED_EDGE('',*,*,#1333,.T.);
#1717=ORIENTED_EDGE('',*,*,#1334,.T.);
#1718=ORIENTED_EDGE('',*,*,#1335,.T.);
#1719=ORIENTED_EDGE('',*,*,#1331,.F.);
#1720=ORIENTED_EDGE('',*,*,#1336,.T.);
#1721=ORIENTED_EDGE('',*,*,#1337,.T.);
#1722=ORIENTED_EDGE('',*,*,#1338,.T.);
#1723=ORIENTED_EDGE('',*,*,#1339,.T.);
#1724=ORIENTED_EDGE('',*,*,#1340,.T.);
#1725=ORIENTED_EDGE('',*,*,#1341,.T.);
#1726=ORIENTED_EDGE('',*,*,#1342,.T.);
#1727=ORIENTED_EDGE('',*,*,#1343,.T.);
#1728=ORIENTED_EDGE('',*,*,#1344,.T.);
#1729=ORIENTED_EDGE('',*,*,#1345,.T.);
#1730=ORIENTED_EDGE('',*,*,#1346,.T.);
#1731=ORIENTED_EDGE('',*,*,#1339,.F.);
#1732=ORIENTED_EDGE('',*,*,#1347,.T.);
#1733=ORIENTED_EDGE('',*,*,#1348,.T.);
#1734=ORIENTED_EDGE('',*,*,#1349,.T.);
#1735=ORIENTED_EDGE('',*,*,#1345,.F.);
#1736=ORIENTED_EDGE('',*,*,#1350,.T.);
#1737=ORIENTED_EDGE('',*,*,#1348,.F.);
#1738=ORIENTED_EDGE('',*,*,#1351,.T.);
#1739=ORIENTED_EDGE('',*,*,#1341,.F.);
#1740=ORIENTED_EDGE('',*,*,#1352,.T.);
#1741=ORIENTED_EDGE('',*,*,#1343,.F.);
#1742=ORIENTED_EDGE('',*,*,#1353,.T.);
#1743=ORIENTED_EDGE('',*,*,#1334,.F.);
#1744=ORIENTED_EDGE('',*,*,#1354,.T.);
#1745=ORIENTED_EDGE('',*,*,#1311,.F.);
#1746=ORIENTED_EDGE('',*,*,#1355,.T.);
#1747=ORIENTED_EDGE('',*,*,#1356,.T.);
#1748=ORIENTED_EDGE('',*,*,#1357,.T.);
#1749=ORIENTED_EDGE('',*,*,#1356,.F.);
#1750=ORIENTED_EDGE('',*,*,#1358,.T.);
#1751=ORIENTED_EDGE('',*,*,#1306,.F.);
#1752=ORIENTED_EDGE('',*,*,#1314,.F.);
#1753=ORIENTED_EDGE('',*,*,#1359,.T.);
#1754=ORIENTED_EDGE('',*,*,#1360,.T.);
#1755=ORIENTED_EDGE('',*,*,#1361,.T.);
#1756=ORIENTED_EDGE('',*,*,#1362,.T.);
#1757=ORIENTED_EDGE('',*,*,#1326,.F.);
#1758=ORIENTED_EDGE('',*,*,#1363,.F.);
#1759=ORIENTED_EDGE('',*,*,#1364,.F.);
#1760=ORIENTED_EDGE('',*,*,#1365,.F.);
#1761=ORIENTED_EDGE('',*,*,#1366,.T.);
#1762=ORIENTED_EDGE('',*,*,#1329,.F.);
#1763=ORIENTED_EDGE('',*,*,#1367,.T.);
#1764=ORIENTED_EDGE('',*,*,#1368,.F.);
#1765=ORIENTED_EDGE('',*,*,#1363,.T.);
#1766=ORIENTED_EDGE('',*,*,#1332,.F.);
#1767=ORIENTED_EDGE('',*,*,#1369,.T.);
#1768=ORIENTED_EDGE('',*,*,#1370,.F.);
#1769=ORIENTED_EDGE('',*,*,#1367,.F.);
#1770=ORIENTED_EDGE('',*,*,#1317,.F.);
#1771=ORIENTED_EDGE('',*,*,#1320,.F.);
#1772=ORIENTED_EDGE('',*,*,#1323,.F.);
#1773=ORIENTED_EDGE('',*,*,#1366,.F.);
#1774=ORIENTED_EDGE('',*,*,#1371,.F.);
#1775=ORIENTED_EDGE('',*,*,#1372,.T.);
#1776=ORIENTED_EDGE('',*,*,#1373,.T.);
#1777=ORIENTED_EDGE('',*,*,#1374,.F.);
#1778=ORIENTED_EDGE('',*,*,#1369,.F.);
#1779=ORIENTED_EDGE('',*,*,#1335,.F.);
#1780=ORIENTED_EDGE('',*,*,#1353,.F.);
#1781=ORIENTED_EDGE('',*,*,#1342,.F.);
#1782=ORIENTED_EDGE('',*,*,#1375,.F.);
#1783=ORIENTED_EDGE('',*,*,#1376,.F.);
#1784=ORIENTED_EDGE('',*,*,#1377,.F.);
#1785=ORIENTED_EDGE('',*,*,#1378,.F.);
#1786=ORIENTED_EDGE('',*,*,#1379,.F.);
#1787=ORIENTED_EDGE('',*,*,#1380,.F.);
#1788=ORIENTED_EDGE('',*,*,#1381,.F.);
#1789=ORIENTED_EDGE('',*,*,#1382,.F.);
#1790=ORIENTED_EDGE('',*,*,#1383,.F.);
#1791=ORIENTED_EDGE('',*,*,#1384,.F.);
#1792=ORIENTED_EDGE('',*,*,#1385,.F.);
#1793=ORIENTED_EDGE('',*,*,#1386,.F.);
#1794=ORIENTED_EDGE('',*,*,#1359,.F.);
#1795=ORIENTED_EDGE('',*,*,#1351,.F.);
#1796=ORIENTED_EDGE('',*,*,#1387,.T.);
#1797=ORIENTED_EDGE('',*,*,#1388,.T.);
#1798=ORIENTED_EDGE('',*,*,#1389,.T.);
#1799=ORIENTED_EDGE('',*,*,#1375,.T.);
#1800=ORIENTED_EDGE('',*,*,#1347,.F.);
#1801=ORIENTED_EDGE('',*,*,#1344,.F.);
#1802=ORIENTED_EDGE('',*,*,#1338,.F.);
#1803=ORIENTED_EDGE('',*,*,#1390,.T.);
#1804=ORIENTED_EDGE('',*,*,#1391,.F.);
#1805=ORIENTED_EDGE('',*,*,#1387,.F.);
#1806=ORIENTED_EDGE('',*,*,#1285,.T.);
#1807=ORIENTED_EDGE('',*,*,#1346,.F.);
#1808=ORIENTED_EDGE('',*,*,#1392,.T.);
#1809=ORIENTED_EDGE('',*,*,#1393,.F.);
#1810=ORIENTED_EDGE('',*,*,#1394,.T.);
#1811=ORIENTED_EDGE('',*,*,#1349,.F.);
#1812=ORIENTED_EDGE('',*,*,#1350,.F.);
#1813=ORIENTED_EDGE('',*,*,#1340,.F.);
#1814=ORIENTED_EDGE('',*,*,#1395,.F.);
#1815=ORIENTED_EDGE('',*,*,#1396,.F.);
#1816=ORIENTED_EDGE('',*,*,#1397,.F.);
#1817=ORIENTED_EDGE('',*,*,#1398,.F.);
#1818=ORIENTED_EDGE('',*,*,#1392,.F.);
#1819=ORIENTED_EDGE('',*,*,#1266,.T.);
#1820=ORIENTED_EDGE('',*,*,#1399,.T.);
#1821=ORIENTED_EDGE('',*,*,#1400,.T.);
#1822=ORIENTED_EDGE('',*,*,#1401,.T.);
#1823=ORIENTED_EDGE('',*,*,#1398,.T.);
#1824=ORIENTED_EDGE('',*,*,#1402,.T.);
#1825=ORIENTED_EDGE('',*,*,#1278,.T.);
#1826=ORIENTED_EDGE('',*,*,#1403,.T.);
#1827=ORIENTED_EDGE('',*,*,#1404,.T.);
#1828=ORIENTED_EDGE('',*,*,#1405,.T.);
#1829=ORIENTED_EDGE('',*,*,#1267,.T.);
#1830=ORIENTED_EDGE('',*,*,#1401,.F.);
#1831=ORIENTED_EDGE('',*,*,#1276,.T.);
#1832=ORIENTED_EDGE('',*,*,#1273,.T.);
#1833=ORIENTED_EDGE('',*,*,#1270,.T.);
#1834=ORIENTED_EDGE('',*,*,#1406,.T.);
#1835=ORIENTED_EDGE('',*,*,#1407,.T.);
#1836=ORIENTED_EDGE('',*,*,#1408,.T.);
#1837=ORIENTED_EDGE('',*,*,#1409,.T.);
#1838=ORIENTED_EDGE('',*,*,#1406,.F.);
#1839=ORIENTED_EDGE('',*,*,#1269,.T.);
#1840=ORIENTED_EDGE('',*,*,#1410,.T.);
#1841=ORIENTED_EDGE('',*,*,#1411,.T.);
#1842=ORIENTED_EDGE('',*,*,#1410,.F.);
#1843=ORIENTED_EDGE('',*,*,#1268,.T.);
#1844=ORIENTED_EDGE('',*,*,#1405,.F.);
#1845=ORIENTED_EDGE('',*,*,#1277,.T.);
#1846=ORIENTED_EDGE('',*,*,#1408,.F.);
#1847=ORIENTED_EDGE('',*,*,#1393,.T.);
#1848=ORIENTED_EDGE('',*,*,#1403,.F.);
#1849=ORIENTED_EDGE('',*,*,#1354,.F.);
#1850=ORIENTED_EDGE('',*,*,#1412,.F.);
#1851=ORIENTED_EDGE('',*,*,#1404,.F.);
#1852=ORIENTED_EDGE('',*,*,#1413,.T.);
#1853=ORIENTED_EDGE('',*,*,#1308,.F.);
#1854=ORIENTED_EDGE('',*,*,#1413,.F.);
#1855=ORIENTED_EDGE('',*,*,#1400,.F.);
#1856=ORIENTED_EDGE('',*,*,#1414,.F.);
#1857=ORIENTED_EDGE('',*,*,#1415,.F.);
#1858=ORIENTED_EDGE('',*,*,#1416,.F.);
#1859=ORIENTED_EDGE('',*,*,#1315,.F.);
#1860=ORIENTED_EDGE('',*,*,#1312,.F.);
#1861=ORIENTED_EDGE('',*,*,#1399,.F.);
#1862=ORIENTED_EDGE('',*,*,#1279,.T.);
#1863=ORIENTED_EDGE('',*,*,#1402,.F.);
#1864=ORIENTED_EDGE('',*,*,#1397,.T.);
#1865=ORIENTED_EDGE('',*,*,#1417,.T.);
#1866=ORIENTED_EDGE('',*,*,#1414,.T.);
#1867=ORIENTED_EDGE('',*,*,#1418,.T.);
#1868=ORIENTED_EDGE('',*,*,#1390,.F.);
#1869=ORIENTED_EDGE('',*,*,#1337,.F.);
#1870=ORIENTED_EDGE('',*,*,#1419,.T.);
#1871=ORIENTED_EDGE('',*,*,#1420,.T.);
#1872=ORIENTED_EDGE('',*,*,#1421,.T.);
#1873=ORIENTED_EDGE('',*,*,#1422,.T.);
#1874=ORIENTED_EDGE('',*,*,#1377,.T.);
#1875=ORIENTED_EDGE('',*,*,#1423,.T.);
#1876=ORIENTED_EDGE('',*,*,#1424,.T.);
#1877=ORIENTED_EDGE('',*,*,#1425,.T.);
#1878=ORIENTED_EDGE('',*,*,#1426,.T.);
#1879=ORIENTED_EDGE('',*,*,#1427,.T.);
#1880=ORIENTED_EDGE('',*,*,#1425,.F.);
#1881=ORIENTED_EDGE('',*,*,#1428,.T.);
#1882=ORIENTED_EDGE('',*,*,#1429,.T.);
#1883=ORIENTED_EDGE('',*,*,#1430,.T.);
#1884=ORIENTED_EDGE('',*,*,#1429,.F.);
#1885=ORIENTED_EDGE('',*,*,#1431,.T.);
#1886=ORIENTED_EDGE('',*,*,#1432,.T.);
#1887=ORIENTED_EDGE('',*,*,#1421,.F.);
#1888=ORIENTED_EDGE('',*,*,#1418,.F.);
#1889=ORIENTED_EDGE('',*,*,#1432,.F.);
#1890=ORIENTED_EDGE('',*,*,#1433,.T.);
#1891=ORIENTED_EDGE('',*,*,#1434,.F.);
#1892=ORIENTED_EDGE('',*,*,#1388,.F.);
#1893=ORIENTED_EDGE('',*,*,#1391,.T.);
#1894=ORIENTED_EDGE('',*,*,#1431,.F.);
#1895=ORIENTED_EDGE('',*,*,#1428,.F.);
#1896=ORIENTED_EDGE('',*,*,#1424,.F.);
#1897=ORIENTED_EDGE('',*,*,#1435,.F.);
#1898=ORIENTED_EDGE('',*,*,#1433,.F.);
#1899=ORIENTED_EDGE('',*,*,#1423,.F.);
#1900=ORIENTED_EDGE('',*,*,#1376,.T.);
#1901=ORIENTED_EDGE('',*,*,#1389,.F.);
#1902=ORIENTED_EDGE('',*,*,#1434,.T.);
#1903=ORIENTED_EDGE('',*,*,#1435,.T.);
#1904=ORIENTED_EDGE('',*,*,#1436,.T.);
#1905=ORIENTED_EDGE('',*,*,#1437,.T.);
#1906=ORIENTED_EDGE('',*,*,#1438,.T.);
#1907=ORIENTED_EDGE('',*,*,#1439,.T.);
#1908=ORIENTED_EDGE('',*,*,#1379,.T.);
#1909=ORIENTED_EDGE('',*,*,#1440,.T.);
#1910=ORIENTED_EDGE('',*,*,#1441,.T.);
#1911=ORIENTED_EDGE('',*,*,#1437,.F.);
#1912=ORIENTED_EDGE('',*,*,#1442,.T.);
#1913=ORIENTED_EDGE('',*,*,#1443,.T.);
#1914=ORIENTED_EDGE('',*,*,#1444,.T.);
#1915=ORIENTED_EDGE('',*,*,#1439,.F.);
#1916=ORIENTED_EDGE('',*,*,#1445,.T.);
#1917=ORIENTED_EDGE('',*,*,#1446,.T.);
#1918=ORIENTED_EDGE('',*,*,#1447,.T.);
#1919=ORIENTED_EDGE('',*,*,#1448,.T.);
#1920=ORIENTED_EDGE('',*,*,#1449,.T.);
#1921=ORIENTED_EDGE('',*,*,#1298,.T.);
#1922=ORIENTED_EDGE('',*,*,#1254,.T.);
#1923=ORIENTED_EDGE('',*,*,#1450,.T.);
#1924=ORIENTED_EDGE('',*,*,#1446,.F.);
#1925=ORIENTED_EDGE('',*,*,#1443,.F.);
#1926=ORIENTED_EDGE('',*,*,#1451,.T.);
#1927=ORIENTED_EDGE('',*,*,#1452,.T.);
#1928=ORIENTED_EDGE('',*,*,#1453,.F.);
#1929=ORIENTED_EDGE('',*,*,#1380,.T.);
#1930=ORIENTED_EDGE('',*,*,#1436,.F.);
#1931=ORIENTED_EDGE('',*,*,#1444,.F.);
#1932=ORIENTED_EDGE('',*,*,#1454,.F.);
#1933=ORIENTED_EDGE('',*,*,#1451,.F.);
#1934=ORIENTED_EDGE('',*,*,#1442,.F.);
#1935=ORIENTED_EDGE('',*,*,#1450,.F.);
#1936=ORIENTED_EDGE('',*,*,#1253,.T.);
#1937=ORIENTED_EDGE('',*,*,#1455,.F.);
#1938=ORIENTED_EDGE('',*,*,#1452,.F.);
#1939=ORIENTED_EDGE('',*,*,#1454,.T.);
#1940=ORIENTED_EDGE('',*,*,#1447,.F.);
#1941=ORIENTED_EDGE('',*,*,#1456,.T.);
#1942=ORIENTED_EDGE('',*,*,#1457,.T.);
#1943=ORIENTED_EDGE('',*,*,#1458,.T.);
#1944=ORIENTED_EDGE('',*,*,#1459,.T.);
#1945=ORIENTED_EDGE('',*,*,#1460,.T.);
#1946=ORIENTED_EDGE('',*,*,#1461,.T.);
#1947=ORIENTED_EDGE('',*,*,#1462,.T.);
#1948=ORIENTED_EDGE('',*,*,#1463,.T.);
#1949=ORIENTED_EDGE('',*,*,#1459,.F.);
#1950=ORIENTED_EDGE('',*,*,#1464,.T.);
#1951=ORIENTED_EDGE('',*,*,#1465,.T.);
#1952=ORIENTED_EDGE('',*,*,#1302,.T.);
#1953=ORIENTED_EDGE('',*,*,#1466,.T.);
#1954=ORIENTED_EDGE('',*,*,#1467,.T.);
#1955=ORIENTED_EDGE('',*,*,#1461,.F.);
#1956=ORIENTED_EDGE('',*,*,#1385,.T.);
#1957=ORIENTED_EDGE('',*,*,#1468,.T.);
#1958=ORIENTED_EDGE('',*,*,#1469,.T.);
#1959=ORIENTED_EDGE('',*,*,#1457,.F.);
#1960=ORIENTED_EDGE('',*,*,#1470,.T.);
#1961=ORIENTED_EDGE('',*,*,#1471,.T.);
#1962=ORIENTED_EDGE('',*,*,#1464,.F.);
#1963=ORIENTED_EDGE('',*,*,#1460,.F.);
#1964=ORIENTED_EDGE('',*,*,#1472,.T.);
#1965=ORIENTED_EDGE('',*,*,#1473,.F.);
#1966=ORIENTED_EDGE('',*,*,#1474,.F.);
#1967=ORIENTED_EDGE('',*,*,#1475,.F.);
#1968=ORIENTED_EDGE('',*,*,#1458,.F.);
#1969=ORIENTED_EDGE('',*,*,#1469,.F.);
#1970=ORIENTED_EDGE('',*,*,#1476,.F.);
#1971=ORIENTED_EDGE('',*,*,#1477,.F.);
#1972=ORIENTED_EDGE('',*,*,#1478,.F.);
#1973=ORIENTED_EDGE('',*,*,#1472,.F.);
#1974=ORIENTED_EDGE('',*,*,#1468,.F.);
#1975=ORIENTED_EDGE('',*,*,#1384,.T.);
#1976=ORIENTED_EDGE('',*,*,#1479,.F.);
#1977=ORIENTED_EDGE('',*,*,#1476,.T.);
#1978=ORIENTED_EDGE('',*,*,#1479,.T.);
#1979=ORIENTED_EDGE('',*,*,#1383,.T.);
#1980=ORIENTED_EDGE('',*,*,#1480,.T.);
#1981=ORIENTED_EDGE('',*,*,#1481,.T.);
#1982=ORIENTED_EDGE('',*,*,#1482,.T.);
#1983=ORIENTED_EDGE('',*,*,#1477,.T.);
#1984=ORIENTED_EDGE('',*,*,#1478,.T.);
#1985=ORIENTED_EDGE('',*,*,#1482,.F.);
#1986=ORIENTED_EDGE('',*,*,#1483,.T.);
#1987=ORIENTED_EDGE('',*,*,#1484,.T.);
#1988=ORIENTED_EDGE('',*,*,#1485,.T.);
#1989=ORIENTED_EDGE('',*,*,#1250,.F.);
#1990=ORIENTED_EDGE('',*,*,#1300,.F.);
#1991=ORIENTED_EDGE('',*,*,#1486,.T.);
#1992=ORIENTED_EDGE('',*,*,#1474,.T.);
#1993=ORIENTED_EDGE('',*,*,#1487,.T.);
#1994=ORIENTED_EDGE('',*,*,#1488,.T.);
#1995=ORIENTED_EDGE('',*,*,#1489,.T.);
#1996=ORIENTED_EDGE('',*,*,#1487,.F.);
#1997=ORIENTED_EDGE('',*,*,#1473,.T.);
#1998=ORIENTED_EDGE('',*,*,#1484,.F.);
#1999=ORIENTED_EDGE('',*,*,#1455,.T.);
#2000=ORIENTED_EDGE('',*,*,#1252,.T.);
#2001=ORIENTED_EDGE('',*,*,#1490,.T.);
#2002=ORIENTED_EDGE('',*,*,#1491,.T.);
#2003=ORIENTED_EDGE('',*,*,#1381,.T.);
#2004=ORIENTED_EDGE('',*,*,#1453,.T.);
#2005=ORIENTED_EDGE('',*,*,#1485,.F.);
#2006=ORIENTED_EDGE('',*,*,#1489,.F.);
#2007=ORIENTED_EDGE('',*,*,#1492,.T.);
#2008=ORIENTED_EDGE('',*,*,#1493,.F.);
#2009=ORIENTED_EDGE('',*,*,#1490,.F.);
#2010=ORIENTED_EDGE('',*,*,#1251,.T.);
#2011=ORIENTED_EDGE('',*,*,#1467,.F.);
#2012=ORIENTED_EDGE('',*,*,#1494,.T.);
#2013=ORIENTED_EDGE('',*,*,#1361,.F.);
#2014=ORIENTED_EDGE('',*,*,#1495,.F.);
#2015=ORIENTED_EDGE('',*,*,#1496,.T.);
#2016=ORIENTED_EDGE('',*,*,#1462,.F.);
#2017=ORIENTED_EDGE('',*,*,#1463,.F.);
#2018=ORIENTED_EDGE('',*,*,#1496,.F.);
#2019=ORIENTED_EDGE('',*,*,#1497,.F.);
#2020=ORIENTED_EDGE('',*,*,#1470,.F.);
#2021=ORIENTED_EDGE('',*,*,#1456,.F.);
#2022=ORIENTED_EDGE('',*,*,#1480,.F.);
#2023=ORIENTED_EDGE('',*,*,#1382,.T.);
#2024=ORIENTED_EDGE('',*,*,#1491,.F.);
#2025=ORIENTED_EDGE('',*,*,#1493,.T.);
#2026=ORIENTED_EDGE('',*,*,#1498,.T.);
#2027=ORIENTED_EDGE('',*,*,#1471,.F.);
#2028=ORIENTED_EDGE('',*,*,#1497,.T.);
#2029=ORIENTED_EDGE('',*,*,#1495,.T.);
#2030=ORIENTED_EDGE('',*,*,#1360,.F.);
#2031=ORIENTED_EDGE('',*,*,#1386,.T.);
#2032=ORIENTED_EDGE('',*,*,#1422,.F.);
#2033=ORIENTED_EDGE('',*,*,#1499,.T.);
#2034=ORIENTED_EDGE('',*,*,#1440,.F.);
#2035=ORIENTED_EDGE('',*,*,#1378,.T.);
#2036=ORIENTED_EDGE('',*,*,#1427,.F.);
#2037=ORIENTED_EDGE('',*,*,#1500,.F.);
#2038=ORIENTED_EDGE('',*,*,#1438,.F.);
#2039=ORIENTED_EDGE('',*,*,#1441,.F.);
#2040=ORIENTED_EDGE('',*,*,#1499,.F.);
#2041=ORIENTED_EDGE('',*,*,#1426,.F.);
#2042=ORIENTED_EDGE('',*,*,#1449,.F.);
#2043=ORIENTED_EDGE('',*,*,#1501,.T.);
#2044=ORIENTED_EDGE('',*,*,#1419,.F.);
#2045=ORIENTED_EDGE('',*,*,#1336,.F.);
#2046=ORIENTED_EDGE('',*,*,#1394,.F.);
#2047=ORIENTED_EDGE('',*,*,#1407,.F.);
#2048=ORIENTED_EDGE('',*,*,#1502,.F.);
#2049=ORIENTED_EDGE('',*,*,#1303,.F.);
#2050=ORIENTED_EDGE('',*,*,#1465,.F.);
#2051=ORIENTED_EDGE('',*,*,#1475,.T.);
#2052=ORIENTED_EDGE('',*,*,#1486,.F.);
#2053=ORIENTED_EDGE('',*,*,#1299,.F.);
#2054=ORIENTED_EDGE('',*,*,#1420,.F.);
#2055=ORIENTED_EDGE('',*,*,#1501,.F.);
#2056=ORIENTED_EDGE('',*,*,#1448,.F.);
#2057=ORIENTED_EDGE('',*,*,#1445,.F.);
#2058=ORIENTED_EDGE('',*,*,#1500,.T.);
#2059=ORIENTED_EDGE('',*,*,#1430,.F.);
#2060=ORIENTED_EDGE('',*,*,#1483,.F.);
#2061=ORIENTED_EDGE('',*,*,#1481,.F.);
#2062=ORIENTED_EDGE('',*,*,#1498,.F.);
#2063=ORIENTED_EDGE('',*,*,#1492,.F.);
#2064=ORIENTED_EDGE('',*,*,#1488,.F.);
#2065=ORIENTED_EDGE('',*,*,#1310,.F.);
#2066=ORIENTED_EDGE('',*,*,#1362,.F.);
#2067=ORIENTED_EDGE('',*,*,#1494,.F.);
#2068=ORIENTED_EDGE('',*,*,#1466,.F.);
#2069=ORIENTED_EDGE('',*,*,#1301,.F.);
#2070=ORIENTED_EDGE('',*,*,#1307,.F.);
#2071=ORIENTED_EDGE('',*,*,#1358,.F.);
#2072=ORIENTED_EDGE('',*,*,#1355,.F.);
#2073=ORIENTED_EDGE('',*,*,#1291,.T.);
#2074=ORIENTED_EDGE('',*,*,#1305,.F.);
#2075=ORIENTED_EDGE('',*,*,#1502,.T.);
#2076=ORIENTED_EDGE('',*,*,#1409,.F.);
#2077=ORIENTED_EDGE('',*,*,#1503,.T.);
#2078=ORIENTED_EDGE('',*,*,#1357,.F.);
#2079=ORIENTED_EDGE('',*,*,#1503,.F.);
#2080=ORIENTED_EDGE('',*,*,#1411,.F.);
#2081=ORIENTED_EDGE('',*,*,#1412,.T.);
#2082=ORIENTED_EDGE('',*,*,#1370,.T.);
#2083=ORIENTED_EDGE('',*,*,#1374,.T.);
#2084=ORIENTED_EDGE('',*,*,#1504,.T.);
#2085=ORIENTED_EDGE('',*,*,#1505,.T.);
#2086=ORIENTED_EDGE('',*,*,#1368,.T.);
#2087=ORIENTED_EDGE('',*,*,#1505,.F.);
#2088=ORIENTED_EDGE('',*,*,#1506,.T.);
#2089=ORIENTED_EDGE('',*,*,#1507,.F.);
#2090=ORIENTED_EDGE('',*,*,#1508,.T.);
#2091=ORIENTED_EDGE('',*,*,#1509,.T.);
#2092=ORIENTED_EDGE('',*,*,#1510,.T.);
#2093=ORIENTED_EDGE('',*,*,#1511,.T.);
#2094=ORIENTED_EDGE('',*,*,#1364,.T.);
#2095=ORIENTED_EDGE('',*,*,#1509,.F.);
#2096=ORIENTED_EDGE('',*,*,#1511,.F.);
#2097=ORIENTED_EDGE('',*,*,#1512,.T.);
#2098=ORIENTED_EDGE('',*,*,#1371,.T.);
#2099=ORIENTED_EDGE('',*,*,#1365,.T.);
#2100=ORIENTED_EDGE('',*,*,#1508,.F.);
#2101=ORIENTED_EDGE('',*,*,#1513,.F.);
#2102=ORIENTED_EDGE('',*,*,#1514,.T.);
#2103=ORIENTED_EDGE('',*,*,#1510,.F.);
#2104=ORIENTED_EDGE('',*,*,#1515,.T.);
#2105=ORIENTED_EDGE('',*,*,#1516,.T.);
#2106=ORIENTED_EDGE('',*,*,#1517,.T.);
#2107=ORIENTED_EDGE('',*,*,#1518,.T.);
#2108=ORIENTED_EDGE('',*,*,#1519,.T.);
#2109=ORIENTED_EDGE('',*,*,#1520,.T.);
#2110=ORIENTED_EDGE('',*,*,#1521,.T.);
#2111=ORIENTED_EDGE('',*,*,#1516,.F.);
#2112=ORIENTED_EDGE('',*,*,#1522,.T.);
#2113=ORIENTED_EDGE('',*,*,#1523,.T.);
#2114=ORIENTED_EDGE('',*,*,#1524,.T.);
#2115=ORIENTED_EDGE('',*,*,#1520,.F.);
#2116=ORIENTED_EDGE('',*,*,#1525,.T.);
#2117=ORIENTED_EDGE('',*,*,#1526,.T.);
#2118=ORIENTED_EDGE('',*,*,#1527,.T.);
#2119=ORIENTED_EDGE('',*,*,#1523,.F.);
#2120=ORIENTED_EDGE('',*,*,#1528,.T.);
#2121=ORIENTED_EDGE('',*,*,#1526,.F.);
#2122=ORIENTED_EDGE('',*,*,#1513,.T.);
#2123=ORIENTED_EDGE('',*,*,#1529,.T.);
#2124=ORIENTED_EDGE('',*,*,#1530,.T.);
#2125=ORIENTED_EDGE('',*,*,#1529,.F.);
#2126=ORIENTED_EDGE('',*,*,#1507,.T.);
#2127=ORIENTED_EDGE('',*,*,#1518,.F.);
#2128=ORIENTED_EDGE('',*,*,#1528,.F.);
#2129=ORIENTED_EDGE('',*,*,#1531,.T.);
#2130=ORIENTED_EDGE('',*,*,#1229,.T.);
#2131=ORIENTED_EDGE('',*,*,#1532,.F.);
#2132=ORIENTED_EDGE('',*,*,#1530,.F.);
#2133=ORIENTED_EDGE('',*,*,#1533,.T.);
#2134=ORIENTED_EDGE('',*,*,#1224,.T.);
#2135=ORIENTED_EDGE('',*,*,#1531,.F.);
#2136=ORIENTED_EDGE('',*,*,#1517,.F.);
#2137=ORIENTED_EDGE('',*,*,#1534,.T.);
#2138=ORIENTED_EDGE('',*,*,#1225,.T.);
#2139=ORIENTED_EDGE('',*,*,#1533,.F.);
#2140=ORIENTED_EDGE('',*,*,#1512,.F.);
#2141=ORIENTED_EDGE('',*,*,#1514,.F.);
#2142=ORIENTED_EDGE('',*,*,#1525,.F.);
#2143=ORIENTED_EDGE('',*,*,#1522,.F.);
#2144=ORIENTED_EDGE('',*,*,#1519,.F.);
#2145=ORIENTED_EDGE('',*,*,#1535,.T.);
#2146=ORIENTED_EDGE('',*,*,#1372,.F.);
#2147=ORIENTED_EDGE('',*,*,#1504,.F.);
#2148=ORIENTED_EDGE('',*,*,#1373,.F.);
#2149=ORIENTED_EDGE('',*,*,#1535,.F.);
#2150=ORIENTED_EDGE('',*,*,#1515,.F.);
#2151=ORIENTED_EDGE('',*,*,#1506,.F.);
#2152=ORIENTED_EDGE('',*,*,#1521,.F.);
#2153=ORIENTED_EDGE('',*,*,#1536,.T.);
#2154=ORIENTED_EDGE('',*,*,#1226,.T.);
#2155=ORIENTED_EDGE('',*,*,#1534,.F.);
#2156=ORIENTED_EDGE('',*,*,#1524,.F.);
#2157=ORIENTED_EDGE('',*,*,#1537,.T.);
#2158=ORIENTED_EDGE('',*,*,#1227,.T.);
#2159=ORIENTED_EDGE('',*,*,#1536,.F.);
#2160=ORIENTED_EDGE('',*,*,#1527,.F.);
#2161=ORIENTED_EDGE('',*,*,#1532,.T.);
#2162=ORIENTED_EDGE('',*,*,#1228,.T.);
#2163=ORIENTED_EDGE('',*,*,#1537,.F.);
#2164=ORIENTED_EDGE('',*,*,#1318,.F.);
#2165=ORIENTED_EDGE('',*,*,#1416,.T.);
#2166=ORIENTED_EDGE('',*,*,#1538,.T.);
#2167=ORIENTED_EDGE('',*,*,#1539,.T.);
#2168=ORIENTED_EDGE('',*,*,#1352,.F.);
#2169=ORIENTED_EDGE('',*,*,#1540,.T.);
#2170=ORIENTED_EDGE('',*,*,#1541,.T.);
#2171=ORIENTED_EDGE('',*,*,#1395,.T.);
#2172=ORIENTED_EDGE('',*,*,#1321,.F.);
#2173=ORIENTED_EDGE('',*,*,#1539,.F.);
#2174=ORIENTED_EDGE('',*,*,#1542,.F.);
#2175=ORIENTED_EDGE('',*,*,#1540,.F.);
#2176=ORIENTED_EDGE('',*,*,#1333,.F.);
#2177=ORIENTED_EDGE('',*,*,#1330,.F.);
#2178=ORIENTED_EDGE('',*,*,#1327,.F.);
#2179=ORIENTED_EDGE('',*,*,#1324,.F.);
#2180=ORIENTED_EDGE('',*,*,#1231,.T.);
#2181=ORIENTED_EDGE('',*,*,#1417,.F.);
#2182=ORIENTED_EDGE('',*,*,#1396,.T.);
#2183=ORIENTED_EDGE('',*,*,#1541,.F.);
#2184=ORIENTED_EDGE('',*,*,#1542,.T.);
#2185=ORIENTED_EDGE('',*,*,#1538,.F.);
#2186=ORIENTED_EDGE('',*,*,#1415,.T.);
#2187=CONICAL_SURFACE('',#2338,1.85,0.785398163397451);
#2188=CONICAL_SURFACE('',#2345,6.5,0.785398163397451);
#2189=CONICAL_SURFACE('',#2349,6.5,0.78539816339745);
#2190=CONICAL_SURFACE('',#2357,6.5,0.78539816339745);
#2191=CONICAL_SURFACE('',#2361,6.5,0.785398163397451);
#2192=CONICAL_SURFACE('',#2370,1.85,0.785398163397448);
#2193=CONICAL_SURFACE('',#2377,1.85,0.785398163397451);
#2194=CONICAL_SURFACE('',#2384,3.25,0.785398163397451);
#2195=CONICAL_SURFACE('',#2387,3.25,0.785398163397448);
#2196=ADVANCED_FACE('',(#142),#2187,.F.);
#2197=ADVANCED_FACE('',(#143,#22),#30,.T.);
#2198=ADVANCED_FACE('',(#144),#15,.F.);
#2199=ADVANCED_FACE('',(#145),#31,.T.);
#2200=ADVANCED_FACE('',(#146),#2188,.F.);
#2201=ADVANCED_FACE('',(#147),#32,.T.);
#2202=ADVANCED_FACE('',(#148),#2189,.F.);
#2203=ADVANCED_FACE('',(#149),#16,.F.);
#2204=ADVANCED_FACE('',(#150),#33,.F.);
#2205=ADVANCED_FACE('',(#151,#23),#34,.T.);
#2206=ADVANCED_FACE('',(#152),#35,.T.);
#2207=ADVANCED_FACE('',(#153),#2190,.F.);
#2208=ADVANCED_FACE('',(#154),#36,.T.);
#2209=ADVANCED_FACE('',(#155),#2191,.F.);
#2210=ADVANCED_FACE('',(#156),#17,.F.);
#2211=ADVANCED_FACE('',(#157,#24),#37,.T.);
#2212=ADVANCED_FACE('',(#158),#38,.F.);
#2213=ADVANCED_FACE('',(#159),#2192,.F.);
#2214=ADVANCED_FACE('',(#160,#25),#39,.T.);
#2215=ADVANCED_FACE('',(#161),#18,.F.);
#2216=ADVANCED_FACE('',(#162),#2193,.F.);
#2217=ADVANCED_FACE('',(#163,#26),#40,.T.);
#2218=ADVANCED_FACE('',(#164),#19,.F.);
#2219=ADVANCED_FACE('',(#165),#2194,.F.);
#2220=ADVANCED_FACE('',(#166),#20,.F.);
#2221=ADVANCED_FACE('',(#167),#2195,.F.);
#2222=ADVANCED_FACE('',(#168),#21,.F.);
#2223=ADVANCED_FACE('',(#169),#41,.T.);
#2224=ADVANCED_FACE('',(#170),#42,.T.);
#2225=ADVANCED_FACE('',(#171),#43,.T.);
#2226=ADVANCED_FACE('',(#172),#44,.T.);
#2227=ADVANCED_FACE('',(#173),#45,.T.);
#2228=ADVANCED_FACE('',(#174),#46,.T.);
#2229=ADVANCED_FACE('',(#175),#47,.T.);
#2230=ADVANCED_FACE('',(#176),#48,.T.);
#2231=ADVANCED_FACE('',(#177),#49,.T.);
#2232=ADVANCED_FACE('',(#178),#50,.T.);
#2233=ADVANCED_FACE('',(#179),#51,.T.);
#2234=ADVANCED_FACE('',(#180),#52,.T.);
#2235=ADVANCED_FACE('',(#181),#53,.T.);
#2236=ADVANCED_FACE('',(#182),#54,.T.);
#2237=ADVANCED_FACE('',(#183),#55,.T.);
#2238=ADVANCED_FACE('',(#184),#56,.T.);
#2239=ADVANCED_FACE('',(#185),#57,.T.);
#2240=ADVANCED_FACE('',(#186),#58,.T.);
#2241=ADVANCED_FACE('',(#187),#59,.T.);
#2242=ADVANCED_FACE('',(#188),#60,.T.);
#2243=ADVANCED_FACE('',(#189),#61,.T.);
#2244=ADVANCED_FACE('',(#190),#62,.T.);
#2245=ADVANCED_FACE('',(#191),#63,.T.);
#2246=ADVANCED_FACE('',(#192),#64,.T.);
#2247=ADVANCED_FACE('',(#193),#65,.F.);
#2248=ADVANCED_FACE('',(#194),#66,.T.);
#2249=ADVANCED_FACE('',(#195,#27),#67,.T.);
#2250=ADVANCED_FACE('',(#196),#68,.T.);
#2251=ADVANCED_FACE('',(#197),#69,.T.);
#2252=ADVANCED_FACE('',(#198),#70,.T.);
#2253=ADVANCED_FACE('',(#199),#71,.T.);
#2254=ADVANCED_FACE('',(#200),#72,.T.);
#2255=ADVANCED_FACE('',(#201),#73,.T.);
#2256=ADVANCED_FACE('',(#202),#74,.T.);
#2257=ADVANCED_FACE('',(#203),#75,.T.);
#2258=ADVANCED_FACE('',(#204),#76,.T.);
#2259=ADVANCED_FACE('',(#205),#77,.T.);
#2260=ADVANCED_FACE('',(#206),#78,.T.);
#2261=ADVANCED_FACE('',(#207),#79,.T.);
#2262=ADVANCED_FACE('',(#208),#80,.T.);
#2263=ADVANCED_FACE('',(#209),#81,.T.);
#2264=ADVANCED_FACE('',(#210),#82,.T.);
#2265=ADVANCED_FACE('',(#211),#83,.T.);
#2266=ADVANCED_FACE('',(#212),#84,.T.);
#2267=ADVANCED_FACE('',(#213),#85,.T.);
#2268=ADVANCED_FACE('',(#214),#86,.T.);
#2269=ADVANCED_FACE('',(#215),#87,.T.);
#2270=ADVANCED_FACE('',(#216),#88,.T.);
#2271=ADVANCED_FACE('',(#217),#89,.T.);
#2272=ADVANCED_FACE('',(#218),#90,.T.);
#2273=ADVANCED_FACE('',(#219),#91,.T.);
#2274=ADVANCED_FACE('',(#220),#92,.T.);
#2275=ADVANCED_FACE('',(#221),#93,.T.);
#2276=ADVANCED_FACE('',(#222),#94,.T.);
#2277=ADVANCED_FACE('',(#223),#95,.T.);
#2278=ADVANCED_FACE('',(#224),#96,.T.);
#2279=ADVANCED_FACE('',(#225),#97,.T.);
#2280=ADVANCED_FACE('',(#226),#98,.T.);
#2281=ADVANCED_FACE('',(#227),#99,.T.);
#2282=ADVANCED_FACE('',(#228),#100,.T.);
#2283=ADVANCED_FACE('',(#229),#101,.T.);
#2284=ADVANCED_FACE('',(#230),#102,.T.);
#2285=ADVANCED_FACE('',(#231),#103,.T.);
#2286=ADVANCED_FACE('',(#232),#104,.T.);
#2287=ADVANCED_FACE('',(#233),#105,.T.);
#2288=ADVANCED_FACE('',(#234),#106,.T.);
#2289=ADVANCED_FACE('',(#235),#107,.T.);
#2290=ADVANCED_FACE('',(#236),#108,.T.);
#2291=ADVANCED_FACE('',(#237),#109,.T.);
#2292=ADVANCED_FACE('',(#238),#110,.T.);
#2293=ADVANCED_FACE('',(#239),#111,.T.);
#2294=ADVANCED_FACE('',(#240),#112,.T.);
#2295=ADVANCED_FACE('',(#241),#113,.T.);
#2296=ADVANCED_FACE('',(#242),#114,.T.);
#2297=ADVANCED_FACE('',(#243),#115,.T.);
#2298=ADVANCED_FACE('',(#244,#28),#116,.T.);
#2299=ADVANCED_FACE('',(#245),#117,.T.);
#2300=ADVANCED_FACE('',(#246),#118,.T.);
#2301=ADVANCED_FACE('',(#247),#119,.T.);
#2302=ADVANCED_FACE('',(#248),#120,.T.);
#2303=ADVANCED_FACE('',(#249),#121,.T.);
#2304=ADVANCED_FACE('',(#250),#122,.T.);
#2305=ADVANCED_FACE('',(#251),#123,.T.);
#2306=ADVANCED_FACE('',(#252),#124,.T.);
#2307=ADVANCED_FACE('',(#253),#125,.T.);
#2308=ADVANCED_FACE('',(#254),#126,.T.);
#2309=ADVANCED_FACE('',(#255),#127,.T.);
#2310=ADVANCED_FACE('',(#256),#128,.T.);
#2311=ADVANCED_FACE('',(#257),#129,.T.);
#2312=ADVANCED_FACE('',(#258),#130,.F.);
#2313=ADVANCED_FACE('',(#259),#131,.F.);
#2314=ADVANCED_FACE('',(#260),#132,.F.);
#2315=ADVANCED_FACE('',(#261),#133,.T.);
#2316=ADVANCED_FACE('',(#262),#134,.T.);
#2317=ADVANCED_FACE('',(#263),#135,.F.);
#2318=ADVANCED_FACE('',(#264),#136,.F.);
#2319=ADVANCED_FACE('',(#265),#137,.F.);
#2320=ADVANCED_FACE('',(#266),#138,.T.);
#2321=ADVANCED_FACE('',(#267),#139,.T.);
#2322=ADVANCED_FACE('',(#268,#29),#140,.T.);
#2323=ADVANCED_FACE('',(#269),#141,.T.);
#2324=CLOSED_SHELL('',(#2196,#2197,#2198,#2199,#2200,#2201,#2202,#2203,
#2204,#2205,#2206,#2207,#2208,#2209,#2210,#2211,#2212,#2213,#2214,#2215,
#2216,#2217,#2218,#2219,#2220,#2221,#2222,#2223,#2224,#2225,#2226,#2227,
#2228,#2229,#2230,#2231,#2232,#2233,#2234,#2235,#2236,#2237,#2238,#2239,
#2240,#2241,#2242,#2243,#2244,#2245,#2246,#2247,#2248,#2249,#2250,#2251,
#2252,#2253,#2254,#2255,#2256,#2257,#2258,#2259,#2260,#2261,#2262,#2263,
#2264,#2265,#2266,#2267,#2268,#2269,#2270,#2271,#2272,#2273,#2274,#2275,
#2276,#2277,#2278,#2279,#2280,#2281,#2282,#2283,#2284,#2285,#2286,#2287,
#2288,#2289,#2290,#2291,#2292,#2293,#2294,#2295,#2296,#2297,#2298,#2299,
#2300,#2301,#2302,#2303,#2304,#2305,#2306,#2307,#2308,#2309,#2310,#2311,
#2312,#2313,#2314,#2315,#2316,#2317,#2318,#2319,#2320,#2321,#2322,#2323));
#2325=DERIVED_UNIT_ELEMENT(#2327,1.);
#2326=DERIVED_UNIT_ELEMENT(#3748,-3.);
#2327=(
MASS_UNIT()
NAMED_UNIT(*)
SI_UNIT(.KILO.,.GRAM.)
);
#2328=DERIVED_UNIT((#2325,#2326));
#2329=MEASURE_REPRESENTATION_ITEM('density measure',
POSITIVE_RATIO_MEASURE(7850.),#2328);
#2330=PROPERTY_DEFINITION_REPRESENTATION(#2335,#2332);
#2331=PROPERTY_DEFINITION_REPRESENTATION(#2336,#2333);
#2332=REPRESENTATION('material name',(#2334),#3745);
#2333=REPRESENTATION('density',(#2329),#3745);
#2334=DESCRIPTIVE_REPRESENTATION_ITEM('Steel','Steel');
#2335=PROPERTY_DEFINITION('material property','material name',#3755);
#2336=PROPERTY_DEFINITION('material property','density of part',#3755);
#2337=AXIS2_PLACEMENT_3D('',#3096,#2491,#2492);
#2338=AXIS2_PLACEMENT_3D('',#3097,#2493,#2494);
#2339=AXIS2_PLACEMENT_3D('',#3099,#2495,#2496);
#2340=AXIS2_PLACEMENT_3D('',#3102,#2498,#2499);
#2341=AXIS2_PLACEMENT_3D('',#3103,#2500,#2501);
#2342=AXIS2_PLACEMENT_3D('',#3116,#2508,#2509);
#2343=AXIS2_PLACEMENT_3D('',#3119,#2511,#2512);
#2344=AXIS2_PLACEMENT_3D('',#3120,#2513,#2514);
#2345=AXIS2_PLACEMENT_3D('',#3129,#2519,#2520);
#2346=AXIS2_PLACEMENT_3D('',#3133,#2522,#2523);
#2347=AXIS2_PLACEMENT_3D('',#3134,#2524,#2525);
#2348=AXIS2_PLACEMENT_3D('',#3135,#2526,#2527);
#2349=AXIS2_PLACEMENT_3D('',#3141,#2531,#2532);
#2350=AXIS2_PLACEMENT_3D('',#3142,#2533,#2534);
#2351=AXIS2_PLACEMENT_3D('',#3143,#2535,#2536);
#2352=AXIS2_PLACEMENT_3D('',#3144,#2537,#2538);
#2353=AXIS2_PLACEMENT_3D('',#3148,#2540,#2541);
#2354=AXIS2_PLACEMENT_3D('',#3150,#2543,#2544);
#2355=AXIS2_PLACEMENT_3D('',#3154,#2547,#2548);
#2356=AXIS2_PLACEMENT_3D('',#3167,#2555,#2556);
#2357=AXIS2_PLACEMENT_3D('',#3173,#2560,#2561);
#2358=AXIS2_PLACEMENT_3D('',#3177,#2563,#2564);
#2359=AXIS2_PLACEMENT_3D('',#3178,#2565,#2566);
#2360=AXIS2_PLACEMENT_3D('',#3179,#2567,#2568);
#2361=AXIS2_PLACEMENT_3D('',#3184,#2572,#2573);
#2362=AXIS2_PLACEMENT_3D('',#3185,#2574,#2575);
#2363=AXIS2_PLACEMENT_3D('',#3186,#2576,#2577);
#2364=AXIS2_PLACEMENT_3D('',#3188,#2579,#2580);
#2365=AXIS2_PLACEMENT_3D('',#3201,#2586,#2587);
#2366=AXIS2_PLACEMENT_3D('',#3202,#2588,#2589);
#2367=AXIS2_PLACEMENT_3D('',#3206,#2591,#2592);
#2368=AXIS2_PLACEMENT_3D('',#3207,#2593,#2594);
#2369=AXIS2_PLACEMENT_3D('',#3215,#2599,#2600);
#2370=AXIS2_PLACEMENT_3D('',#3216,#2601,#2602);
#2371=AXIS2_PLACEMENT_3D('',#3218,#2603,#2604);
#2372=AXIS2_PLACEMENT_3D('',#3221,#2606,#2607);
#2373=AXIS2_PLACEMENT_3D('',#3222,#2608,#2609);
#2374=AXIS2_PLACEMENT_3D('',#3224,#2610,#2611);
#2375=AXIS2_PLACEMENT_3D('',#3225,#2612,#2613);
#2376=AXIS2_PLACEMENT_3D('',#3228,#2615,#2616);
#2377=AXIS2_PLACEMENT_3D('',#3229,#2617,#2618);
#2378=AXIS2_PLACEMENT_3D('',#3231,#2619,#2620);
#2379=AXIS2_PLACEMENT_3D('',#3234,#2622,#2623);
#2380=AXIS2_PLACEMENT_3D('',#3235,#2624,#2625);
#2381=AXIS2_PLACEMENT_3D('',#3237,#2626,#2627);
#2382=AXIS2_PLACEMENT_3D('',#3238,#2628,#2629);
#2383=AXIS2_PLACEMENT_3D('',#3241,#2631,#2632);
#2384=AXIS2_PLACEMENT_3D('',#3242,#2633,#2634);
#2385=AXIS2_PLACEMENT_3D('',#3245,#2636,#2637);
#2386=AXIS2_PLACEMENT_3D('',#3246,#2638,#2639);
#2387=AXIS2_PLACEMENT_3D('',#3248,#2641,#2642);
#2388=AXIS2_PLACEMENT_3D('',#3251,#2644,#2645);
#2389=AXIS2_PLACEMENT_3D('',#3252,#2646,#2647);
#2390=AXIS2_PLACEMENT_3D('',#3254,#2649,#2650);
#2391=AXIS2_PLACEMENT_3D('',#3260,#2654,#2655);
#2392=AXIS2_PLACEMENT_3D('',#3269,#2660,#2661);
#2393=AXIS2_PLACEMENT_3D('',#3275,#2665,#2666);
#2394=AXIS2_PLACEMENT_3D('',#3284,#2671,#2672);
#2395=AXIS2_PLACEMENT_3D('',#3290,#2676,#2677);
#2396=AXIS2_PLACEMENT_3D('',#3296,#2681,#2682);
#2397=AXIS2_PLACEMENT_3D('',#3302,#2686,#2687);
#2398=AXIS2_PLACEMENT_3D('',#3308,#2691,#2692);
#2399=AXIS2_PLACEMENT_3D('',#3314,#2696,#2697);
#2400=AXIS2_PLACEMENT_3D('',#3320,#2701,#2702);
#2401=AXIS2_PLACEMENT_3D('',#3326,#2706,#2707);
#2402=AXIS2_PLACEMENT_3D('',#3332,#2711,#2712);
#2403=AXIS2_PLACEMENT_3D('',#3341,#2717,#2718);
#2404=AXIS2_PLACEMENT_3D('',#3350,#2723,#2724);
#2405=AXIS2_PLACEMENT_3D('',#3356,#2728,#2729);
#2406=AXIS2_PLACEMENT_3D('',#3362,#2733,#2734);
#2407=AXIS2_PLACEMENT_3D('',#3365,#2737,#2738);
#2408=AXIS2_PLACEMENT_3D('',#3368,#2741,#2742);
#2409=AXIS2_PLACEMENT_3D('',#3374,#2746,#2747);
#2410=AXIS2_PLACEMENT_3D('',#3377,#2750,#2751);
#2411=AXIS2_PLACEMENT_3D('',#3385,#2756,#2757);
#2412=AXIS2_PLACEMENT_3D('',#3393,#2762,#2763);
#2413=AXIS2_PLACEMENT_3D('',#3397,#2766,#2767);
#2414=AXIS2_PLACEMENT_3D('',#3401,#2770,#2771);
#2415=AXIS2_PLACEMENT_3D('',#3432,#2788,#2789);
#2416=AXIS2_PLACEMENT_3D('',#3438,#2793,#2794);
#2417=AXIS2_PLACEMENT_3D('',#3442,#2797,#2798);
#2418=AXIS2_PLACEMENT_3D('',#3448,#2802,#2803);
#2419=AXIS2_PLACEMENT_3D('',#3456,#2808,#2809);
#2420=AXIS2_PLACEMENT_3D('',#3462,#2813,#2814);
#2421=AXIS2_PLACEMENT_3D('',#3465,#2817,#2818);
#2422=AXIS2_PLACEMENT_3D('',#3469,#2821,#2822);
#2423=AXIS2_PLACEMENT_3D('',#3474,#2826,#2827);
#2424=AXIS2_PLACEMENT_3D('',#3478,#2830,#2831);
#2425=AXIS2_PLACEMENT_3D('',#3480,#2833,#2834);
#2426=AXIS2_PLACEMENT_3D('',#3481,#2835,#2836);
#2427=AXIS2_PLACEMENT_3D('',#3484,#2839,#2840);
#2428=AXIS2_PLACEMENT_3D('',#3490,#2844,#2845);
#2429=AXIS2_PLACEMENT_3D('',#3492,#2847,#2848);
#2430=AXIS2_PLACEMENT_3D('',#3500,#2853,#2854);
#2431=AXIS2_PLACEMENT_3D('',#3510,#2860,#2861);
#2432=AXIS2_PLACEMENT_3D('',#3516,#2865,#2866);
#2433=AXIS2_PLACEMENT_3D('',#3521,#2870,#2871);
#2434=AXIS2_PLACEMENT_3D('',#3525,#2874,#2875);
#2435=AXIS2_PLACEMENT_3D('',#3527,#2877,#2878);
#2436=AXIS2_PLACEMENT_3D('',#3528,#2879,#2880);
#2437=AXIS2_PLACEMENT_3D('',#3537,#2885,#2886);
#2438=AXIS2_PLACEMENT_3D('',#3544,#2891,#2892);
#2439=AXIS2_PLACEMENT_3D('',#3552,#2897,#2898);
#2440=AXIS2_PLACEMENT_3D('',#3557,#2902,#2903);
#2441=AXIS2_PLACEMENT_3D('',#3563,#2907,#2908);
#2442=AXIS2_PLACEMENT_3D('',#3565,#2910,#2911);
#2443=AXIS2_PLACEMENT_3D('',#3567,#2913,#2914);
#2444=AXIS2_PLACEMENT_3D('',#3576,#2919,#2920);
#2445=AXIS2_PLACEMENT_3D('',#3584,#2925,#2926);
#2446=AXIS2_PLACEMENT_3D('',#3591,#2931,#2932);
#2447=AXIS2_PLACEMENT_3D('',#3598,#2937,#2938);
#2448=AXIS2_PLACEMENT_3D('',#3606,#2943,#2944);
#2449=AXIS2_PLACEMENT_3D('',#3612,#2948,#2949);
#2450=AXIS2_PLACEMENT_3D('',#3614,#2951,#2952);
#2451=AXIS2_PLACEMENT_3D('',#3620,#2956,#2957);
#2452=AXIS2_PLACEMENT_3D('',#3624,#2960,#2961);
#2453=AXIS2_PLACEMENT_3D('',#3629,#2965,#2966);
#2454=AXIS2_PLACEMENT_3D('',#3633,#2969,#2970);
#2455=AXIS2_PLACEMENT_3D('',#3637,#2973,#2974);
#2456=AXIS2_PLACEMENT_3D('',#3641,#2977,#2978);
#2457=AXIS2_PLACEMENT_3D('',#3646,#2982,#2983);
#2458=AXIS2_PLACEMENT_3D('',#3648,#2985,#2986);
#2459=AXIS2_PLACEMENT_3D('',#3650,#2988,#2989);
#2460=AXIS2_PLACEMENT_3D('',#3651,#2990,#2991);
#2461=AXIS2_PLACEMENT_3D('',#3653,#2993,#2994);
#2462=AXIS2_PLACEMENT_3D('',#3655,#2996,#2997);
#2463=AXIS2_PLACEMENT_3D('',#3658,#3000,#3001);
#2464=AXIS2_PLACEMENT_3D('',#3659,#3002,#3003);
#2465=AXIS2_PLACEMENT_3D('',#3660,#3004,#3005);
#2466=AXIS2_PLACEMENT_3D('',#3661,#3006,#3007);
#2467=AXIS2_PLACEMENT_3D('',#3663,#3009,#3010);
#2468=AXIS2_PLACEMENT_3D('',#3664,#3011,#3012);
#2469=AXIS2_PLACEMENT_3D('',#3668,#3015,#3016);
#2470=AXIS2_PLACEMENT_3D('',#3676,#3021,#3022);
#2471=AXIS2_PLACEMENT_3D('',#3680,#3025,#3026);
#2472=AXIS2_PLACEMENT_3D('',#3682,#3028,#3029);
#2473=AXIS2_PLACEMENT_3D('',#3686,#3032,#3033);
#2474=AXIS2_PLACEMENT_3D('',#3694,#3038,#3039);
#2475=AXIS2_PLACEMENT_3D('',#3700,#3043,#3044);
#2476=AXIS2_PLACEMENT_3D('',#3706,#3048,#3049);
#2477=AXIS2_PLACEMENT_3D('',#3711,#3053,#3054);
#2478=AXIS2_PLACEMENT_3D('',#3715,#3057,#3058);
#2479=AXIS2_PLACEMENT_3D('',#3717,#3060,#3061);
#2480=AXIS2_PLACEMENT_3D('',#3720,#3064,#3065);
#2481=AXIS2_PLACEMENT_3D('',#3722,#3067,#3068);
#2482=AXIS2_PLACEMENT_3D('',#3724,#3070,#3071);
#2483=AXIS2_PLACEMENT_3D('',#3726,#3073,#3074);
#2484=AXIS2_PLACEMENT_3D('',#3727,#3075,#3076);
#2485=AXIS2_PLACEMENT_3D('',#3729,#3078,#3079);
#2486=AXIS2_PLACEMENT_3D('',#3731,#3081,#3082);
#2487=AXIS2_PLACEMENT_3D('',#3732,#3083,#3084);
#2488=AXIS2_PLACEMENT_3D('',#3736,#3087,#3088);
#2489=AXIS2_PLACEMENT_3D('',#3740,#3091,#3092);
#2490=AXIS2_PLACEMENT_3D('',#3742,#3094,#3095);
#2491=DIRECTION('axis',(0.,0.,1.));
#2492=DIRECTION('refdir',(1.,0.,0.));
#2493=DIRECTION('center_axis',(1.,0.,0.));
#2494=DIRECTION('ref_axis',(0.,0.,-1.));
#2495=DIRECTION('center_axis',(-1.,0.,0.));
#2496=DIRECTION('ref_axis',(0.,0.,-1.));
#2497=DIRECTION('',(0.707106781186546,8.65956056235495E-17,0.707106781186549));
#2498=DIRECTION('center_axis',(1.,0.,0.));
#2499=DIRECTION('ref_axis',(0.,0.,-1.));
#2500=DIRECTION('center_axis',(1.,0.,0.));
#2501=DIRECTION('ref_axis',(0.,0.,-1.));
#2502=DIRECTION('',(0.,1.28197512425571E-15,1.));
#2503=DIRECTION('',(0.,-0.866025403784438,0.5));
#2504=DIRECTION('',(0.,-0.866025403784439,-0.499999999999999));
#2505=DIRECTION('',(0.,-9.61481343191782E-16,-1.));
#2506=DIRECTION('',(0.,0.866025403784438,-0.500000000000001));
#2507=DIRECTION('',(0.,0.866025403784439,0.499999999999999));
#2508=DIRECTION('center_axis',(-1.,0.,0.));
#2509=DIRECTION('ref_axis',(0.,0.,-1.));
#2510=DIRECTION('',(-1.,0.,0.));
#2511=DIRECTION('center_axis',(1.,0.,0.));
#2512=DIRECTION('ref_axis',(0.,0.,-1.));
#2513=DIRECTION('center_axis',(-0.707106781186547,-1.71728862668538E-16,
-0.707106781186548));
#2514=DIRECTION('ref_axis',(-0.707106781186548,0.,0.707106781186547));
#2515=DIRECTION('',(-0.707106781186548,0.,0.707106781186547));
#2516=DIRECTION('',(0.,1.,-2.42861286636753E-16));
#2517=DIRECTION('',(0.707106781186547,0.,-0.707106781186548));
#2518=DIRECTION('',(0.,-1.,2.42861286636753E-16));
#2519=DIRECTION('center_axis',(-1.,0.,0.));
#2520=DIRECTION('ref_axis',(0.,0.,-1.));
#2521=DIRECTION('',(-0.707106781186546,0.,-0.707106781186549));
#2522=DIRECTION('center_axis',(-1.,0.,0.));
#2523=DIRECTION('ref_axis',(0.,0.,-1.));
#2524=DIRECTION('center_axis',(1.,0.,0.));
#2525=DIRECTION('ref_axis',(0.,0.,-1.));
#2526=DIRECTION('center_axis',(-0.707106781186548,1.57009245868377E-16,
0.707106781186547));
#2527=DIRECTION('ref_axis',(0.707106781186547,0.,0.707106781186548));
#2528=DIRECTION('',(-0.707106781186546,0.,-0.707106781186549));
#2529=DIRECTION('',(0.,-1.,2.22044604925031E-16));
#2530=DIRECTION('',(0.,1.,-2.22044604925031E-16));
#2531=DIRECTION('center_axis',(-1.,0.,0.));
#2532=DIRECTION('ref_axis',(0.,0.,1.));
#2533=DIRECTION('center_axis',(-1.,0.,0.));
#2534=DIRECTION('ref_axis',(0.,0.,1.));
#2535=DIRECTION('center_axis',(1.,0.,0.));
#2536=DIRECTION('ref_axis',(0.,0.,1.));
#2537=DIRECTION('center_axis',(1.,0.,0.));
#2538=DIRECTION('ref_axis',(0.,0.,-1.));
#2539=DIRECTION('',(1.,0.,0.));
#2540=DIRECTION('center_axis',(-1.,0.,0.));
#2541=DIRECTION('ref_axis',(0.,0.,-1.));
#2542=DIRECTION('',(1.,0.,0.));
#2543=DIRECTION('center_axis',(0.,2.42861286636753E-16,1.));
#2544=DIRECTION('ref_axis',(0.,-1.,2.42861286636753E-16));
#2545=DIRECTION('',(1.,0.,0.));
#2546=DIRECTION('',(0.,1.,-2.42861286636753E-16));
#2547=DIRECTION('center_axis',(-1.,0.,0.));
#2548=DIRECTION('ref_axis',(0.,0.,-1.));
#2549=DIRECTION('',(0.,0.,-1.));
#2550=DIRECTION('',(0.,0.707106781186551,-0.707106781186544));
#2551=DIRECTION('',(0.,-1.,0.));
#2552=DIRECTION('',(0.,0.,1.));
#2553=DIRECTION('',(0.,1.,0.));
#2554=DIRECTION('',(0.,-0.707106781186548,-0.707106781186548));
#2555=DIRECTION('center_axis',(0.707106781186547,-1.71728862668538E-16,
-0.707106781186548));
#2556=DIRECTION('ref_axis',(-0.707106781186548,0.,-0.707106781186547));
#2557=DIRECTION('',(0.707106781186547,0.,0.707106781186548));
#2558=DIRECTION('',(0.,-1.,2.42861286636753E-16));
#2559=DIRECTION('',(-0.707106781186548,0.,-0.707106781186547));
#2560=DIRECTION('center_axis',(1.,0.,0.));
#2561=DIRECTION('ref_axis',(0.,0.,1.));
#2562=DIRECTION('',(0.707106781186546,0.,-0.707106781186549));
#2563=DIRECTION('center_axis',(1.,0.,0.));
#2564=DIRECTION('ref_axis',(0.,0.,1.));
#2565=DIRECTION('center_axis',(-1.,0.,0.));
#2566=DIRECTION('ref_axis',(0.,0.,1.));
#2567=DIRECTION('center_axis',(0.707106781186548,1.57009245868377E-16,0.707106781186547));
#2568=DIRECTION('ref_axis',(0.707106781186547,0.,-0.707106781186548));
#2569=DIRECTION('',(0.707106781186547,0.,-0.707106781186548));
#2570=DIRECTION('',(0.,1.,-2.22044604925031E-16));
#2571=DIRECTION('',(0.,-1.,2.22044604925031E-16));
#2572=DIRECTION('center_axis',(1.,0.,0.));
#2573=DIRECTION('ref_axis',(0.,0.,-1.));
#2574=DIRECTION('center_axis',(1.,0.,0.));
#2575=DIRECTION('ref_axis',(0.,0.,-1.));
#2576=DIRECTION('center_axis',(1.,0.,0.));
#2577=DIRECTION('ref_axis',(0.,0.,1.));
#2578=DIRECTION('',(1.,0.,0.));
#2579=DIRECTION('center_axis',(1.,0.,0.));
#2580=DIRECTION('ref_axis',(0.,0.,-1.));
#2581=DIRECTION('',(0.,1.,0.));
#2582=DIRECTION('',(0.,0.707106781186548,0.707106781186548));
#2583=DIRECTION('',(0.,1.,0.));
#2584=DIRECTION('',(0.,0.707106781186549,0.707106781186546));
#2585=DIRECTION('',(0.,0.,1.));
#2586=DIRECTION('center_axis',(1.,0.,0.));
#2587=DIRECTION('ref_axis',(0.,0.,-1.));
#2588=DIRECTION('center_axis',(1.,0.,0.));
#2589=DIRECTION('ref_axis',(0.,0.,-1.));
#2590=DIRECTION('',(0.,0.,1.));
#2591=DIRECTION('center_axis',(1.,0.,0.));
#2592=DIRECTION('ref_axis',(0.,0.,-1.));
#2593=DIRECTION('center_axis',(1.,0.,0.));
#2594=DIRECTION('ref_axis',(0.,0.,-1.));
#2595=DIRECTION('',(0.,0.,1.));
#2596=DIRECTION('',(0.,-0.707106781186548,0.707106781186548));
#2597=DIRECTION('',(0.,-1.,0.));
#2598=DIRECTION('',(0.,0.,-1.));
#2599=DIRECTION('center_axis',(0.,-2.22044604925031E-16,-1.));
#2600=DIRECTION('ref_axis',(0.,1.,-2.22044604925031E-16));
#2601=DIRECTION('center_axis',(1.,0.,0.));
#2602=DIRECTION('ref_axis',(0.,0.,-1.));
#2603=DIRECTION('center_axis',(-1.,0.,0.));
#2604=DIRECTION('ref_axis',(0.,0.,-1.));
#2605=DIRECTION('',(0.707106781186548,8.65956056235493E-17,0.707106781186548));
#2606=DIRECTION('center_axis',(1.,0.,0.));
#2607=DIRECTION('ref_axis',(0.,0.,-1.));
#2608=DIRECTION('center_axis',(1.,0.,0.));
#2609=DIRECTION('ref_axis',(0.,0.,-1.));
#2610=DIRECTION('center_axis',(-1.,0.,0.));
#2611=DIRECTION('ref_axis',(0.,0.,-1.));
#2612=DIRECTION('center_axis',(-1.,0.,0.));
#2613=DIRECTION('ref_axis',(0.,0.,-1.));
#2614=DIRECTION('',(-1.,0.,0.));
#2615=DIRECTION('center_axis',(1.,0.,0.));
#2616=DIRECTION('ref_axis',(0.,0.,-1.));
#2617=DIRECTION('center_axis',(1.,0.,0.));
#2618=DIRECTION('ref_axis',(0.,0.,-1.));
#2619=DIRECTION('center_axis',(-1.,0.,0.));
#2620=DIRECTION('ref_axis',(0.,0.,-1.));
#2621=DIRECTION('',(0.707106781186546,8.65956056235495E-17,0.707106781186549));
#2622=DIRECTION('center_axis',(1.,0.,0.));
#2623=DIRECTION('ref_axis',(0.,0.,-1.));
#2624=DIRECTION('center_axis',(1.,0.,0.));
#2625=DIRECTION('ref_axis',(0.,0.,-1.));
#2626=DIRECTION('center_axis',(-1.,0.,0.));
#2627=DIRECTION('ref_axis',(0.,0.,-1.));
#2628=DIRECTION('center_axis',(-1.,0.,0.));
#2629=DIRECTION('ref_axis',(0.,0.,-1.));
#2630=DIRECTION('',(-1.,0.,0.));
#2631=DIRECTION('center_axis',(1.,0.,0.));
#2632=DIRECTION('ref_axis',(0.,0.,-1.));
#2633=DIRECTION('center_axis',(1.,0.,0.));
#2634=DIRECTION('ref_axis',(0.,0.,-1.));
#2635=DIRECTION('',(-0.707106781186546,8.65956056235495E-17,-0.707106781186549));
#2636=DIRECTION('center_axis',(-1.,0.,0.));
#2637=DIRECTION('ref_axis',(0.,0.,-1.));
#2638=DIRECTION('center_axis',(-1.,0.,0.));
#2639=DIRECTION('ref_axis',(0.,0.,-1.));
#2640=DIRECTION('',(-1.,0.,0.));
#2641=DIRECTION('center_axis',(1.,0.,0.));
#2642=DIRECTION('ref_axis',(0.,0.,-1.));
#2643=DIRECTION('',(-0.707106781186548,8.65956056235493E-17,-0.707106781186548));
#2644=DIRECTION('center_axis',(-1.,0.,0.));
#2645=DIRECTION('ref_axis',(0.,0.,-1.));
#2646=DIRECTION('center_axis',(-1.,0.,0.));
#2647=DIRECTION('ref_axis',(0.,0.,-1.));
#2648=DIRECTION('',(-1.,0.,0.));
#2649=DIRECTION('center_axis',(-0.707106781186551,-0.707106781186544,0.));
#2650=DIRECTION('ref_axis',(0.,0.,1.));
#2651=DIRECTION('',(-0.577350269189626,0.577350269189631,-0.577350269189621));
#2652=DIRECTION('',(0.,0.,1.));
#2653=DIRECTION('',(0.577350269189624,-0.577350269189629,-0.577350269189624));
#2654=DIRECTION('center_axis',(-0.707106781186554,-0.707106781186541,0.));
#2655=DIRECTION('ref_axis',(0.,0.,1.));
#2656=DIRECTION('',(0.,0.,-1.));
#2657=DIRECTION('',(-0.577350269189625,0.577350269189635,-0.577350269189617));
#2658=DIRECTION('',(0.,0.,1.));
#2659=DIRECTION('',(-0.678598344545841,0.678598344545859,-0.281084637714807));
#2660=DIRECTION('center_axis',(-0.70710678118655,-0.499999999999997,0.499999999999999));
#2661=DIRECTION('ref_axis',(0.577350269189624,0.,0.816496580927727));
#2662=DIRECTION('',(0.,0.707106781186549,0.707106781186546));
#2663=DIRECTION('',(-0.678598344545846,0.281084637714827,-0.678598344545846));
#2664=DIRECTION('',(0.,-0.707106781186549,-0.707106781186546));
#2665=DIRECTION('center_axis',(-0.707106781186548,0.,0.707106781186548));
#2666=DIRECTION('ref_axis',(0.707106781186548,0.,0.707106781186548));
#2667=DIRECTION('',(0.,1.,0.));
#2668=DIRECTION('',(-0.678598344545849,-0.281084637714813,-0.678598344545849));
#2669=DIRECTION('',(0.,-1.,0.));
#2670=DIRECTION('',(0.678598344545847,-0.281084637714822,0.678598344545847));
#2671=DIRECTION('center_axis',(-0.500000000000006,-0.500000000000006,0.707106781186539));
#2672=DIRECTION('ref_axis',(0.816496580927719,0.,0.577350269189635));
#2673=DIRECTION('',(-0.707106781186547,0.707106781186548,0.));
#2674=DIRECTION('',(-0.28108463771481,-0.67859834454585,-0.678598344545848));
#2675=DIRECTION('',(0.707106781186547,-0.707106781186548,0.));
#2676=DIRECTION('center_axis',(0.,-0.707106781186546,0.707106781186549));
#2677=DIRECTION('ref_axis',(1.,0.,0.));
#2678=DIRECTION('',(-1.,0.,0.));
#2679=DIRECTION('',(0.281084637714809,-0.678598344545848,-0.678598344545851));
#2680=DIRECTION('',(1.,0.,0.));
#2681=DIRECTION('center_axis',(-0.500000000000002,-0.707106781186547,0.499999999999999));
#2682=DIRECTION('ref_axis',(0.707106781186546,0.,0.707106781186549));
#2683=DIRECTION('',(-0.707106781186546,0.,-0.707106781186549));
#2684=DIRECTION('',(0.678598344545846,-0.678598344545848,-0.281084637714821));
#2685=DIRECTION('',(0.707106781186546,0.,0.707106781186549));
#2686=DIRECTION('center_axis',(-0.707106781186549,-0.707106781186546,0.));
#2687=DIRECTION('ref_axis',(0.,0.,1.));
#2688=DIRECTION('',(0.,0.,-1.));
#2689=DIRECTION('',(0.678598344545843,-0.678598344545846,0.281084637714832));
#2690=DIRECTION('',(0.,0.,1.));
#2691=DIRECTION('center_axis',(-0.707106781186553,-0.499999999999996,0.499999999999996));
#2692=DIRECTION('ref_axis',(0.57735026918962,0.,0.81649658092773));
#2693=DIRECTION('',(0.,-0.707106781186548,-0.707106781186548));
#2694=DIRECTION('',(0.678598344545843,-0.678598344545846,0.281084637714832));
#2695=DIRECTION('',(0.,0.707106781186548,0.707106781186548));
#2696=DIRECTION('center_axis',(-0.707106781186549,-0.707106781186546,0.));
#2697=DIRECTION('ref_axis',(0.,0.,1.));
#2698=DIRECTION('',(0.,0.,-1.));
#2699=DIRECTION('',(0.678598344545848,-0.678598344545851,-0.28108463771481));
#2700=DIRECTION('',(0.,0.,1.));
#2701=DIRECTION('center_axis',(-0.707106781186544,-0.500000000000002,-0.500000000000002));
#2702=DIRECTION('ref_axis',(-0.577350269189629,0.,0.816496580927723));
#2703=DIRECTION('',(0.,0.707106781186548,-0.707106781186548));
#2704=DIRECTION('',(0.678598344545848,-0.67859834454585,-0.28108463771481));
#2705=DIRECTION('',(0.,-0.707106781186548,0.707106781186548));
#2706=DIRECTION('center_axis',(-0.707106781186549,-0.707106781186546,0.));
#2707=DIRECTION('ref_axis',(0.,0.,1.));
#2708=DIRECTION('',(0.,0.,-1.));
#2709=DIRECTION('',(0.678598344545841,-0.678598344545843,0.281084637714843));
#2710=DIRECTION('',(0.,0.,1.));
#2711=DIRECTION('center_axis',(-0.707106781186548,-0.707106781186548,0.));
#2712=DIRECTION('ref_axis',(0.,0.,1.));
#2713=DIRECTION('',(0.,0.,1.));
#2714=DIRECTION('',(0.577350269189625,-0.577350269189625,-0.577350269189628));
#2715=DIRECTION('',(0.,0.,-1.));
#2716=DIRECTION('',(0.678598344545841,-0.678598344545835,-0.281084637714862));
#2717=DIRECTION('center_axis',(0.,-0.707106781186546,-0.707106781186549));
#2718=DIRECTION('ref_axis',(-1.,0.,0.));
#2719=DIRECTION('',(1.,0.,0.));
#2720=DIRECTION('',(-0.281084637714831,-0.678598344545842,0.678598344545847));
#2721=DIRECTION('',(-1.,0.,0.));
#2722=DIRECTION('',(-0.28108463771483,0.67859834454584,-0.67859834454585));
#2723=DIRECTION('center_axis',(-0.707106781186561,-0.49999999999999,-0.49999999999999));
#2724=DIRECTION('ref_axis',(-0.577350269189611,0.,0.816496580927737));
#2725=DIRECTION('',(0.,0.707106781186548,-0.707106781186548));
#2726=DIRECTION('',(0.678598344545841,-0.281084637714849,-0.678598344545841));
#2727=DIRECTION('',(0.,-0.707106781186548,0.707106781186548));
#2728=DIRECTION('center_axis',(-0.707106781186548,0.,-0.707106781186548));
#2729=DIRECTION('ref_axis',(-0.707106781186548,0.,0.707106781186548));
#2730=DIRECTION('',(0.,1.,0.));
#2731=DIRECTION('',(0.678598344545841,0.281084637714833,-0.678598344545847));
#2732=DIRECTION('',(0.,-1.,0.));
#2733=DIRECTION('center_axis',(-0.499999999999999,-0.499999999999999,-0.707106781186549));
#2734=DIRECTION('ref_axis',(-0.816496580927727,0.,0.577350269189624));
#2735=DIRECTION('',(0.707106781186547,-0.707106781186548,0.));
#2736=DIRECTION('',(-0.707106781186547,0.707106781186548,0.));
#2737=DIRECTION('center_axis',(-0.499999999999994,-0.707106781186556,-0.499999999999995));
#2738=DIRECTION('ref_axis',(-0.707106781186548,0.,0.707106781186547));
#2739=DIRECTION('',(0.707106781186548,0.,-0.707106781186547));
#2740=DIRECTION('',(-0.707106781186548,0.,0.707106781186547));
#2741=DIRECTION('center_axis',(-0.707106781186548,-0.5,0.5));
#2742=DIRECTION('ref_axis',(0.577350269189625,0.,0.816496580927726));
#2743=DIRECTION('',(0.,0.707106781186548,0.707106781186548));
#2744=DIRECTION('',(0.,-0.707106781186548,-0.707106781186548));
#2745=DIRECTION('',(0.678598344545847,-0.281084637714822,0.678598344545847));
#2746=DIRECTION('center_axis',(-0.707106781186548,0.,0.707106781186548));
#2747=DIRECTION('ref_axis',(0.707106781186548,0.,0.707106781186548));
#2748=DIRECTION('',(0.,1.,0.));
#2749=DIRECTION('',(0.,-1.,0.));
#2750=DIRECTION('center_axis',(-0.707106781186548,-0.707106781186547,0.));
#2751=DIRECTION('ref_axis',(0.,0.,1.));
#2752=DIRECTION('',(0.,0.,-1.));
#2753=DIRECTION('',(0.577350269189625,-0.577350269189626,-0.577350269189626));
#2754=DIRECTION('',(0.577350269189625,-0.577350269189626,0.577350269189627));
#2755=DIRECTION('',(0.,0.,1.));
#2756=DIRECTION('center_axis',(0.,-0.707106781186548,0.707106781186548));
#2757=DIRECTION('ref_axis',(1.,0.,0.));
#2758=DIRECTION('',(-1.,0.,0.));
#2759=DIRECTION('',(0.,-0.707106781186548,-0.707106781186548));
#2760=DIRECTION('',(0.,-0.707106781186547,-0.707106781186547));
#2761=DIRECTION('',(-1.,0.,0.));
#2762=DIRECTION('center_axis',(0.,-1.,0.));
#2763=DIRECTION('ref_axis',(0.,0.,-1.));
#2764=DIRECTION('',(1.,0.,0.));
#2765=DIRECTION('',(0.,0.,-1.));
#2766=DIRECTION('center_axis',(0.,-0.707106781186548,-0.707106781186548));
#2767=DIRECTION('ref_axis',(-1.,0.,0.));
#2768=DIRECTION('',(1.,0.,0.));
#2769=DIRECTION('',(0.,0.707106781186548,-0.707106781186548));
#2770=DIRECTION('center_axis',(0.,1.,0.));
#2771=DIRECTION('ref_axis',(1.,0.,0.));
#2772=DIRECTION('',(0.577350269189624,0.,-0.816496580927727));
#2773=DIRECTION('',(0.,0.,-1.));
#2774=DIRECTION('',(0.,0.,-1.));
#2775=DIRECTION('',(-0.577350269189623,0.,-0.816496580927728));
#2776=DIRECTION('',(0.,0.,-1.));
#2777=DIRECTION('',(1.,0.,0.));
#2778=DIRECTION('',(-0.70710678118654,0.,0.707106781186555));
#2779=DIRECTION('',(0.,0.,-1.));
#2780=DIRECTION('',(0.707106781186547,0.,0.707106781186548));
#2781=DIRECTION('',(-1.,0.,0.));
#2782=DIRECTION('',(0.,0.,-1.));
#2783=DIRECTION('',(1.,0.,0.));
#2784=DIRECTION('',(-0.707106781186545,0.,0.70710678118655));
#2785=DIRECTION('',(0.,0.,-1.));
#2786=DIRECTION('',(0.707106781186544,0.,0.707106781186551));
#2787=DIRECTION('',(-1.,0.,0.));
#2788=DIRECTION('center_axis',(-0.707106781186548,-0.707106781186547,0.));
#2789=DIRECTION('ref_axis',(0.,0.,1.));
#2790=DIRECTION('',(0.,0.,1.));
#2791=DIRECTION('',(-0.577350269189625,0.577350269189625,0.577350269189627));
#2792=DIRECTION('',(-0.577350269189625,0.577350269189626,-0.577350269189626));
#2793=DIRECTION('center_axis',(-1.,0.,0.));
#2794=DIRECTION('ref_axis',(0.,0.,-1.));
#2795=DIRECTION('',(0.,0.707106781186548,-0.707106781186548));
#2796=DIRECTION('',(0.,-1.,0.));
#2797=DIRECTION('center_axis',(0.,-0.707106781186548,-0.707106781186548));
#2798=DIRECTION('ref_axis',(-1.,0.,0.));
#2799=DIRECTION('',(1.,0.,0.));
#2800=DIRECTION('',(0.,0.707106781186548,-0.707106781186548));
#2801=DIRECTION('',(-1.,0.,0.));
#2802=DIRECTION('center_axis',(0.,0.,-1.));
#2803=DIRECTION('ref_axis',(-1.,0.,0.));
#2804=DIRECTION('',(0.,-1.,0.));
#2805=DIRECTION('',(-1.,0.,0.));
#2806=DIRECTION('',(-0.707106781186547,0.707106781186548,0.));
#2807=DIRECTION('',(0.,1.,0.));
#2808=DIRECTION('center_axis',(0.707106781186541,0.,0.707106781186554));
#2809=DIRECTION('ref_axis',(0.707106781186554,0.,-0.707106781186541));
#2810=DIRECTION('',(-0.577350269189629,0.577350269189629,0.577350269189619));
#2811=DIRECTION('',(0.,-1.,0.));
#2812=DIRECTION('',(0.678598344545853,0.281084637714819,-0.678598344545841));
#2813=DIRECTION('center_axis',(0.707106781186541,0.,-0.707106781186554));
#2814=DIRECTION('ref_axis',(-0.707106781186554,0.,-0.707106781186541));
#2815=DIRECTION('',(0.577350269189629,-0.577350269189629,0.577350269189619));
#2816=DIRECTION('',(-0.678598344545838,-0.281084637714848,-0.678598344545844));
#2817=DIRECTION('center_axis',(0.707106781186542,-0.500000000000004,0.500000000000004));
#2818=DIRECTION('ref_axis',(0.577350269189632,0.,-0.816496580927722));
#2819=DIRECTION('',(0.,-0.707106781186548,-0.707106781186548));
#2820=DIRECTION('',(0.678598344545853,0.281084637714819,-0.678598344545841));
#2821=DIRECTION('center_axis',(0.707106781186551,-0.707106781186544,0.));
#2822=DIRECTION('ref_axis',(0.,0.,-1.));
#2823=DIRECTION('',(-0.678598344545841,-0.678598344545853,0.281084637714819));
#2824=DIRECTION('',(0.,0.,-1.));
#2825=DIRECTION('',(0.67859834454584,0.67859834454584,0.281084637714855));
#2826=DIRECTION('center_axis',(0.70710678118655,-0.499999999999997,0.499999999999999));
#2827=DIRECTION('ref_axis',(0.577350269189624,0.,-0.816496580927727));
#2828=DIRECTION('',(0.,-0.707106781186549,-0.707106781186546));
#2829=DIRECTION('',(-0.678598344545846,-0.281084637714827,0.678598344545846));
#2830=DIRECTION('center_axis',(0.707106781186541,0.,0.707106781186554));
#2831=DIRECTION('ref_axis',(0.707106781186554,0.,-0.707106781186541));
#2832=DIRECTION('',(0.,-1.,0.));
#2833=DIRECTION('center_axis',(0.707106781186561,-0.49999999999999,-0.49999999999999));
#2834=DIRECTION('ref_axis',(-0.577350269189611,0.,-0.816496580927737));
#2835=DIRECTION('center_axis',(0.,-0.707106781186548,0.707106781186548));
#2836=DIRECTION('ref_axis',(0.,0.707106781186548,0.707106781186548));
#2837=DIRECTION('',(-1.,0.,0.));
#2838=DIRECTION('',(-1.,0.,0.));
#2839=DIRECTION('center_axis',(0.,0.,1.));
#2840=DIRECTION('ref_axis',(1.,0.,0.));
#2841=DIRECTION('',(0.707106781186547,-0.707106781186548,0.));
#2842=DIRECTION('',(1.,0.,0.));
#2843=DIRECTION('',(0.,1.,0.));
#2844=DIRECTION('center_axis',(0.707106781186548,0.707106781186547,0.));
#2845=DIRECTION('ref_axis',(0.,0.,-1.));
#2846=DIRECTION('',(0.,0.,1.));
#2847=DIRECTION('center_axis',(-0.816496580927727,-0.408248290463862,-0.408248290463862));
#2848=DIRECTION('ref_axis',(-0.447213595499957,0.,0.894427190999916));
#2849=DIRECTION('',(0.577350269189625,-0.577350269189625,-0.577350269189627));
#2850=DIRECTION('',(-0.447213595499957,0.,0.894427190999916));
#2851=DIRECTION('',(-0.577350269189625,0.577350269189625,0.577350269189627));
#2852=DIRECTION('',(-0.194943594829642,0.860522660194796,-0.470635470535497));
#2853=DIRECTION('center_axis',(-0.408248290463867,-0.816496580927726,-0.408248290463859));
#2854=DIRECTION('ref_axis',(-0.70710678118654,0.,0.707106781186555));
#2855=DIRECTION('',(-0.577350269189626,0.577350269189626,-0.577350269189626));
#2856=DIRECTION('',(0.577350269189626,-0.577350269189626,0.577350269189626));
#2857=DIRECTION('',(-0.894427190999914,0.447213595499961,0.));
#2858=DIRECTION('',(-0.707106781186548,6.28036983473512E-15,0.707106781186548));
#2859=DIRECTION('',(0.,-0.447213595499954,0.894427190999918));
#2860=DIRECTION('center_axis',(-0.707106781186548,0.,-0.707106781186548));
#2861=DIRECTION('ref_axis',(-0.707106781186548,0.,0.707106781186548));
#2862=DIRECTION('',(0.,1.,0.));
#2863=DIRECTION('',(0.,-1.,0.));
#2864=DIRECTION('',(-0.678598344545843,-0.281084637714838,0.678598344545843));
#2865=DIRECTION('center_axis',(-0.499999999999998,-0.499999999999998,-0.70710678118655));
#2866=DIRECTION('ref_axis',(-0.816496580927728,0.,0.577350269189623));
#2867=DIRECTION('',(-0.707106781186547,0.707106781186548,0.));
#2868=DIRECTION('',(0.707106781186547,-0.707106781186548,0.));
#2869=DIRECTION('',(-0.678598344545843,-0.28108463771483,0.678598344545846));
#2870=DIRECTION('center_axis',(-0.707106781186549,0.,-0.707106781186546));
#2871=DIRECTION('ref_axis',(-0.707106781186546,0.,0.707106781186549));
#2872=DIRECTION('',(0.,1.,0.));
#2873=DIRECTION('',(-0.577350269189624,-0.577350269189626,0.577350269189627));
#2874=DIRECTION('center_axis',(0.,0.,-1.));
#2875=DIRECTION('ref_axis',(-1.,0.,0.));
#2876=DIRECTION('',(-1.,0.,0.));
#2877=DIRECTION('center_axis',(0.,-0.707106781186548,-0.707106781186547));
#2878=DIRECTION('ref_axis',(-1.,0.,0.));
#2879=DIRECTION('center_axis',(-0.707106781186549,0.,0.707106781186546));
#2880=DIRECTION('ref_axis',(0.707106781186546,0.,0.707106781186549));
#2881=DIRECTION('',(0.,1.,0.));
#2882=DIRECTION('',(-0.707106781186546,1.25607396694702E-14,-0.707106781186549));
#2883=DIRECTION('',(0.,-1.,0.));
#2884=DIRECTION('',(0.678598344545844,0.281084637714827,0.678598344545847));
#2885=DIRECTION('center_axis',(-0.408248290463863,-0.816496580927726,0.408248290463863));
#2886=DIRECTION('ref_axis',(0.707106781186547,0.,0.707106781186548));
#2887=DIRECTION('',(0.577350269189626,-0.577350269189626,-0.577350269189626));
#2888=DIRECTION('',(0.,0.447213595499958,0.894427190999916));
#2889=DIRECTION('',(0.894427190999916,-0.447213595499958,0.));
#2890=DIRECTION('',(-0.577350269189626,0.577350269189626,0.577350269189626));
#2891=DIRECTION('center_axis',(-0.500000000000001,-0.5,0.707106781186546));
#2892=DIRECTION('ref_axis',(0.816496580927725,0.,0.577350269189627));
#2893=DIRECTION('',(-0.707106781186547,0.707106781186548,0.));
#2894=DIRECTION('',(0.707106781186547,-0.707106781186548,0.));
#2895=DIRECTION('',(-0.194943594829644,0.860522660194795,0.470635470535497));
#2896=DIRECTION('',(0.678598344545848,0.281084637714817,0.678598344545848));
#2897=DIRECTION('center_axis',(-0.816496580927726,-0.408248290463863,0.408248290463863));
#2898=DIRECTION('ref_axis',(0.447213595499958,0.,0.894427190999916));
#2899=DIRECTION('',(0.577350269189626,-0.577350269189626,0.577350269189626));
#2900=DIRECTION('',(0.447213595499958,0.,0.894427190999916));
#2901=DIRECTION('',(-0.577350269189626,0.577350269189626,-0.577350269189626));
#2902=DIRECTION('center_axis',(0.,-0.707106781186548,0.707106781186547));
#2903=DIRECTION('ref_axis',(1.,0.,0.));
#2904=DIRECTION('',(1.,0.,0.));
#2905=DIRECTION('',(0.577350269189626,0.577350269189626,0.577350269189626));
#2906=DIRECTION('',(0.577350269189625,-0.577350269189626,-0.577350269189626));
#2907=DIRECTION('center_axis',(0.,0.,1.));
#2908=DIRECTION('ref_axis',(1.,0.,0.));
#2909=DIRECTION('',(0.,-1.,0.));
#2910=DIRECTION('center_axis',(-0.707106781186548,0.,0.707106781186548));
#2911=DIRECTION('ref_axis',(0.707106781186548,0.,0.707106781186548));
#2912=DIRECTION('',(0.577350269189626,-0.577350269189626,0.577350269189626));
#2913=DIRECTION('center_axis',(-0.707106781186549,0.,0.707106781186546));
#2914=DIRECTION('ref_axis',(0.707106781186546,0.,0.707106781186549));
#2915=DIRECTION('',(0.,1.,0.));
#2916=DIRECTION('',(-0.707106781186546,0.,-0.707106781186549));
#2917=DIRECTION('',(0.,-1.,0.));
#2918=DIRECTION('',(0.678598344545846,0.281084637714827,0.678598344545845));
#2919=DIRECTION('center_axis',(-0.5,-0.499999999999999,0.707106781186548));
#2920=DIRECTION('ref_axis',(0.816496580927726,0.,0.577350269189625));
#2921=DIRECTION('',(0.707106781186547,-0.707106781186548,0.));
#2922=DIRECTION('',(-0.194943594829618,0.860522660194789,0.47063547053552));
#2923=DIRECTION('',(0.678598344545845,0.281084637714824,0.678598344545847));
#2924=DIRECTION('',(-0.707106781186547,0.707106781186548,0.));
#2925=DIRECTION('center_axis',(-0.816496580927727,-0.408248290463853,0.408248290463872));
#2926=DIRECTION('ref_axis',(0.447213595499966,0.,0.894427190999912));
#2927=DIRECTION('',(0.577350269189625,-0.577350269189626,0.577350269189627));
#2928=DIRECTION('',(0.447213595499966,0.,0.894427190999912));
#2929=DIRECTION('',(0.,-0.707106781186564,-0.707106781186531));
#2930=DIRECTION('',(-0.577350269189625,0.577350269189626,-0.577350269189627));
#2931=DIRECTION('center_axis',(-0.408248290463865,-0.816496580927726,0.408248290463861));
#2932=DIRECTION('ref_axis',(0.707106781186544,0.,0.707106781186551));
#2933=DIRECTION('',(0.577350269189626,-0.577350269189626,-0.577350269189626));
#2934=DIRECTION('',(0.,0.447213595499956,0.894427190999917));
#2935=DIRECTION('',(0.894427190999915,-0.44721359549996,0.));
#2936=DIRECTION('',(-0.577350269189626,0.577350269189626,0.577350269189626));
#2937=DIRECTION('center_axis',(-0.707106781186548,-0.707106781186547,0.));
#2938=DIRECTION('ref_axis',(0.,0.,1.));
#2939=DIRECTION('',(0.,0.,-1.));
#2940=DIRECTION('',(-0.707106781186547,0.707106781186548,0.));
#2941=DIRECTION('',(-0.577350269189624,0.577350269189625,0.577350269189628));
#2942=DIRECTION('',(0.,-1.43270759553518E-16,-1.));
#2943=DIRECTION('center_axis',(-1.,0.,0.));
#2944=DIRECTION('ref_axis',(0.,0.,1.));
#2945=DIRECTION('',(0.,0.,1.));
#2946=DIRECTION('',(0.,-0.447213595499957,0.894427190999917));
#2947=DIRECTION('',(0.,1.,0.));
#2948=DIRECTION('center_axis',(-0.707106781186548,-0.707106781186548,0.));
#2949=DIRECTION('ref_axis',(0.,0.,1.));
#2950=DIRECTION('',(-0.577350269189626,0.577350269189626,-0.577350269189626));
#2951=DIRECTION('center_axis',(-0.408248290463864,-0.816496580927726,-0.408248290463862));
#2952=DIRECTION('ref_axis',(-0.707106781186545,0.,0.70710678118655));
#2953=DIRECTION('',(0.577350269189626,-0.577350269189626,0.577350269189626));
#2954=DIRECTION('',(-0.894427190999915,0.447213595499959,0.));
#2955=DIRECTION('',(-0.707106781186546,-6.28036983473511E-15,0.707106781186549));
#2956=DIRECTION('center_axis',(-0.707106781186549,0.,-0.707106781186546));
#2957=DIRECTION('ref_axis',(-0.707106781186546,0.,0.707106781186549));
#2958=DIRECTION('',(0.,-1.,0.));
#2959=DIRECTION('',(-0.678598344545842,-0.281084637714838,0.678598344545845));
#2960=DIRECTION('center_axis',(-0.816496580927727,-0.40824829046386,-0.408248290463864));
#2961=DIRECTION('ref_axis',(-0.447213595499958,0.,0.894427190999916));
#2962=DIRECTION('',(0.577350269189624,-0.577350269189625,-0.577350269189628));
#2963=DIRECTION('',(-0.447213595499958,0.,0.894427190999916));
#2964=DIRECTION('',(-0.194943594829644,0.860522660194794,-0.4706354705355));
#2965=DIRECTION('center_axis',(-0.499999999999999,-0.499999999999999,-0.707106781186549));
#2966=DIRECTION('ref_axis',(-0.816496580927727,0.,0.577350269189625));
#2967=DIRECTION('',(0.707106781186547,-0.707106781186548,0.));
#2968=DIRECTION('',(-0.678598344545843,-0.281084637714828,0.678598344545848));
#2969=DIRECTION('center_axis',(-0.707106781186548,-0.707106781186547,0.));
#2970=DIRECTION('ref_axis',(0.,0.,1.));
#2971=DIRECTION('',(-0.577350269189624,0.577350269189625,0.577350269189628));
#2972=DIRECTION('',(-0.577350269189625,0.577350269189626,-0.577350269189626));
#2973=DIRECTION('center_axis',(-0.70710678118655,0.,-0.707106781186545));
#2974=DIRECTION('ref_axis',(-0.707106781186545,0.,0.70710678118655));
#2975=DIRECTION('',(0.,1.,0.));
#2976=DIRECTION('',(-0.577350269189623,-0.577350269189627,0.577350269189627));
#2977=DIRECTION('center_axis',(-0.707106781186549,0.,0.707106781186546));
#2978=DIRECTION('ref_axis',(0.707106781186546,0.,0.707106781186549));
#2979=DIRECTION('',(0.,1.,0.));
#2980=DIRECTION('',(0.577350269189625,0.577350269189626,0.577350269189626));
#2981=DIRECTION('',(0.,-1.,0.));
#2982=DIRECTION('center_axis',(0.,0.,1.));
#2983=DIRECTION('ref_axis',(1.,0.,0.));
#2984=DIRECTION('',(1.,0.,0.));
#2985=DIRECTION('center_axis',(0.,-0.707106781186548,-0.707106781186547));
#2986=DIRECTION('ref_axis',(-1.,0.,0.));
#2987=DIRECTION('',(-1.,0.,0.));
#2988=DIRECTION('center_axis',(0.,-0.707106781186548,0.707106781186547));
#2989=DIRECTION('ref_axis',(1.,0.,0.));
#2990=DIRECTION('center_axis',(-0.707106781186548,-0.707106781186548,0.));
#2991=DIRECTION('ref_axis',(0.,0.,1.));
#2992=DIRECTION('',(0.,0.,1.));
#2993=DIRECTION('center_axis',(-1.,0.,0.));
#2994=DIRECTION('ref_axis',(0.,0.,1.));
#2995=DIRECTION('',(0.,0.,-1.));
#2996=DIRECTION('center_axis',(0.,-1.,0.));
#2997=DIRECTION('ref_axis',(0.,0.,-1.));
#2998=DIRECTION('',(0.,-1.43270759553518E-16,-1.));
#2999=DIRECTION('',(1.,0.,0.));
#3000=DIRECTION('center_axis',(-0.707106781186548,-0.707106781186547,0.));
#3001=DIRECTION('ref_axis',(0.,0.,1.));
#3002=DIRECTION('center_axis',(0.,0.,-1.));
#3003=DIRECTION('ref_axis',(-1.,0.,0.));
#3004=DIRECTION('center_axis',(-1.,0.,0.));
#3005=DIRECTION('ref_axis',(0.,0.,-1.));
#3006=DIRECTION('center_axis',(0.,-0.707106781186546,0.707106781186549));
#3007=DIRECTION('ref_axis',(1.,0.,0.));
#3008=DIRECTION('',(-1.,0.,0.));
#3009=DIRECTION('center_axis',(0.,0.,1.));
#3010=DIRECTION('ref_axis',(-1.,0.,0.));
#3011=DIRECTION('center_axis',(0.70710678118655,-0.499999999999998,-0.499999999999998));
#3012=DIRECTION('ref_axis',(-0.577350269189623,0.,-0.816496580927728));
#3013=DIRECTION('',(0.,-0.707106781186548,0.707106781186548));
#3014=DIRECTION('',(-0.678598344545845,-0.678598344545848,-0.281084637714821));
#3015=DIRECTION('center_axis',(0.707106781186549,-0.707106781186546,0.));
#3016=DIRECTION('ref_axis',(0.,0.,-1.));
#3017=DIRECTION('',(0.,0.,1.));
#3018=DIRECTION('',(0.,-1.28197512425571E-15,-1.));
#3019=DIRECTION('',(0.,0.,1.));
#3020=DIRECTION('',(-0.678598344545845,-0.678598344545848,0.281084637714822));
#3021=DIRECTION('center_axis',(0.707106781186549,-0.499999999999999,0.499999999999999));
#3022=DIRECTION('ref_axis',(0.577350269189624,0.,-0.816496580927728));
#3023=DIRECTION('',(0.,0.707106781186547,0.707106781186547));
#3024=DIRECTION('',(-0.707106781186546,-0.500000000000001,0.500000000000001));
#3025=DIRECTION('center_axis',(0.707106781186549,-0.499999999999999,0.499999999999999));
#3026=DIRECTION('ref_axis',(0.577350269189624,0.,-0.816496580927727));
#3027=DIRECTION('',(0.,0.707106781186548,0.707106781186548));
#3028=DIRECTION('center_axis',(1.,0.,0.));
#3029=DIRECTION('ref_axis',(0.,0.,1.));
#3030=DIRECTION('',(0.,-0.866025403784439,-0.499999999999999));
#3031=DIRECTION('',(0.,0.866025403784438,-0.500000000000001));
#3032=DIRECTION('center_axis',(0.707106781186542,0.353553390593277,0.612372435695799));
#3033=DIRECTION('ref_axis',(0.654653670707983,0.,-0.75592894601845));
#3034=DIRECTION('',(0.,0.866025403784438,-0.5));
#3035=DIRECTION('',(-0.654653670707983,7.26811578375368E-16,0.755928946018449));
#3036=DIRECTION('',(0.,-0.866025403784438,0.5));
#3037=DIRECTION('',(0.654653670707982,-0.654653670707975,-0.377964473009223));
#3038=DIRECTION('center_axis',(0.707106781186542,-0.353553390593276,0.612372435695799));
#3039=DIRECTION('ref_axis',(0.654653670707983,0.,-0.755928946018449));
#3040=DIRECTION('',(0.,0.866025403784439,0.499999999999999));
#3041=DIRECTION('',(-0.654653670707983,-0.654653670707973,0.377964473009224));
#3042=DIRECTION('',(0.,-0.866025403784439,-0.499999999999999));
#3043=DIRECTION('center_axis',(0.707106781186543,-0.707106781186553,6.79869977755264E-16));
#3044=DIRECTION('ref_axis',(9.61481343191796E-16,0.,-1.));
#3045=DIRECTION('',(0.,9.61481343191782E-16,1.));
#3046=DIRECTION('',(-0.654653670707982,-0.654653670707974,-0.377964473009224));
#3047=DIRECTION('',(0.,-9.61481343191782E-16,-1.));
#3048=DIRECTION('center_axis',(0.707106781186543,-0.353553390593277,-0.612372435695798));
#3049=DIRECTION('ref_axis',(-0.654653670707982,0.,-0.75592894601845));
#3050=DIRECTION('',(0.,-0.866025403784438,0.500000000000001));
#3051=DIRECTION('',(-0.654653670707983,-7.26811578375368E-16,-0.755928946018449));
#3052=DIRECTION('',(0.,0.866025403784438,-0.500000000000001));
#3053=DIRECTION('center_axis',(0.707106781186542,0.353553390593276,-0.6123724356958));
#3054=DIRECTION('ref_axis',(-0.654653670707983,0.,-0.755928946018449));
#3055=DIRECTION('',(0.,0.866025403784439,0.499999999999999));
#3056=DIRECTION('',(-0.654653670707983,0.654653670707974,-0.377964473009224));
#3057=DIRECTION('center_axis',(0.707106781186544,0.707106781186551,-9.06493303673683E-16));
#3058=DIRECTION('ref_axis',(-1.28197512425572E-15,0.,-1.));
#3059=DIRECTION('',(0.,1.28197512425571E-15,1.));
#3060=DIRECTION('center_axis',(0.,-0.499999999999999,0.866025403784439));
#3061=DIRECTION('ref_axis',(0.,0.866025403784439,0.499999999999999));
#3062=DIRECTION('',(-1.,0.,0.));
#3063=DIRECTION('',(-1.,0.,0.));
#3064=DIRECTION('center_axis',(0.,-1.,1.28197512425571E-15));
#3065=DIRECTION('ref_axis',(0.,1.28197512425571E-15,1.));
#3066=DIRECTION('',(-1.,0.,0.));
#3067=DIRECTION('center_axis',(0.,-0.5,-0.866025403784438));
#3068=DIRECTION('ref_axis',(0.,-0.866025403784438,0.5));
#3069=DIRECTION('',(-1.,0.,0.));
#3070=DIRECTION('center_axis',(1.,0.,0.));
#3071=DIRECTION('ref_axis',(0.,0.,1.));
#3072=DIRECTION('',(0.,-0.866025403784438,0.5));
#3073=DIRECTION('center_axis',(1.,0.,0.));
#3074=DIRECTION('ref_axis',(0.,0.,1.));
#3075=DIRECTION('center_axis',(0.,0.499999999999999,-0.866025403784439));
#3076=DIRECTION('ref_axis',(0.,-0.866025403784439,-0.499999999999999));
#3077=DIRECTION('',(-1.,0.,0.));
#3078=DIRECTION('center_axis',(0.,1.,-9.61481343191782E-16));
#3079=DIRECTION('ref_axis',(0.,-9.61481343191782E-16,-1.));
#3080=DIRECTION('',(-1.,0.,0.));
#3081=DIRECTION('center_axis',(0.,0.500000000000001,0.866025403784438));
#3082=DIRECTION('ref_axis',(0.,0.866025403784438,-0.500000000000001));
#3083=DIRECTION('center_axis',(-0.707106781186549,0.,0.707106781186546));
#3084=DIRECTION('ref_axis',(0.707106781186546,0.,0.707106781186549));
#3085=DIRECTION('',(-0.707106781186546,0.,-0.707106781186549));
#3086=DIRECTION('',(0.,-1.,0.));
#3087=DIRECTION('center_axis',(-0.707106781186547,0.,-0.707106781186548));
#3088=DIRECTION('ref_axis',(-0.707106781186548,0.,0.707106781186547));
#3089=DIRECTION('',(0.,1.,0.));
#3090=DIRECTION('',(0.707106781186548,0.,-0.707106781186547));
#3091=DIRECTION('center_axis',(-1.,0.,0.));
#3092=DIRECTION('ref_axis',(0.,0.,1.));
#3093=DIRECTION('',(0.,0.,1.));
#3094=DIRECTION('center_axis',(0.,1.,0.));
#3095=DIRECTION('ref_axis',(0.,0.,1.));
#3096=CARTESIAN_POINT('',(0.,0.,0.));
#3097=CARTESIAN_POINT('Origin',(-53.75,-4.,-5.3));
#3098=CARTESIAN_POINT('',(-54.,-4.,-3.7));
#3099=CARTESIAN_POINT('Origin',(-54.,-4.,-5.3));
#3100=CARTESIAN_POINT('',(-53.5,-4.,-3.2));
#3101=CARTESIAN_POINT('',(-53.75,-4.,-3.45));
#3102=CARTESIAN_POINT('Origin',(-53.5,-4.,-5.3));
#3103=CARTESIAN_POINT('Origin',(-53.5,-4.,-5.3));
#3104=CARTESIAN_POINT('',(-53.5,-7.,-7.03205080756888));
#3105=CARTESIAN_POINT('',(-53.5,-7.,-3.56794919243112));
#3106=CARTESIAN_POINT('',(-53.5,-7.,-3.56794919243112));
#3107=CARTESIAN_POINT('',(-53.5,-4.,-8.76410161513776));
#3108=CARTESIAN_POINT('',(-53.5,-7.,-7.03205080756888));
#3109=CARTESIAN_POINT('',(-53.5,-1.,-7.03205080756888));
#3110=CARTESIAN_POINT('',(-53.5,-4.,-8.76410161513776));
#3111=CARTESIAN_POINT('',(-53.5,-0.999999999999998,-3.56794919243113));
#3112=CARTESIAN_POINT('',(-53.5,-1.,-7.03205080756888));
#3113=CARTESIAN_POINT('',(-53.5,-4.,-1.83589838486225));
#3114=CARTESIAN_POINT('',(-53.5,-0.999999999999998,-3.56794919243113));
#3115=CARTESIAN_POINT('',(-53.5,-4.,-1.83589838486225));
#3116=CARTESIAN_POINT('Origin',(-51.5,-4.,-5.3));
#3117=CARTESIAN_POINT('',(-56.5,-4.,-3.7));
#3118=CARTESIAN_POINT('',(-51.5,-4.,-3.7));
#3119=CARTESIAN_POINT('Origin',(-56.5,-4.,-5.3));
#3120=CARTESIAN_POINT('Origin',(54.,-5.48190689107606,0.69999999999999));
#3121=CARTESIAN_POINT('',(54.5,-20.9638137821521,0.199999999999995));
#3122=CARTESIAN_POINT('',(53.5,-20.9638137821521,1.19999999999999));
#3123=CARTESIAN_POINT('',(54.5,-20.9638137821521,0.199999999999995));
#3124=CARTESIAN_POINT('',(53.5,-10.9638137821521,1.19999999999999));
#3125=CARTESIAN_POINT('',(53.5,-5.48190689107606,1.19999999999999));
#3126=CARTESIAN_POINT('',(54.5,-10.9638137821521,0.199999999999992));
#3127=CARTESIAN_POINT('',(53.5,-10.9638137821521,1.19999999999999));
#3128=CARTESIAN_POINT('',(54.5,-5.48190689107606,0.199999999999992));
#3129=CARTESIAN_POINT('Origin',(54.,-20.9638137821521,-5.80000000000001));
#3130=CARTESIAN_POINT('',(54.5,-20.9638137821521,-11.8));
#3131=CARTESIAN_POINT('',(53.5,-20.9638137821521,-12.8));
#3132=CARTESIAN_POINT('',(54.5,-20.9638137821521,-11.8));
#3133=CARTESIAN_POINT('Origin',(53.5,-20.9638137821521,-5.80000000000001));
#3134=CARTESIAN_POINT('Origin',(54.5,-20.9638137821521,-5.80000000000001));
#3135=CARTESIAN_POINT('Origin',(54.,-10.4819068910761,-12.3));
#3136=CARTESIAN_POINT('',(54.5,-10.9638137821521,-11.8));
#3137=CARTESIAN_POINT('',(53.5,-10.9638137821521,-12.8));
#3138=CARTESIAN_POINT('',(54.5,-10.9638137821521,-11.8));
#3139=CARTESIAN_POINT('',(53.5,-10.4819068910761,-12.8));
#3140=CARTESIAN_POINT('',(54.5,-10.4819068910761,-11.8));
#3141=CARTESIAN_POINT('Origin',(54.,-10.9638137821521,-5.80000000000001));
#3142=CARTESIAN_POINT('Origin',(53.5,-10.9638137821521,-5.80000000000001));
#3143=CARTESIAN_POINT('Origin',(54.5,-10.9638137821521,-5.80000000000001));
#3144=CARTESIAN_POINT('Origin',(53.5,-20.9638137821521,-5.80000000000001));
#3145=CARTESIAN_POINT('',(55.5,-20.9638137821521,0.199999999999995));
#3146=CARTESIAN_POINT('',(53.5,-20.9638137821521,0.199999999999995));
#3147=CARTESIAN_POINT('',(55.5,-20.9638137821521,-11.8));
#3148=CARTESIAN_POINT('Origin',(55.5,-20.9638137821521,-5.80000000000001));
#3149=CARTESIAN_POINT('',(53.5,-20.9638137821521,-11.8));
#3150=CARTESIAN_POINT('Origin',(53.5,-10.9638137821521,0.199999999999993));
#3151=CARTESIAN_POINT('',(55.5,-10.9638137821521,0.199999999999992));
#3152=CARTESIAN_POINT('',(53.5,-10.9638137821521,0.199999999999992));
#3153=CARTESIAN_POINT('',(55.5,-5.48190689107606,0.199999999999992));
#3154=CARTESIAN_POINT('Origin',(53.5,0.,36.3));
#3155=CARTESIAN_POINT('',(53.5,-29.04,5.81237243569577));
#3156=CARTESIAN_POINT('',(53.5,-29.04,-17.4123724356958));
#3157=CARTESIAN_POINT('',(53.5,-29.04,0.));
#3158=CARTESIAN_POINT('',(53.5,-28.9276275643042,5.69999999999999));
#3159=CARTESIAN_POINT('',(53.5,-29.4988137821521,6.27118621784781));
#3160=CARTESIAN_POINT('',(53.5,-3.,5.69999999999999));
#3161=CARTESIAN_POINT('',(53.5,-14.77,5.69999999999999));
#3162=CARTESIAN_POINT('',(53.5,-3.,-17.3));
#3163=CARTESIAN_POINT('',(53.5,-3.,18.15));
#3164=CARTESIAN_POINT('',(53.5,-28.9276275643042,-17.3));
#3165=CARTESIAN_POINT('',(53.5,-14.77,-17.3));
#3166=CARTESIAN_POINT('',(53.5,-8.44881378215212,3.17881378215211));
#3167=CARTESIAN_POINT('Origin',(56.,-5.48190689107606,0.69999999999999));
#3168=CARTESIAN_POINT('',(56.5,-10.9638137821521,1.19999999999999));
#3169=CARTESIAN_POINT('',(55.5,-10.9638137821521,0.199999999999992));
#3170=CARTESIAN_POINT('',(56.5,-20.9638137821521,1.19999999999999));
#3171=CARTESIAN_POINT('',(56.5,-5.48190689107606,1.19999999999999));
#3172=CARTESIAN_POINT('',(56.5,-20.9638137821521,1.19999999999999));
#3173=CARTESIAN_POINT('Origin',(56.,-10.9638137821521,-5.80000000000001));
#3174=CARTESIAN_POINT('',(55.5,-10.9638137821521,-11.8));
#3175=CARTESIAN_POINT('',(56.5,-10.9638137821521,-12.8));
#3176=CARTESIAN_POINT('',(55.5,-10.9638137821521,-11.8));
#3177=CARTESIAN_POINT('Origin',(56.5,-10.9638137821521,-5.80000000000001));
#3178=CARTESIAN_POINT('Origin',(55.5,-10.9638137821521,-5.80000000000001));
#3179=CARTESIAN_POINT('Origin',(56.,-10.4819068910761,-12.3));
#3180=CARTESIAN_POINT('',(56.5,-20.9638137821521,-12.8));
#3181=CARTESIAN_POINT('',(55.5,-20.9638137821521,-11.8));
#3182=CARTESIAN_POINT('',(56.5,-10.4819068910761,-12.8));
#3183=CARTESIAN_POINT('',(55.5,-10.4819068910761,-11.8));
#3184=CARTESIAN_POINT('Origin',(56.,-20.9638137821521,-5.80000000000001));
#3185=CARTESIAN_POINT('Origin',(56.5,-20.9638137821521,-5.80000000000001));
#3186=CARTESIAN_POINT('Origin',(53.5,-10.9638137821521,-5.80000000000001));
#3187=CARTESIAN_POINT('',(53.5,-10.9638137821521,-11.8));
#3188=CARTESIAN_POINT('Origin',(56.5,0.,36.3));
#3189=CARTESIAN_POINT('',(56.5,-9.52589321881345,35.8));
#3190=CARTESIAN_POINT('',(56.5,0.,35.8));
#3191=CARTESIAN_POINT('',(56.5,0.,35.8));
#3192=CARTESIAN_POINT('',(56.5,-20.1328932188135,25.193));
#3193=CARTESIAN_POINT('',(56.5,-12.2496966094067,33.0761966094067));
#3194=CARTESIAN_POINT('',(56.5,-28.3328932188134,25.193));
#3195=CARTESIAN_POINT('',(56.5,-10.17,25.193));
#3196=CARTESIAN_POINT('',(56.5,-29.04,24.4858932188135));
#3197=CARTESIAN_POINT('',(56.5,-18.6496966094067,34.8761966094067));
#3198=CARTESIAN_POINT('',(56.5,-29.04,18.7));
#3199=CARTESIAN_POINT('',(56.5,-29.04,0.));
#3200=CARTESIAN_POINT('',(56.5,-25.54,22.2));
#3201=CARTESIAN_POINT('Origin',(56.5,-25.54,18.7));
#3202=CARTESIAN_POINT('Origin',(56.5,-25.54,18.7));
#3203=CARTESIAN_POINT('',(56.5,-29.04,-29.3));
#3204=CARTESIAN_POINT('',(56.5,-29.04,0.));
#3205=CARTESIAN_POINT('',(56.5,-25.54,-25.8));
#3206=CARTESIAN_POINT('Origin',(56.5,-25.54,-29.3));
#3207=CARTESIAN_POINT('Origin',(56.5,-25.54,-29.3));
#3208=CARTESIAN_POINT('',(56.5,-29.04,-35.0928932188134));
#3209=CARTESIAN_POINT('',(56.5,-29.04,0.));
#3210=CARTESIAN_POINT('',(56.5,-28.3328932188134,-35.8));
#3211=CARTESIAN_POINT('',(56.5,-39.4514466094067,-24.6814466094067));
#3212=CARTESIAN_POINT('',(56.5,0.,-35.8));
#3213=CARTESIAN_POINT('',(56.5,0.,-35.8));
#3214=CARTESIAN_POINT('',(56.5,0.,18.15));
#3215=CARTESIAN_POINT('Origin',(53.5,-20.9638137821521,-11.8));
#3216=CARTESIAN_POINT('Origin',(55.25,-25.54,-29.3));
#3217=CARTESIAN_POINT('',(55.,-25.54,-27.7));
#3218=CARTESIAN_POINT('Origin',(55.,-25.54,-29.3));
#3219=CARTESIAN_POINT('',(55.5,-25.54,-27.2));
#3220=CARTESIAN_POINT('',(55.25,-25.54,-27.45));
#3221=CARTESIAN_POINT('Origin',(55.5,-25.54,-29.3));
#3222=CARTESIAN_POINT('Origin',(55.5,-25.54,-29.3));
#3223=CARTESIAN_POINT('',(55.5,-25.54,-26.3));
#3224=CARTESIAN_POINT('Origin',(55.5,-25.54,-29.3));
#3225=CARTESIAN_POINT('Origin',(56.5,-25.54,-29.3));
#3226=CARTESIAN_POINT('',(53.5,-25.54,-27.7));
#3227=CARTESIAN_POINT('',(56.5,-25.54,-27.7));
#3228=CARTESIAN_POINT('Origin',(53.5,-25.54,-29.3));
#3229=CARTESIAN_POINT('Origin',(55.25,-25.54,18.7));
#3230=CARTESIAN_POINT('',(55.,-25.54,20.3));
#3231=CARTESIAN_POINT('Origin',(55.,-25.54,18.7));
#3232=CARTESIAN_POINT('',(55.5,-25.54,20.8));
#3233=CARTESIAN_POINT('',(55.25,-25.54,20.55));
#3234=CARTESIAN_POINT('Origin',(55.5,-25.54,18.7));
#3235=CARTESIAN_POINT('Origin',(55.5,-25.54,18.7));
#3236=CARTESIAN_POINT('',(55.5,-25.54,21.7));
#3237=CARTESIAN_POINT('Origin',(55.5,-25.54,18.7));
#3238=CARTESIAN_POINT('Origin',(56.5,-25.54,18.7));
#3239=CARTESIAN_POINT('',(53.5,-25.54,20.3));
#3240=CARTESIAN_POINT('',(56.5,-25.54,20.3));
#3241=CARTESIAN_POINT('Origin',(53.5,-25.54,18.7));
#3242=CARTESIAN_POINT('Origin',(56.25,-25.54,18.7));
#3243=CARTESIAN_POINT('',(56.,-25.54,21.7));
#3244=CARTESIAN_POINT('',(56.25,-25.54,21.95));
#3245=CARTESIAN_POINT('Origin',(56.,-25.54,18.7));
#3246=CARTESIAN_POINT('Origin',(56.5,-25.54,18.7));
#3247=CARTESIAN_POINT('',(56.5,-25.54,21.7));
#3248=CARTESIAN_POINT('Origin',(56.25,-25.54,-29.3));
#3249=CARTESIAN_POINT('',(56.,-25.54,-26.3));
#3250=CARTESIAN_POINT('',(56.25,-25.54,-26.05));
#3251=CARTESIAN_POINT('Origin',(56.,-25.54,-29.3));
#3252=CARTESIAN_POINT('Origin',(56.5,-25.54,-29.3));
#3253=CARTESIAN_POINT('',(56.5,-25.54,-26.3));
#3254=CARTESIAN_POINT('Origin',(53.75,-29.29,0.));
#3255=CARTESIAN_POINT('',(54.,-29.54,-16.9123724356958));
#3256=CARTESIAN_POINT('',(53.9816241452319,-29.5216241452319,-16.9307482904639));
#3257=CARTESIAN_POINT('',(54.,-29.54,5.31237243569579));
#3258=CARTESIAN_POINT('',(54.,-29.54,0.));
#3259=CARTESIAN_POINT('',(54.7149574785653,-30.2549574785653,4.59741495713052));
#3260=CARTESIAN_POINT('Origin',(53.75,-29.29,0.));
#3261=CARTESIAN_POINT('',(53.5,-29.04,24.4858932188135));
#3262=CARTESIAN_POINT('',(53.5,-29.04,10.5876275643042));
#3263=CARTESIAN_POINT('',(53.5,-29.04,0.));
#3264=CARTESIAN_POINT('',(54.,-29.54,11.0876275643042));
#3265=CARTESIAN_POINT('',(48.1482908118986,-23.6882908118985,5.2359183762029));
#3266=CARTESIAN_POINT('',(54.,-29.54,24.693));
#3267=CARTESIAN_POINT('',(54.,-29.54,0.));
#3268=CARTESIAN_POINT('',(54.,-29.54,24.693));
#3269=CARTESIAN_POINT('Origin',(53.75,-18.8264733047033,35.0529733047034));
#3270=CARTESIAN_POINT('',(54.,-28.54,25.693));
#3271=CARTESIAN_POINT('',(54.,-19.00325,35.22975));
#3272=CARTESIAN_POINT('',(53.5,-28.3328932188134,25.193));
#3273=CARTESIAN_POINT('',(54.,-28.54,25.693));
#3274=CARTESIAN_POINT('',(53.5,-18.6496966094067,34.8761966094067));
#3275=CARTESIAN_POINT('Origin',(53.75,0.,36.05));
#3276=CARTESIAN_POINT('',(54.,-9.733,36.3));
#3277=CARTESIAN_POINT('',(54.,-2.79289321881346,36.3));
#3278=CARTESIAN_POINT('',(54.,0.,36.3));
#3279=CARTESIAN_POINT('',(53.5,-3.,35.8));
#3280=CARTESIAN_POINT('',(54.,-2.79289321881346,36.3));
#3281=CARTESIAN_POINT('',(53.5,-9.52589321881345,35.8));
#3282=CARTESIAN_POINT('',(53.5,0.,35.8));
#3283=CARTESIAN_POINT('',(53.5,-9.52589321881345,35.8));
#3284=CARTESIAN_POINT('Origin',(24.6767766952967,26.1767766952966,36.05));
#3285=CARTESIAN_POINT('',(50.7071067811865,0.5,36.3));
#3286=CARTESIAN_POINT('',(24.8535533905933,26.3535533905933,36.3));
#3287=CARTESIAN_POINT('',(50.5,0.,35.8));
#3288=CARTESIAN_POINT('',(50.7071067811865,0.5,36.3));
#3289=CARTESIAN_POINT('',(24.5,26.,35.8));
#3290=CARTESIAN_POINT('Origin',(-28.25,0.25,36.05));
#3291=CARTESIAN_POINT('',(-55.5,0.5,36.3));
#3292=CARTESIAN_POINT('',(-28.25,0.5,36.3));
#3293=CARTESIAN_POINT('',(-55.2928932188135,0.,35.8));
#3294=CARTESIAN_POINT('',(-55.5,0.5,36.3));
#3295=CARTESIAN_POINT('',(-28.25,0.,35.8));
#3296=CARTESIAN_POINT('Origin',(-50.7732233047034,0.25,40.6732233047033));
#3297=CARTESIAN_POINT('',(-56.5,0.5,35.3));
#3298=CARTESIAN_POINT('',(-50.9500000000001,0.5,40.85));
#3299=CARTESIAN_POINT('',(-56.,0.,35.0928932188135));
#3300=CARTESIAN_POINT('',(-56.5,0.5,35.3));
#3301=CARTESIAN_POINT('',(-50.5964466094068,0.,40.4964466094067));
#3302=CARTESIAN_POINT('Origin',(-56.25,0.25,-18.15));
#3303=CARTESIAN_POINT('',(-56.5,0.500000000000003,6.49289321881344));
#3304=CARTESIAN_POINT('',(-56.5,0.5,-18.15));
#3305=CARTESIAN_POINT('',(-56.,0.,6.7));
#3306=CARTESIAN_POINT('',(-56.5,0.5,6.49289321881344));
#3307=CARTESIAN_POINT('',(-56.,0.,-18.15));
#3308=CARTESIAN_POINT('Origin',(-56.25,-12.5732233047034,-6.22677669529664));
#3309=CARTESIAN_POINT('',(-56.5,-7.5,-1.50710678118656));
#3310=CARTESIAN_POINT('',(-56.5,-12.3964466094067,-6.40355339059328));
#3311=CARTESIAN_POINT('',(-56.,-8.,-1.3));
#3312=CARTESIAN_POINT('',(-56.5,-7.5,-1.50710678118656));
#3313=CARTESIAN_POINT('',(-56.,-12.75,-6.05));
#3314=CARTESIAN_POINT('Origin',(-56.25,-7.75,-20.8));
#3315=CARTESIAN_POINT('',(-56.5,-7.5,-9.09289321881346));
#3316=CARTESIAN_POINT('',(-56.5,-7.5,-20.8));
#3317=CARTESIAN_POINT('',(-56.,-8.,-9.3));
#3318=CARTESIAN_POINT('',(-56.5,-7.5,-9.09289321881347));
#3319=CARTESIAN_POINT('',(-56.,-8.,-20.8));
#3320=CARTESIAN_POINT('Origin',(-56.25,2.92677669529663,-19.8732233047034));
#3321=CARTESIAN_POINT('',(-56.5,0.5,-17.0928932188135));
#3322=CARTESIAN_POINT('',(-56.5,3.10355339059327,-19.6964466094067));
#3323=CARTESIAN_POINT('',(-56.,0.,-17.3));
#3324=CARTESIAN_POINT('',(-56.5,0.5,-17.0928932188135));
#3325=CARTESIAN_POINT('',(-56.,2.75,-20.05));
#3326=CARTESIAN_POINT('Origin',(-56.25,0.25,-18.15));
#3327=CARTESIAN_POINT('',(-56.5,0.5,-33.3));
#3328=CARTESIAN_POINT('',(-56.5,0.5,-18.15));
#3329=CARTESIAN_POINT('',(-56.,0.,-33.0928932188134));
#3330=CARTESIAN_POINT('',(-56.5,0.5,-33.3));
#3331=CARTESIAN_POINT('',(-56.,0.,-18.15));
#3332=CARTESIAN_POINT('Origin',(53.75,-29.29,0.));
#3333=CARTESIAN_POINT('',(54.,-29.54,-35.3));
#3334=CARTESIAN_POINT('',(54.,-29.54,-22.6876275643042));
#3335=CARTESIAN_POINT('',(54.,-29.54,0.));
#3336=CARTESIAN_POINT('',(53.5,-29.04,-22.1876275643042));
#3337=CARTESIAN_POINT('',(48.8816241452319,-24.4216241452319,-17.5692517095361));
#3338=CARTESIAN_POINT('',(53.5,-29.04,-35.0928932188134));
#3339=CARTESIAN_POINT('',(53.5,-29.04,0.));
#3340=CARTESIAN_POINT('',(53.5,-29.04,-35.0928932188134));
#3341=CARTESIAN_POINT('Origin',(28.25,0.25,-36.05));
#3342=CARTESIAN_POINT('',(-53.5,0.5,-36.3));
#3343=CARTESIAN_POINT('',(50.7071067811866,0.499999999999999,-36.3));
#3344=CARTESIAN_POINT('',(28.25,0.5,-36.3));
#3345=CARTESIAN_POINT('',(50.5,0.,-35.8));
#3346=CARTESIAN_POINT('',(50.7071067811866,0.499999999999999,-36.3));
#3347=CARTESIAN_POINT('',(-53.2928932188134,0.,-35.8));
#3348=CARTESIAN_POINT('',(28.25,0.,-35.8));
#3349=CARTESIAN_POINT('',(-53.2928932188134,0.,-35.8));
#3350=CARTESIAN_POINT('Origin',(53.75,-39.6282233047034,-24.8582233047034));
#3351=CARTESIAN_POINT('',(53.5,-28.3328932188134,-35.8));
#3352=CARTESIAN_POINT('',(53.5,-39.4514466094067,-24.6814466094067));
#3353=CARTESIAN_POINT('',(54.,-28.54,-36.3));
#3354=CARTESIAN_POINT('',(53.5,-28.3328932188134,-35.8));
#3355=CARTESIAN_POINT('',(54.,-39.805,-25.035));
#3356=CARTESIAN_POINT('Origin',(53.75,0.,-36.05));
#3357=CARTESIAN_POINT('',(53.5,-3.,-35.8));
#3358=CARTESIAN_POINT('',(53.5,0.,-35.8));
#3359=CARTESIAN_POINT('',(54.,-2.79289321881344,-36.3));
#3360=CARTESIAN_POINT('',(53.5,-3.,-35.8));
#3361=CARTESIAN_POINT('',(54.,0.,-36.3));
#3362=CARTESIAN_POINT('Origin',(52.9267766952967,-2.07322330470336,-36.05));
#3363=CARTESIAN_POINT('',(53.1035533905933,-1.89644660940672,-36.3));
#3364=CARTESIAN_POINT('',(52.75,-2.25,-35.8));
#3365=CARTESIAN_POINT('Origin',(-49.7732233047034,0.25,-39.6732233047034));
#3366=CARTESIAN_POINT('',(-49.95,0.5,-39.85));
#3367=CARTESIAN_POINT('',(-49.5964466094067,0.,-39.4964466094067));
#3368=CARTESIAN_POINT('Origin',(53.75,-12.4264733047034,33.2529733047034));
#3369=CARTESIAN_POINT('',(54.,-20.34,25.693));
#3370=CARTESIAN_POINT('',(54.,-12.60325,33.42975));
#3371=CARTESIAN_POINT('',(53.5,-20.1328932188135,25.193));
#3372=CARTESIAN_POINT('',(53.5,-12.2496966094067,33.0761966094067));
#3373=CARTESIAN_POINT('',(53.5,-20.1328932188135,25.193));
#3374=CARTESIAN_POINT('Origin',(53.75,-10.17,25.443));
#3375=CARTESIAN_POINT('',(54.,-10.17,25.693));
#3376=CARTESIAN_POINT('',(53.5,-10.17,25.193));
#3377=CARTESIAN_POINT('Origin',(52.,-1.5,18.15));
#3378=CARTESIAN_POINT('',(50.5,0.,12.7));
#3379=CARTESIAN_POINT('',(50.5,0.,18.15));
#3380=CARTESIAN_POINT('',(53.,-2.5,10.2));
#3381=CARTESIAN_POINT('',(46.3,4.2,16.9));
#3382=CARTESIAN_POINT('',(53.5,-3.,10.7));
#3383=CARTESIAN_POINT('',(56.0366666666667,-5.53666666666667,13.2366666666667));
#3384=CARTESIAN_POINT('',(53.5,-3.,18.15));
#3385=CARTESIAN_POINT('Origin',(-25.75,-4.,2.7));
#3386=CARTESIAN_POINT('',(-52.,-8.,-1.3));
#3387=CARTESIAN_POINT('',(-51.5,-8.,-1.3));
#3388=CARTESIAN_POINT('',(-52.,-6.41488459774266,0.285115402257332));
#3389=CARTESIAN_POINT('',(-52.,-6.,0.699999999999996));
#3390=CARTESIAN_POINT('',(-52.,0.,6.7));
#3391=CARTESIAN_POINT('',(-52.,-6.,0.699999999999997));
#3392=CARTESIAN_POINT('',(-25.75,0.,6.7));
#3393=CARTESIAN_POINT('Origin',(-54.,-8.,-5.3));
#3394=CARTESIAN_POINT('',(-52.,-8.,-9.3));
#3395=CARTESIAN_POINT('',(-56.5,-8.,-9.3));
#3396=CARTESIAN_POINT('',(-52.,-8.,-7.3));
#3397=CARTESIAN_POINT('Origin',(-28.25,-4.,-13.3));
#3398=CARTESIAN_POINT('',(-52.,0.,-17.3));
#3399=CARTESIAN_POINT('',(-28.25,0.,-17.3));
#3400=CARTESIAN_POINT('',(-52.,-4.,-13.3));
#3401=CARTESIAN_POINT('Origin',(0.,0.,0.));
#3402=CARTESIAN_POINT('',(-51.5,0.,5.99289321881345));
#3403=CARTESIAN_POINT('',(-40.256581292977,0.,-9.90770200409792));
#3404=CARTESIAN_POINT('',(-51.5,0.,-11.6508529610859));
#3405=CARTESIAN_POINT('',(-51.5,0.,-4.65));
#3406=CARTESIAN_POINT('',(-51.5,0.,-16.5928932188135));
#3407=CARTESIAN_POINT('',(-51.5,0.,-4.65));
#3408=CARTESIAN_POINT('',(-38.2295418535756,0.,2.17436867076458));
#3409=CARTESIAN_POINT('',(50.5,0.,-24.3));
#3410=CARTESIAN_POINT('',(50.5,0.,18.15));
#3411=CARTESIAN_POINT('',(47.1123724356958,0.,-24.3));
#3412=CARTESIAN_POINT('',(26.75,0.,-24.3));
#3413=CARTESIAN_POINT('',(46.5,0.,-23.6876275643042));
#3414=CARTESIAN_POINT('',(29.1061862178481,0.,-6.29381378215199));
#3415=CARTESIAN_POINT('',(46.5,0.,-15.9123724356958));
#3416=CARTESIAN_POINT('',(46.5,0.,-10.65));
#3417=CARTESIAN_POINT('',(47.1123724356958,0.,-15.3));
#3418=CARTESIAN_POINT('',(39.0061862178479,0.,-23.4061862178479));
#3419=CARTESIAN_POINT('',(50.5,0.,-15.3));
#3420=CARTESIAN_POINT('',(24.75,0.,-15.3));
#3421=CARTESIAN_POINT('',(50.5,0.,3.7));
#3422=CARTESIAN_POINT('',(50.5,0.,18.15));
#3423=CARTESIAN_POINT('',(47.1123724356958,0.,3.7));
#3424=CARTESIAN_POINT('',(26.75,0.,3.7));
#3425=CARTESIAN_POINT('',(46.5,0.,4.31237243569579));
#3426=CARTESIAN_POINT('',(36.106186217848,-1.11022302462516E-15,14.7061862178479));
#3427=CARTESIAN_POINT('',(46.5,0.,12.0876275643042));
#3428=CARTESIAN_POINT('',(46.5,0.,3.35));
#3429=CARTESIAN_POINT('',(47.1123724356958,0.,12.7));
#3430=CARTESIAN_POINT('',(32.006186217848,0.,-2.40618621784793));
#3431=CARTESIAN_POINT('',(24.75,0.,12.7));
#3432=CARTESIAN_POINT('Origin',(52.,-1.5,18.15));
#3433=CARTESIAN_POINT('',(53.5,-3.,-22.3));
#3434=CARTESIAN_POINT('',(53.5,-3.,18.15));
#3435=CARTESIAN_POINT('',(53.,-2.5,-21.8));
#3436=CARTESIAN_POINT('',(48.0533333333333,2.44666666666668,-16.8533333333333));
#3437=CARTESIAN_POINT('',(54.6166666666667,-4.11666666666668,-20.1833333333333));
#3438=CARTESIAN_POINT('Origin',(53.5,0.,36.3));
#3439=CARTESIAN_POINT('',(53.5,-28.9276275643042,-22.3));
#3440=CARTESIAN_POINT('',(53.5,-36.4988137821521,-14.7288137821521));
#3441=CARTESIAN_POINT('',(53.5,-14.77,-22.3));
#3442=CARTESIAN_POINT('Origin',(56.5,-29.04,-35.8));
#3443=CARTESIAN_POINT('',(56.,-28.54,-36.3));
#3444=CARTESIAN_POINT('',(56.5,-28.54,-36.3));
#3445=CARTESIAN_POINT('',(56.,-29.54,-35.3));
#3446=CARTESIAN_POINT('',(56.,-39.805,-25.035));
#3447=CARTESIAN_POINT('',(56.5,-29.54,-35.3));
#3448=CARTESIAN_POINT('Origin',(56.5,0.,-36.3));
#3449=CARTESIAN_POINT('',(-53.5,3.,-36.3));
#3450=CARTESIAN_POINT('',(-53.5,0.,-36.3));
#3451=CARTESIAN_POINT('',(53.5,3.,-36.3));
#3452=CARTESIAN_POINT('',(56.5,3.,-36.3));
#3453=CARTESIAN_POINT('',(56.,0.500000000000004,-36.3));
#3454=CARTESIAN_POINT('',(55.75,0.749999999999999,-36.3));
#3455=CARTESIAN_POINT('',(56.,0.,-36.3));
#3456=CARTESIAN_POINT('Origin',(56.25,0.,36.05));
#3457=CARTESIAN_POINT('',(56.,0.500000000000003,36.3));
#3458=CARTESIAN_POINT('',(58.8583333333333,-2.35833333333331,33.4416666666667));
#3459=CARTESIAN_POINT('',(56.,-9.733,36.3));
#3460=CARTESIAN_POINT('',(56.,0.,36.3));
#3461=CARTESIAN_POINT('',(56.,-9.733,36.3));
#3462=CARTESIAN_POINT('Origin',(56.25,0.,-36.05));
#3463=CARTESIAN_POINT('',(64.9083333333333,-8.40833333333328,-27.3916666666669));
#3464=CARTESIAN_POINT('',(56.5,-28.3328932188134,-35.8));
#3465=CARTESIAN_POINT('Origin',(56.25,-12.4264733047034,33.2529733047034));
#3466=CARTESIAN_POINT('',(56.,-20.34,25.693));
#3467=CARTESIAN_POINT('',(56.,-12.60325,33.42975));
#3468=CARTESIAN_POINT('',(56.,-20.34,25.693));
#3469=CARTESIAN_POINT('Origin',(56.25,-29.29,0.));
#3470=CARTESIAN_POINT('',(56.,-29.54,24.693));
#3471=CARTESIAN_POINT('',(56.5,-29.04,24.4858932188135));
#3472=CARTESIAN_POINT('',(56.,-29.54,0.));
#3473=CARTESIAN_POINT('',(56.,-29.54,-35.3));
#3474=CARTESIAN_POINT('Origin',(56.25,-18.8264733047033,35.0529733047034));
#3475=CARTESIAN_POINT('',(56.,-28.54,25.693));
#3476=CARTESIAN_POINT('',(56.,-19.00325,35.22975));
#3477=CARTESIAN_POINT('',(56.5,-28.3328932188134,25.193));
#3478=CARTESIAN_POINT('Origin',(56.25,-10.17,25.443));
#3479=CARTESIAN_POINT('',(56.,-10.17,25.693));
#3480=CARTESIAN_POINT('Origin',(56.25,-39.6282233047034,-24.8582233047034));
#3481=CARTESIAN_POINT('Origin',(56.5,-20.34,25.693));
#3482=CARTESIAN_POINT('',(56.5,-20.34,25.693));
#3483=CARTESIAN_POINT('',(53.5,-9.733,36.3));
#3484=CARTESIAN_POINT('Origin',(-56.5,0.,36.3));
#3485=CARTESIAN_POINT('',(53.5,3.,36.3));
#3486=CARTESIAN_POINT('',(27.5,29.,36.3));
#3487=CARTESIAN_POINT('',(-55.5,3.,36.3));
#3488=CARTESIAN_POINT('',(-56.5,3.,36.3));
#3489=CARTESIAN_POINT('',(-55.5,0.,36.3));
#3490=CARTESIAN_POINT('Origin',(55.,1.5,18.15));
#3491=CARTESIAN_POINT('',(53.5,3.,18.15));
#3492=CARTESIAN_POINT('Origin',(51.4924574785653,-27.2262712607174,-19.9862712607174));
#3493=CARTESIAN_POINT('',(52.4330127018922,-27.8606402661964,-21.2330127018922));
#3494=CARTESIAN_POINT('',(51.4924574785653,-26.9200850428695,-20.2924574785653));
#3495=CARTESIAN_POINT('',(53.5,-29.54,-21.6876275643042));
#3496=CARTESIAN_POINT('',(56.1814489742783,-29.54,-27.0505255128609));
#3497=CARTESIAN_POINT('',(52.6123724356958,-28.6523724356958,-20.8));
#3498=CARTESIAN_POINT('',(51.4924574785653,-27.5324574785653,-19.6800850428695));
#3499=CARTESIAN_POINT('',(52.6123724356958,-28.6523724356958,-20.8));
#3500=CARTESIAN_POINT('Origin',(46.5853954059493,0.220790811898593,-24.2146045940507));
#3501=CARTESIAN_POINT('',(49.5,-3.,-20.6876275643042));
#3502=CARTESIAN_POINT('',(46.2792091881014,0.220790811898595,-23.9084183762028));
#3503=CARTESIAN_POINT('',(50.1123724356958,-3.,-21.3));
#3504=CARTESIAN_POINT('',(46.8915816237972,0.220790811898591,-24.5207908118986));
#3505=CARTESIAN_POINT('',(50.,-2.9438137821521,-21.3));
#3506=CARTESIAN_POINT('',(54.7204744871392,-5.30405102572172,-21.3));
#3507=CARTESIAN_POINT('',(49.5,-2.94381378215209,-20.8));
#3508=CARTESIAN_POINT('',(50.,-2.9438137821521,-21.3));
#3509=CARTESIAN_POINT('',(49.5,-4.50405102572164,-17.6795255128609));
#3510=CARTESIAN_POINT('Origin',(49.75,-29.54,-21.05));
#3511=CARTESIAN_POINT('',(49.5,-25.54,-20.8));
#3512=CARTESIAN_POINT('',(49.5,-29.54,-20.8));
#3513=CARTESIAN_POINT('',(50.,-25.3328932188134,-21.3));
#3514=CARTESIAN_POINT('',(50.,-29.54,-21.3));
#3515=CARTESIAN_POINT('',(50.,-25.3328932188134,-21.3));
#3516=CARTESIAN_POINT('Origin',(52.6767766952966,-28.3632233047034,-21.05));
#3517=CARTESIAN_POINT('',(52.5,-28.54,-20.8));
#3518=CARTESIAN_POINT('',(52.5,-27.8328932188135,-21.3));
#3519=CARTESIAN_POINT('',(52.8535533905933,-28.1864466094067,-21.3));
#3520=CARTESIAN_POINT('',(53.9086412631986,-27.2494149030782,-22.7086412631986));
#3521=CARTESIAN_POINT('Origin',(53.,-14.77,-21.8));
#3522=CARTESIAN_POINT('',(52.5,-3.,-21.3));
#3523=CARTESIAN_POINT('',(52.5,-14.77,-21.3));
#3524=CARTESIAN_POINT('',(46.9133333333334,-8.58666666666666,-15.7133333333333));
#3525=CARTESIAN_POINT('Origin',(53.5,-29.54,-21.3));
#3526=CARTESIAN_POINT('',(26.75,-3.,-21.3));
#3527=CARTESIAN_POINT('Origin',(26.75,-1.5,-22.8));
#3528=CARTESIAN_POINT('Origin',(49.75,-29.54,-18.55));
#3529=CARTESIAN_POINT('',(50.,-25.3328932188135,-18.3));
#3530=CARTESIAN_POINT('',(50.,-2.94381378215211,-18.3));
#3531=CARTESIAN_POINT('',(50.,-29.54,-18.3));
#3532=CARTESIAN_POINT('',(49.5,-2.9438137821521,-18.8));
#3533=CARTESIAN_POINT('',(50.,-2.94381378215211,-18.3));
#3534=CARTESIAN_POINT('',(49.5,-25.54,-18.8));
#3535=CARTESIAN_POINT('',(49.5,-29.54,-18.8));
#3536=CARTESIAN_POINT('',(49.5,-25.54,-18.8));
#3537=CARTESIAN_POINT('Origin',(43.202062072616,3.60412414523193,-12.002062072616));
#3538=CARTESIAN_POINT('',(49.5,-3.,-18.9123724356958));
#3539=CARTESIAN_POINT('',(42.8958758547681,3.60412414523193,-12.3082482904639));
#3540=CARTESIAN_POINT('',(49.5,-4.08905102572168,-21.0904744871392));
#3541=CARTESIAN_POINT('',(50.1123724356958,-3.,-18.3));
#3542=CARTESIAN_POINT('',(51.0904744871392,-3.48905102572168,-18.3));
#3543=CARTESIAN_POINT('',(43.5082482904639,3.60412414523193,-11.6958758547681));
#3544=CARTESIAN_POINT('Origin',(51.6767766952966,-27.3632233047034,-18.55));
#3545=CARTESIAN_POINT('',(52.5,-27.8328932188135,-18.3));
#3546=CARTESIAN_POINT('',(51.8535533905933,-27.1864466094067,-18.3));
#3547=CARTESIAN_POINT('',(52.6123724356958,-28.6523724356958,-18.8));
#3548=CARTESIAN_POINT('',(51.5,-27.54,-18.8));
#3549=CARTESIAN_POINT('',(52.4330127018922,-27.8606402661964,-18.3669872981078));
#3550=CARTESIAN_POINT('',(52.6123724356958,-28.6523724356958,-18.8));
#3551=CARTESIAN_POINT('',(53.7737651915037,-27.3052824012139,-17.0262348084963));
#3552=CARTESIAN_POINT('Origin',(48.4924574785653,-24.2262712607174,-22.6137287392826));
#3553=CARTESIAN_POINT('',(53.5,-29.54,-17.9123724356958));
#3554=CARTESIAN_POINT('',(48.4924574785653,-24.5324574785653,-22.9199149571305));
#3555=CARTESIAN_POINT('',(48.6814489742783,-29.54,-27.5494744871392));
#3556=CARTESIAN_POINT('',(48.4924574785653,-23.9200850428695,-22.3075425214347));
#3557=CARTESIAN_POINT('Origin',(24.75,-1.5,-16.8));
#3558=CARTESIAN_POINT('',(52.5,-3.,-18.3));
#3559=CARTESIAN_POINT('',(24.75,-3.,-18.3));
#3560=CARTESIAN_POINT('',(53.,-2.5,-17.8));
#3561=CARTESIAN_POINT('',(46.58,-8.92,-24.22));
#3562=CARTESIAN_POINT('',(41.6333333333333,8.86666666666667,-6.43333333333332));
#3563=CARTESIAN_POINT('Origin',(49.5,-29.54,-18.3));
#3564=CARTESIAN_POINT('',(52.5,-14.77,-18.3));
#3565=CARTESIAN_POINT('Origin',(53.,-14.77,-17.8));
#3566=CARTESIAN_POINT('',(60.7033333333333,-10.2033333333333,-10.0966666666667));
#3567=CARTESIAN_POINT('Origin',(49.75,-29.54,9.45));
#3568=CARTESIAN_POINT('',(50.,-25.3328932188135,9.7));
#3569=CARTESIAN_POINT('',(50.,-2.9438137821521,9.7));
#3570=CARTESIAN_POINT('',(50.,-29.54,9.7));
#3571=CARTESIAN_POINT('',(49.5,-2.9438137821521,9.2));
#3572=CARTESIAN_POINT('',(50.,-2.9438137821521,9.7));
#3573=CARTESIAN_POINT('',(49.5,-25.54,9.2));
#3574=CARTESIAN_POINT('',(49.5,-29.54,9.2));
#3575=CARTESIAN_POINT('',(49.5,-25.54,9.2));
#3576=CARTESIAN_POINT('Origin',(51.6767766952966,-27.3632233047034,9.45));
#3577=CARTESIAN_POINT('',(52.6123724356958,-28.6523724356958,9.2));
#3578=CARTESIAN_POINT('',(51.5,-27.54,9.2));
#3579=CARTESIAN_POINT('',(52.4330127018922,-27.8606402661964,9.63301270189223));
#3580=CARTESIAN_POINT('',(52.6123724356958,-28.6523724356958,9.2));
#3581=CARTESIAN_POINT('',(52.5,-27.8328932188135,9.7));
#3582=CARTESIAN_POINT('',(53.7737651915037,-27.3052824012139,10.9737651915037));
#3583=CARTESIAN_POINT('',(51.8535533905933,-27.1864466094067,9.7));
#3584=CARTESIAN_POINT('Origin',(46.1591241452319,-21.892937927384,3.05293792738402));
#3585=CARTESIAN_POINT('',(53.5,-29.54,10.0876275643042));
#3586=CARTESIAN_POINT('',(46.1591241452319,-22.1991241452319,2.74675170953612));
#3587=CARTESIAN_POINT('',(42.3814489742782,-29.54,-12.149474487139));
#3588=CARTESIAN_POINT('',(53.5,-28.9276275643042,10.7));
#3589=CARTESIAN_POINT('',(53.5,-15.4488137821517,24.1788137821519));
#3590=CARTESIAN_POINT('',(46.1591241452319,-21.5867517095361,3.35912414523191));
#3591=CARTESIAN_POINT('Origin',(45.5353954059493,1.2707908118986,13.6646045940507));
#3592=CARTESIAN_POINT('',(49.5,-3.,9.08762756430421));
#3593=CARTESIAN_POINT('',(45.2292091881014,1.2707908118986,13.3584183762028));
#3594=CARTESIAN_POINT('',(49.5,-4.78905102572166,5.50952551286085));
#3595=CARTESIAN_POINT('',(50.1123724356958,-3.,9.7));
#3596=CARTESIAN_POINT('',(52.4904744871392,-4.1890510257217,9.7));
#3597=CARTESIAN_POINT('',(45.8415816237972,1.2707908118986,13.9707908118986));
#3598=CARTESIAN_POINT('Origin',(51.5,-27.54,-14.8));
#3599=CARTESIAN_POINT('',(49.5,-25.54,7.2));
#3600=CARTESIAN_POINT('',(49.5,-25.54,-14.8));
#3601=CARTESIAN_POINT('',(52.6123724356958,-28.6523724356958,7.2));
#3602=CARTESIAN_POINT('',(52.5,-28.54,7.2));
#3603=CARTESIAN_POINT('',(53.5,-29.54,6.31237243569579));
#3604=CARTESIAN_POINT('',(53.8257908118986,-29.8657908118986,5.98658162379717));
#3605=CARTESIAN_POINT('',(53.5,-29.54,-36.3));
#3606=CARTESIAN_POINT('Origin',(49.5,-29.54,6.7));
#3607=CARTESIAN_POINT('',(49.5,-3.,7.31237243569579));
#3608=CARTESIAN_POINT('',(49.5,-3.,3.35));
#3609=CARTESIAN_POINT('',(49.5,-2.9438137821521,7.2));
#3610=CARTESIAN_POINT('',(49.5,-3.80405102572167,8.92047448713915));
#3611=CARTESIAN_POINT('',(49.5,-29.54,7.2));
#3612=CARTESIAN_POINT('Origin',(48.,-1.5,3.35));
#3613=CARTESIAN_POINT('',(43.9458758547681,2.55412414523193,1.75824829046386));
#3614=CARTESIAN_POINT('Origin',(44.252062072616,2.55412414523193,1.45206207261596));
#3615=CARTESIAN_POINT('',(50.1123724356958,-3.,6.7));
#3616=CARTESIAN_POINT('',(44.5582482904639,2.55412414523193,1.14587585476807));
#3617=CARTESIAN_POINT('',(50.,-2.9438137821521,6.7));
#3618=CARTESIAN_POINT('',(53.3204744871392,-4.6040510257217,6.7));
#3619=CARTESIAN_POINT('',(50.,-2.9438137821521,6.7));
#3620=CARTESIAN_POINT('Origin',(49.75,-29.54,6.95));
#3621=CARTESIAN_POINT('',(50.,-25.3328932188134,6.7));
#3622=CARTESIAN_POINT('',(50.,-29.54,6.7));
#3623=CARTESIAN_POINT('',(50.,-25.3328932188134,6.7));
#3624=CARTESIAN_POINT('Origin',(53.8257908118986,-29.5596045940507,5.68039540594927));
#3625=CARTESIAN_POINT('',(52.4330127018922,-27.8606402661964,6.76698729810778));
#3626=CARTESIAN_POINT('',(53.8257908118986,-29.2534183762028,5.37420918810138));
#3627=CARTESIAN_POINT('',(62.4814489742783,-29.54,-11.6505255128609));
#3628=CARTESIAN_POINT('',(52.6123724356958,-28.6523724356958,7.2));
#3629=CARTESIAN_POINT('Origin',(52.6767766952966,-28.3632233047034,6.95));
#3630=CARTESIAN_POINT('',(52.5,-27.8328932188135,6.7));
#3631=CARTESIAN_POINT('',(52.8535533905933,-28.1864466094067,6.7));
#3632=CARTESIAN_POINT('',(53.9086412631986,-27.2494149030782,5.29135873680138));
#3633=CARTESIAN_POINT('Origin',(52.,-1.5,18.15));
#3634=CARTESIAN_POINT('',(53.,-2.5,6.2));
#3635=CARTESIAN_POINT('',(52.72,-2.21999999999999,6.48000000000001));
#3636=CARTESIAN_POINT('',(49.95,0.549999999999996,3.15));
#3637=CARTESIAN_POINT('Origin',(53.,-14.77,6.2));
#3638=CARTESIAN_POINT('',(52.5,-3.,6.7));
#3639=CARTESIAN_POINT('',(52.5,-14.77,6.7));
#3640=CARTESIAN_POINT('',(46.9133333333334,-8.58666666666666,12.2866666666667));
#3641=CARTESIAN_POINT('Origin',(53.,-14.77,10.2));
#3642=CARTESIAN_POINT('',(53.5,-14.77,10.7));
#3643=CARTESIAN_POINT('',(52.5,-3.,9.7));
#3644=CARTESIAN_POINT('',(46.58,-8.92,3.77999999999999));
#3645=CARTESIAN_POINT('',(52.5,-14.77,9.7));
#3646=CARTESIAN_POINT('Origin',(49.5,-29.54,9.7));
#3647=CARTESIAN_POINT('',(24.75,-3.,9.7));
#3648=CARTESIAN_POINT('Origin',(26.75,-1.5,5.2));
#3649=CARTESIAN_POINT('',(26.75,-3.,6.7));
#3650=CARTESIAN_POINT('Origin',(24.75,-1.5,11.2));
#3651=CARTESIAN_POINT('Origin',(48.,-1.5,-10.65));
#3652=CARTESIAN_POINT('',(49.5,-3.,-10.65));
#3653=CARTESIAN_POINT('Origin',(49.5,-29.54,-21.3));
#3654=CARTESIAN_POINT('',(49.5,-25.54,-28.8));
#3655=CARTESIAN_POINT('Origin',(56.5,-29.54,-36.3));
#3656=CARTESIAN_POINT('',(53.5,-29.54,-36.3));
#3657=CARTESIAN_POINT('',(56.5,-29.54,24.693));
#3658=CARTESIAN_POINT('Origin',(51.5,-27.54,-28.8));
#3659=CARTESIAN_POINT('Origin',(53.5,-29.54,6.7));
#3660=CARTESIAN_POINT('Origin',(53.5,0.,36.3));
#3661=CARTESIAN_POINT('Origin',(56.5,-29.04,25.193));
#3662=CARTESIAN_POINT('',(56.5,-28.54,25.693));
#3663=CARTESIAN_POINT('Origin',(56.5,-20.34,25.693));
#3664=CARTESIAN_POINT('Origin',(-51.75,-3.82322330470336,-13.1232233047034));
#3665=CARTESIAN_POINT('',(-51.5,-7.5,-9.09289321881346));
#3666=CARTESIAN_POINT('',(-51.5,-3.64644660940673,-12.9464466094067));
#3667=CARTESIAN_POINT('',(-51.5,-7.5,-9.09289321881346));
#3668=CARTESIAN_POINT('Origin',(-51.75,-7.75,-7.3));
#3669=CARTESIAN_POINT('',(-51.5,-7.5,-7.32072594216369));
#3670=CARTESIAN_POINT('',(-51.5,-7.5,-7.3));
#3671=CARTESIAN_POINT('',(-51.5,-7.5,-3.27927405783631));
#3672=CARTESIAN_POINT('',(-51.5,-7.5,-8.16602540378444));
#3673=CARTESIAN_POINT('',(-51.5,-7.5,-1.50710678118655));
#3674=CARTESIAN_POINT('',(-51.5,-7.5,-7.3));
#3675=CARTESIAN_POINT('',(-51.5,-7.5,-1.50710678118655));
#3676=CARTESIAN_POINT('Origin',(-51.75,-5.82322330470336,0.523223304703359));
#3677=CARTESIAN_POINT('',(-51.5,-6.06133120714939,-0.0684379883359421));
#3678=CARTESIAN_POINT('',(-51.5,-5.64644660940673,0.346446609406722));
#3679=CARTESIAN_POINT('',(-51.5,-6.06133120714939,-0.0684379883359421));
#3680=CARTESIAN_POINT('Origin',(-51.75,-5.82322330470336,0.52322330470336));
#3681=CARTESIAN_POINT('',(-51.5,-5.64644660940673,0.346446609406723));
#3682=CARTESIAN_POINT('Origin',(-51.5,0.,-9.3));
#3683=CARTESIAN_POINT('',(-51.5,-3.99999999999999,-1.25854811567263));
#3684=CARTESIAN_POINT('',(-51.5,-5.17403810567665,-1.93637933202392));
#3685=CARTESIAN_POINT('',(-51.5,0.92403810567666,-4.10144284148502));
#3686=CARTESIAN_POINT('Origin',(-51.75,-2.50897459621556,-9.91362066797609));
#3687=CARTESIAN_POINT('',(-51.5,-4.,-9.34145188432738));
#3688=CARTESIAN_POINT('',(-51.5,-2.63397459621556,-10.1301270189222));
#3689=CARTESIAN_POINT('',(-52.,-4.,-8.76410161513776));
#3690=CARTESIAN_POINT('',(-51.5,-4.,-9.34145188432738));
#3691=CARTESIAN_POINT('',(-52.,-7.,-7.03205080756888));
#3692=CARTESIAN_POINT('',(-52.,-2.38397459621556,-9.69711431702998));
#3693=CARTESIAN_POINT('',(-52.,-7.,-7.03205080756888));
#3694=CARTESIAN_POINT('Origin',(-51.75,-0.991025403784438,-7.31554445662277));
#3695=CARTESIAN_POINT('',(-51.5,-0.500000000000002,-7.3207259421637));
#3696=CARTESIAN_POINT('',(-51.5,-0.866025403784439,-7.53205080756888));
#3697=CARTESIAN_POINT('',(-52.,-1.,-7.03205080756888));
#3698=CARTESIAN_POINT('',(-51.5,-0.500000000000002,-7.3207259421637));
#3699=CARTESIAN_POINT('',(-52.,-1.11602540378444,-7.09903810567666));
#3700=CARTESIAN_POINT('Origin',(-51.75,-0.750000000000001,-6.43397459621557));
#3701=CARTESIAN_POINT('',(-51.5,-0.499999999999998,-3.27927405783632));
#3702=CARTESIAN_POINT('',(-51.5,-0.500000000000001,-6.43397459621557));
#3703=CARTESIAN_POINT('',(-52.,-0.999999999999998,-3.56794919243113));
#3704=CARTESIAN_POINT('',(-51.5,-0.499999999999998,-3.27927405783632));
#3705=CARTESIAN_POINT('',(-52.,-1.,-6.43397459621557));
#3706=CARTESIAN_POINT('Origin',(-51.75,-0.758974596215559,-3.4184301395928));
#3707=CARTESIAN_POINT('',(-51.5,0.924038105676661,-4.10144284148502));
#3708=CARTESIAN_POINT('',(-52.,-4.,-1.83589838486225));
#3709=CARTESIAN_POINT('',(-51.5,-4.,-1.25854811567262));
#3710=CARTESIAN_POINT('',(-52.,-0.883974596215559,-3.63493649053891));
#3711=CARTESIAN_POINT('Origin',(-51.75,-5.74102540378443,-2.55240473580836));
#3712=CARTESIAN_POINT('',(-52.,-7.,-3.56794919243112));
#3713=CARTESIAN_POINT('',(-52.,-5.61602540378443,-2.76891108675446));
#3714=CARTESIAN_POINT('',(-51.5,-7.5,-3.27927405783631));
#3715=CARTESIAN_POINT('Origin',(-51.75,-7.25,-8.16602540378444));
#3716=CARTESIAN_POINT('',(-52.,-7.,-8.16602540378444));
#3717=CARTESIAN_POINT('Origin',(-51.5,-7.,-3.56794919243112));
#3718=CARTESIAN_POINT('',(-51.5,-7.,-3.56794919243112));
#3719=CARTESIAN_POINT('',(-51.5,-4.,-1.83589838486225));
#3720=CARTESIAN_POINT('Origin',(-51.5,-7.,-7.03205080756888));
#3721=CARTESIAN_POINT('',(-51.5,-7.,-7.03205080756888));
#3722=CARTESIAN_POINT('Origin',(-51.5,-4.,-8.76410161513776));
#3723=CARTESIAN_POINT('',(-51.5,-4.,-8.76410161513776));
#3724=CARTESIAN_POINT('Origin',(-51.5,0.,-9.3));
#3725=CARTESIAN_POINT('',(-51.5,-1.82596189432334,-10.5966333698683));
#3726=CARTESIAN_POINT('Origin',(-51.5,0.,-9.3));
#3727=CARTESIAN_POINT('Origin',(-51.5,-1.,-7.03205080756888));
#3728=CARTESIAN_POINT('',(-51.5,-1.,-7.03205080756888));
#3729=CARTESIAN_POINT('Origin',(-51.5,-0.999999999999998,-3.56794919243113));
#3730=CARTESIAN_POINT('',(-51.5,-0.999999999999998,-3.56794919243113));
#3731=CARTESIAN_POINT('Origin',(-51.5,-4.,-1.83589838486225));
#3732=CARTESIAN_POINT('Origin',(-56.,0.,35.8));
#3733=CARTESIAN_POINT('',(-56.5,3.,35.3));
#3734=CARTESIAN_POINT('',(-50.9500000000001,3.,40.85));
#3735=CARTESIAN_POINT('',(-56.5,0.,35.3));
#3736=CARTESIAN_POINT('Origin',(-55.,0.,-34.8));
#3737=CARTESIAN_POINT('',(-56.5,3.,-33.3));
#3738=CARTESIAN_POINT('',(-56.5,0.,-33.3));
#3739=CARTESIAN_POINT('',(-49.95,3.,-39.85));
#3740=CARTESIAN_POINT('Origin',(-56.5,0.,-36.3));
#3741=CARTESIAN_POINT('',(-56.5,3.,-36.3));
#3742=CARTESIAN_POINT('Origin',(0.,3.,0.));
#3743=UNCERTAINTY_MEASURE_WITH_UNIT(LENGTH_MEASURE(0.01),#3747,
'DISTANCE_ACCURACY_VALUE',
'Maximum model space distance between geometric entities at asserted c
onnectivities');
#3744=UNCERTAINTY_MEASURE_WITH_UNIT(LENGTH_MEASURE(0.01),#3747,
'DISTANCE_ACCURACY_VALUE',
'Maximum model space distance between geometric entities at asserted c
onnectivities');
#3745=(
GEOMETRIC_REPRESENTATION_CONTEXT(3)
GLOBAL_UNCERTAINTY_ASSIGNED_CONTEXT((#3743))
GLOBAL_UNIT_ASSIGNED_CONTEXT((#3747,#3749,#3750))
REPRESENTATION_CONTEXT('','3D')
);
#3746=(
GEOMETRIC_REPRESENTATION_CONTEXT(3)
GLOBAL_UNCERTAINTY_ASSIGNED_CONTEXT((#3744))
GLOBAL_UNIT_ASSIGNED_CONTEXT((#3747,#3749,#3750))
REPRESENTATION_CONTEXT('','3D')
);
#3747=(
LENGTH_UNIT()
NAMED_UNIT(*)
SI_UNIT(.MILLI.,.METRE.)
);
#3748=(
LENGTH_UNIT()
NAMED_UNIT(*)
SI_UNIT($,.METRE.)
);
#3749=(
NAMED_UNIT(*)
PLANE_ANGLE_UNIT()
SI_UNIT($,.RADIAN.)
);
#3750=(
NAMED_UNIT(*)
SI_UNIT($,.STERADIAN.)
SOLID_ANGLE_UNIT()
);
#3751=SHAPE_DEFINITION_REPRESENTATION(#3752,#3753);
#3752=PRODUCT_DEFINITION_SHAPE('',$,#3755);
#3753=SHAPE_REPRESENTATION('',(#2337),#3745);
#3754=PRODUCT_DEFINITION_CONTEXT('part definition',#3759,'design');
#3755=PRODUCT_DEFINITION('Back_frame_external',
'Back_frame_external v19',#3756,#3754);
#3756=PRODUCT_DEFINITION_FORMATION('',$,#3761);
#3757=PRODUCT_RELATED_PRODUCT_CATEGORY('Back_frame_external v19',
'Back_frame_external v19',(#3761));
#3758=APPLICATION_PROTOCOL_DEFINITION('international standard',
'automotive_design',2009,#3759);
#3759=APPLICATION_CONTEXT(
'Core Data for Automotive Mechanical Design Process');
#3760=PRODUCT_CONTEXT('part definition',#3759,'mechanical');
#3761=PRODUCT('Back_frame_external','Back_frame_external v19',$,(#3760));
#3762=PRESENTATION_STYLE_ASSIGNMENT((#3763));
#3763=SURFACE_STYLE_USAGE(.BOTH.,#3764);
#3764=SURFACE_SIDE_STYLE('',(#3765));
#3765=SURFACE_STYLE_FILL_AREA(#3766);
#3766=FILL_AREA_STYLE('Steel - Satin',(#3767));
#3767=FILL_AREA_STYLE_COLOUR('Steel - Satin',#3768);
#3768=COLOUR_RGB('Steel - Satin',0.627450980392157,0.627450980392157,0.627450980392157);
ENDSEC;
END-ISO-10303-21;
