ISO-10303-21;
HEADER;
/* Generated by software containing ST-Developer
 * from STEP Tools, Inc. (www.steptools.com) 
 */

FILE_DESCRIPTION(
/* description */ (''),
/* implementation_level */ '2;1');

FILE_NAME(
/* name */ 'Spacer_PCB-Screen v3.step',
/* time_stamp */ '2025-07-25T21:57:33+02:00',
/* author */ (''),
/* organization */ (''),
/* preprocessor_version */ 'ST-DEVELOPER v20.1',
/* originating_system */ 'Autodesk Translation Framework v14.10.0.0',
/* authorisation */ '');

FILE_SCHEMA (('AUTOMOTIVE_DESIGN { 1 0 10303 214 3 1 1 }'));
ENDSEC;

DATA;
#10=MECHANICAL_DESIGN_GEOMETRIC_PRESENTATION_REPRESENTATION('',(#13),#2495);
#11=SHAPE_REPRESENTATION_RELATIONSHIP('SRR','None',#2502,#12);
#12=ADVANCED_BREP_SHAPE_REPRESENTATION('',(#14),#2494);
#13=STYLED_ITEM('',(#2511),#14);
#14=MANIFOLD_SOLID_BREP('Body1',#1439);
#15=(
BOUNDED_CURVE()
B_SPLINE_CURVE(2,(#2000,#2001,#2002),.UNSPECIFIED.,.F.,.F.)
B_SPLINE_CURVE_WITH_KNOTS((3,3),(0.,0.237446193637159),.UNSPECIFIED.)
CURVE()
GEOMETRIC_REPRESENTATION_ITEM()
RATIONAL_B_SPLINE_CURVE((1.,1.03097707342983,1.02899635628649))
REPRESENTATION_ITEM('')
);
#16=(
BOUNDED_CURVE()
B_SPLINE_CURVE(2,(#2004,#2005,#2006),.UNSPECIFIED.,.F.,.F.)
B_SPLINE_CURVE_WITH_KNOTS((3,3),(0.435555468579106,0.536230427732931),
 .UNSPECIFIED.)
CURVE()
GEOMETRIC_REPRESENTATION_ITEM()
RATIONAL_B_SPLINE_CURVE((1.09656618174852,1.10104660434384,1.10243906614557))
REPRESENTATION_ITEM('')
);
#17=(
BOUNDED_CURVE()
B_SPLINE_CURVE(2,(#2052,#2053,#2054),.UNSPECIFIED.,.F.,.F.)
B_SPLINE_CURVE_WITH_KNOTS((3,3),(0.,0.23744619363716),.UNSPECIFIED.)
CURVE()
GEOMETRIC_REPRESENTATION_ITEM()
RATIONAL_B_SPLINE_CURVE((1.,1.03097707343005,1.02899635628669))
REPRESENTATION_ITEM('')
);
#18=(
BOUNDED_CURVE()
B_SPLINE_CURVE(2,(#2056,#2057,#2058),.UNSPECIFIED.,.F.,.F.)
B_SPLINE_CURVE_WITH_KNOTS((3,3),(0.435555468579052,0.536230427732888),
 .UNSPECIFIED.)
CURVE()
GEOMETRIC_REPRESENTATION_ITEM()
RATIONAL_B_SPLINE_CURVE((1.09656618174871,1.10104660434405,1.10243906614578))
REPRESENTATION_ITEM('')
);
#19=(
BOUNDED_CURVE()
B_SPLINE_CURVE(2,(#2104,#2105,#2106),.UNSPECIFIED.,.F.,.F.)
B_SPLINE_CURVE_WITH_KNOTS((3,3),(0.,0.237446193637158),.UNSPECIFIED.)
CURVE()
GEOMETRIC_REPRESENTATION_ITEM()
RATIONAL_B_SPLINE_CURVE((1.,1.03097707342983,1.02899635628649))
REPRESENTATION_ITEM('')
);
#20=(
BOUNDED_CURVE()
B_SPLINE_CURVE(2,(#2108,#2109,#2110),.UNSPECIFIED.,.F.,.F.)
B_SPLINE_CURVE_WITH_KNOTS((3,3),(0.435555468579106,0.536230427732931),
 .UNSPECIFIED.)
CURVE()
GEOMETRIC_REPRESENTATION_ITEM()
RATIONAL_B_SPLINE_CURVE((1.09656618174852,1.10104660434384,1.10243906614557))
REPRESENTATION_ITEM('')
);
#21=(
BOUNDED_CURVE()
B_SPLINE_CURVE(2,(#2178,#2179,#2180),.UNSPECIFIED.,.F.,.F.)
B_SPLINE_CURVE_WITH_KNOTS((3,3),(0.,0.23744619363716),.UNSPECIFIED.)
CURVE()
GEOMETRIC_REPRESENTATION_ITEM()
RATIONAL_B_SPLINE_CURVE((1.,1.03097707343005,1.02899635628669))
REPRESENTATION_ITEM('')
);
#22=(
BOUNDED_CURVE()
B_SPLINE_CURVE(2,(#2182,#2183,#2184),.UNSPECIFIED.,.F.,.F.)
B_SPLINE_CURVE_WITH_KNOTS((3,3),(0.435555468579052,0.536230427732888),
 .UNSPECIFIED.)
CURVE()
GEOMETRIC_REPRESENTATION_ITEM()
RATIONAL_B_SPLINE_CURVE((1.09656618174871,1.10104660434405,1.10243906614578))
REPRESENTATION_ITEM('')
);
#23=(
BOUNDED_CURVE()
B_SPLINE_CURVE(2,(#2193,#2194,#2195),.UNSPECIFIED.,.F.,.F.)
B_SPLINE_CURVE_WITH_KNOTS((3,3),(0.,0.133029009063023),.UNSPECIFIED.)
CURVE()
GEOMETRIC_REPRESENTATION_ITEM()
RATIONAL_B_SPLINE_CURVE((1.,1.00344670338663,1.))
REPRESENTATION_ITEM('')
);
#24=(
BOUNDED_CURVE()
B_SPLINE_CURVE(2,(#2199,#2200,#2201),.UNSPECIFIED.,.F.,.F.)
B_SPLINE_CURVE_WITH_KNOTS((3,3),(0.,0.133029009063024),.UNSPECIFIED.)
CURVE()
GEOMETRIC_REPRESENTATION_ITEM()
RATIONAL_B_SPLINE_CURVE((1.,1.00344670338037,1.))
REPRESENTATION_ITEM('')
);
#25=(
BOUNDED_CURVE()
B_SPLINE_CURVE(2,(#2251,#2252,#2253),.UNSPECIFIED.,.F.,.F.)
B_SPLINE_CURVE_WITH_KNOTS((3,3),(0.,0.133029009063023),.UNSPECIFIED.)
CURVE()
GEOMETRIC_REPRESENTATION_ITEM()
RATIONAL_B_SPLINE_CURVE((1.,1.00344670338117,1.))
REPRESENTATION_ITEM('')
);
#26=(
BOUNDED_CURVE()
B_SPLINE_CURVE(2,(#2255,#2256,#2257),.UNSPECIFIED.,.F.,.F.)
B_SPLINE_CURVE_WITH_KNOTS((3,3),(0.,0.133029009063023),.UNSPECIFIED.)
CURVE()
GEOMETRIC_REPRESENTATION_ITEM()
RATIONAL_B_SPLINE_CURVE((1.,1.00344670338807,1.))
REPRESENTATION_ITEM('')
);
#27=(
BOUNDED_CURVE()
B_SPLINE_CURVE(2,(#2261,#2262,#2263),.UNSPECIFIED.,.F.,.F.)
B_SPLINE_CURVE_WITH_KNOTS((3,3),(0.,0.133029009063023),.UNSPECIFIED.)
CURVE()
GEOMETRIC_REPRESENTATION_ITEM()
RATIONAL_B_SPLINE_CURVE((1.,1.00344670338663,1.))
REPRESENTATION_ITEM('')
);
#28=(
BOUNDED_CURVE()
B_SPLINE_CURVE(2,(#2265,#2266,#2267),.UNSPECIFIED.,.F.,.F.)
B_SPLINE_CURVE_WITH_KNOTS((3,3),(0.,0.133029009063024),.UNSPECIFIED.)
CURVE()
GEOMETRIC_REPRESENTATION_ITEM()
RATIONAL_B_SPLINE_CURVE((1.,1.00344670338037,1.))
REPRESENTATION_ITEM('')
);
#29=(
BOUNDED_CURVE()
B_SPLINE_CURVE(2,(#2271,#2272,#2273),.UNSPECIFIED.,.F.,.F.)
B_SPLINE_CURVE_WITH_KNOTS((3,3),(0.,0.133029009063023),.UNSPECIFIED.)
CURVE()
GEOMETRIC_REPRESENTATION_ITEM()
RATIONAL_B_SPLINE_CURVE((1.,1.00344670338117,1.))
REPRESENTATION_ITEM('')
);
#30=(
BOUNDED_CURVE()
B_SPLINE_CURVE(2,(#2275,#2276,#2277),.UNSPECIFIED.,.F.,.F.)
B_SPLINE_CURVE_WITH_KNOTS((3,3),(0.,0.133029009063023),.UNSPECIFIED.)
CURVE()
GEOMETRIC_REPRESENTATION_ITEM()
RATIONAL_B_SPLINE_CURVE((1.,1.00344670338807,1.))
REPRESENTATION_ITEM('')
);
#31=(
BOUNDED_CURVE()
B_SPLINE_CURVE(2,(#2281,#2282,#2283),.UNSPECIFIED.,.F.,.F.)
B_SPLINE_CURVE_WITH_KNOTS((3,3),(0.,0.113202473038073),.UNSPECIFIED.)
CURVE()
GEOMETRIC_REPRESENTATION_ITEM()
RATIONAL_B_SPLINE_CURVE((1.,1.,1.))
REPRESENTATION_ITEM('')
);
#32=(
BOUNDED_CURVE()
B_SPLINE_CURVE(2,(#2284,#2285,#2286),.UNSPECIFIED.,.F.,.F.)
B_SPLINE_CURVE_WITH_KNOTS((3,3),(0.48863757483192,0.559512157936417),
 .UNSPECIFIED.)
CURVE()
GEOMETRIC_REPRESENTATION_ITEM()
RATIONAL_B_SPLINE_CURVE((1.,1.,1.))
REPRESENTATION_ITEM('')
);
#33=(
BOUNDED_CURVE()
B_SPLINE_CURVE(2,(#2294,#2295,#2296),.UNSPECIFIED.,.F.,.F.)
B_SPLINE_CURVE_WITH_KNOTS((3,3),(0.0929893172340483,0.163863900338545),
 .UNSPECIFIED.)
CURVE()
GEOMETRIC_REPRESENTATION_ITEM()
RATIONAL_B_SPLINE_CURVE((1.,1.,1.))
REPRESENTATION_ITEM('')
);
#34=(
BOUNDED_CURVE()
B_SPLINE_CURVE(2,(#2298,#2299,#2300),.UNSPECIFIED.,.F.,.F.)
B_SPLINE_CURVE_WITH_KNOTS((3,3),(0.,0.113202473038073),.UNSPECIFIED.)
CURVE()
GEOMETRIC_REPRESENTATION_ITEM()
RATIONAL_B_SPLINE_CURVE((1.,1.,1.))
REPRESENTATION_ITEM('')
);
#35=(
BOUNDED_CURVE()
B_SPLINE_CURVE(2,(#2309,#2310,#2311),.UNSPECIFIED.,.F.,.F.)
B_SPLINE_CURVE_WITH_KNOTS((3,3),(0.62702564462972,0.727700603774837),
 .UNSPECIFIED.)
CURVE()
GEOMETRIC_REPRESENTATION_ITEM()
RATIONAL_B_SPLINE_CURVE((1.10243906614561,1.10104660434401,1.09656618174934))
REPRESENTATION_ITEM('')
);
#36=(
BOUNDED_CURVE()
B_SPLINE_CURVE(2,(#2312,#2313,#2314),.UNSPECIFIED.,.F.,.F.)
B_SPLINE_CURVE_WITH_KNOTS((3,3),(0.208905824991121,0.446352018628272),
 .UNSPECIFIED.)
CURVE()
GEOMETRIC_REPRESENTATION_ITEM()
RATIONAL_B_SPLINE_CURVE((1.02899635628675,1.03097707343011,1.))
REPRESENTATION_ITEM('')
);
#37=(
BOUNDED_CURVE()
B_SPLINE_CURVE(2,(#2317,#2318,#2319),.UNSPECIFIED.,.F.,.F.)
B_SPLINE_CURVE_WITH_KNOTS((3,3),(0.,0.113202473038072),.UNSPECIFIED.)
CURVE()
GEOMETRIC_REPRESENTATION_ITEM()
RATIONAL_B_SPLINE_CURVE((1.,1.,1.))
REPRESENTATION_ITEM('')
);
#38=(
BOUNDED_CURVE()
B_SPLINE_CURVE(2,(#2320,#2321,#2322),.UNSPECIFIED.,.F.,.F.)
B_SPLINE_CURVE_WITH_KNOTS((3,3),(0.48863757483192,0.559512157936416),
 .UNSPECIFIED.)
CURVE()
GEOMETRIC_REPRESENTATION_ITEM()
RATIONAL_B_SPLINE_CURVE((1.,1.,1.))
REPRESENTATION_ITEM('')
);
#39=(
BOUNDED_CURVE()
B_SPLINE_CURVE(2,(#2330,#2331,#2332),.UNSPECIFIED.,.F.,.F.)
B_SPLINE_CURVE_WITH_KNOTS((3,3),(0.0929893172340478,0.163863900338544),
 .UNSPECIFIED.)
CURVE()
GEOMETRIC_REPRESENTATION_ITEM()
RATIONAL_B_SPLINE_CURVE((1.,1.,1.))
REPRESENTATION_ITEM('')
);
#40=(
BOUNDED_CURVE()
B_SPLINE_CURVE(2,(#2334,#2335,#2336),.UNSPECIFIED.,.F.,.F.)
B_SPLINE_CURVE_WITH_KNOTS((3,3),(0.,0.113202473038073),.UNSPECIFIED.)
CURVE()
GEOMETRIC_REPRESENTATION_ITEM()
RATIONAL_B_SPLINE_CURVE((1.,1.,1.))
REPRESENTATION_ITEM('')
);
#41=(
BOUNDED_CURVE()
B_SPLINE_CURVE(2,(#2345,#2346,#2347),.UNSPECIFIED.,.F.,.F.)
B_SPLINE_CURVE_WITH_KNOTS((3,3),(0.627025644629755,0.727700603774876),
 .UNSPECIFIED.)
CURVE()
GEOMETRIC_REPRESENTATION_ITEM()
RATIONAL_B_SPLINE_CURVE((1.10243906614573,1.10104660434413,1.09656618174945))
REPRESENTATION_ITEM('')
);
#42=(
BOUNDED_CURVE()
B_SPLINE_CURVE(2,(#2348,#2349,#2350),.UNSPECIFIED.,.F.,.F.)
B_SPLINE_CURVE_WITH_KNOTS((3,3),(0.20890582499112,0.446352018628272),
 .UNSPECIFIED.)
CURVE()
GEOMETRIC_REPRESENTATION_ITEM()
RATIONAL_B_SPLINE_CURVE((1.02899635628655,1.0309770734299,1.))
REPRESENTATION_ITEM('')
);
#43=(
BOUNDED_CURVE()
B_SPLINE_CURVE(2,(#2353,#2354,#2355),.UNSPECIFIED.,.F.,.F.)
B_SPLINE_CURVE_WITH_KNOTS((3,3),(0.,0.113202473038073),.UNSPECIFIED.)
CURVE()
GEOMETRIC_REPRESENTATION_ITEM()
RATIONAL_B_SPLINE_CURVE((1.,1.,1.))
REPRESENTATION_ITEM('')
);
#44=(
BOUNDED_CURVE()
B_SPLINE_CURVE(2,(#2356,#2357,#2358),.UNSPECIFIED.,.F.,.F.)
B_SPLINE_CURVE_WITH_KNOTS((3,3),(0.48863757483192,0.559512157936417),
 .UNSPECIFIED.)
CURVE()
GEOMETRIC_REPRESENTATION_ITEM()
RATIONAL_B_SPLINE_CURVE((1.,1.,1.))
REPRESENTATION_ITEM('')
);
#45=(
BOUNDED_CURVE()
B_SPLINE_CURVE(2,(#2366,#2367,#2368),.UNSPECIFIED.,.F.,.F.)
B_SPLINE_CURVE_WITH_KNOTS((3,3),(0.0929893172340483,0.163863900338545),
 .UNSPECIFIED.)
CURVE()
GEOMETRIC_REPRESENTATION_ITEM()
RATIONAL_B_SPLINE_CURVE((1.,1.,1.))
REPRESENTATION_ITEM('')
);
#46=(
BOUNDED_CURVE()
B_SPLINE_CURVE(2,(#2370,#2371,#2372),.UNSPECIFIED.,.F.,.F.)
B_SPLINE_CURVE_WITH_KNOTS((3,3),(0.,0.113202473038073),.UNSPECIFIED.)
CURVE()
GEOMETRIC_REPRESENTATION_ITEM()
RATIONAL_B_SPLINE_CURVE((1.,1.,1.))
REPRESENTATION_ITEM('')
);
#47=(
BOUNDED_CURVE()
B_SPLINE_CURVE(2,(#2381,#2382,#2383),.UNSPECIFIED.,.F.,.F.)
B_SPLINE_CURVE_WITH_KNOTS((3,3),(0.62702564462972,0.727700603774837),
 .UNSPECIFIED.)
CURVE()
GEOMETRIC_REPRESENTATION_ITEM()
RATIONAL_B_SPLINE_CURVE((1.10243906614561,1.10104660434401,1.09656618174934))
REPRESENTATION_ITEM('')
);
#48=(
BOUNDED_CURVE()
B_SPLINE_CURVE(2,(#2384,#2385,#2386),.UNSPECIFIED.,.F.,.F.)
B_SPLINE_CURVE_WITH_KNOTS((3,3),(0.20890582499112,0.446352018628272),
 .UNSPECIFIED.)
CURVE()
GEOMETRIC_REPRESENTATION_ITEM()
RATIONAL_B_SPLINE_CURVE((1.02899635628675,1.03097707343011,1.))
REPRESENTATION_ITEM('')
);
#49=(
BOUNDED_CURVE()
B_SPLINE_CURVE(2,(#2389,#2390,#2391),.UNSPECIFIED.,.F.,.F.)
B_SPLINE_CURVE_WITH_KNOTS((3,3),(0.,0.113202473038072),.UNSPECIFIED.)
CURVE()
GEOMETRIC_REPRESENTATION_ITEM()
RATIONAL_B_SPLINE_CURVE((1.,1.,1.))
REPRESENTATION_ITEM('')
);
#50=(
BOUNDED_CURVE()
B_SPLINE_CURVE(2,(#2392,#2393,#2394),.UNSPECIFIED.,.F.,.F.)
B_SPLINE_CURVE_WITH_KNOTS((3,3),(0.48863757483192,0.559512157936416),
 .UNSPECIFIED.)
CURVE()
GEOMETRIC_REPRESENTATION_ITEM()
RATIONAL_B_SPLINE_CURVE((1.,1.,1.))
REPRESENTATION_ITEM('')
);
#51=(
BOUNDED_CURVE()
B_SPLINE_CURVE(2,(#2402,#2403,#2404),.UNSPECIFIED.,.F.,.F.)
B_SPLINE_CURVE_WITH_KNOTS((3,3),(0.0929893172340478,0.163863900338544),
 .UNSPECIFIED.)
CURVE()
GEOMETRIC_REPRESENTATION_ITEM()
RATIONAL_B_SPLINE_CURVE((1.,1.,1.))
REPRESENTATION_ITEM('')
);
#52=(
BOUNDED_CURVE()
B_SPLINE_CURVE(2,(#2406,#2407,#2408),.UNSPECIFIED.,.F.,.F.)
B_SPLINE_CURVE_WITH_KNOTS((3,3),(0.,0.113202473038073),.UNSPECIFIED.)
CURVE()
GEOMETRIC_REPRESENTATION_ITEM()
RATIONAL_B_SPLINE_CURVE((1.,1.,1.))
REPRESENTATION_ITEM('')
);
#53=(
BOUNDED_CURVE()
B_SPLINE_CURVE(2,(#2417,#2418,#2419),.UNSPECIFIED.,.F.,.F.)
B_SPLINE_CURVE_WITH_KNOTS((3,3),(0.627025644629755,0.727700603774876),
 .UNSPECIFIED.)
CURVE()
GEOMETRIC_REPRESENTATION_ITEM()
RATIONAL_B_SPLINE_CURVE((1.10243906614573,1.10104660434413,1.09656618174945))
REPRESENTATION_ITEM('')
);
#54=(
BOUNDED_CURVE()
B_SPLINE_CURVE(2,(#2420,#2421,#2422),.UNSPECIFIED.,.F.,.F.)
B_SPLINE_CURVE_WITH_KNOTS((3,3),(0.20890582499112,0.446352018628272),
 .UNSPECIFIED.)
CURVE()
GEOMETRIC_REPRESENTATION_ITEM()
RATIONAL_B_SPLINE_CURVE((1.02899635628655,1.0309770734299,1.))
REPRESENTATION_ITEM('')
);
#55=B_SPLINE_CURVE_WITH_KNOTS('',3,(#1985,#1986,#1987,#1988,#1989,#1990,
#1991,#1992),.UNSPECIFIED.,.F.,.F.,(4,2,2,4),(0.38906298860595,0.46419733942877,
0.539331690251591,0.623761018762262),.UNSPECIFIED.);
#56=B_SPLINE_CURVE_WITH_KNOTS('',3,(#2015,#2016,#2017,#2018,#2019,#2020,
#2021,#2022),.UNSPECIFIED.,.F.,.F.,(4,2,2,4),(0.154364958450271,0.238794286960309,
0.313928637783129,0.38906298860595),.UNSPECIFIED.);
#57=B_SPLINE_CURVE_WITH_KNOTS('',3,(#2039,#2040,#2041,#2042,#2043,#2044,
#2045,#2046),.UNSPECIFIED.,.F.,.F.,(4,2,2,4),(0.38906298860595,0.46419733942877,
0.539331690251591,0.623761018762262),.UNSPECIFIED.);
#58=B_SPLINE_CURVE_WITH_KNOTS('',3,(#2067,#2068,#2069,#2070,#2071,#2072,
#2073,#2074),.UNSPECIFIED.,.F.,.F.,(4,2,2,4),(0.154364958450273,0.238794286960309,
0.31392863778313,0.38906298860595),.UNSPECIFIED.);
#59=B_SPLINE_CURVE_WITH_KNOTS('',3,(#2089,#2090,#2091,#2092,#2093,#2094,
#2095,#2096),.UNSPECIFIED.,.F.,.F.,(4,2,2,4),(0.38906298860595,0.464197339428771,
0.539331690251591,0.623761018762263),.UNSPECIFIED.);
#60=B_SPLINE_CURVE_WITH_KNOTS('',3,(#2119,#2120,#2121,#2122,#2123,#2124,
#2125,#2126),.UNSPECIFIED.,.F.,.F.,(4,2,2,4),(0.154364958450273,0.238794286960309,
0.31392863778313,0.38906298860595),.UNSPECIFIED.);
#61=B_SPLINE_CURVE_WITH_KNOTS('',3,(#2141,#2142,#2143,#2144,#2145,#2146,
#2147,#2148),.UNSPECIFIED.,.F.,.F.,(4,2,2,4),(0.154364958450273,0.238794286960309,
0.31392863778313,0.38906298860595),.UNSPECIFIED.);
#62=B_SPLINE_CURVE_WITH_KNOTS('',3,(#2165,#2166,#2167,#2168,#2169,#2170,
#2171,#2172),.UNSPECIFIED.,.F.,.F.,(4,2,2,4),(0.38906298860595,0.46419733942877,
0.539331690251591,0.623761018762262),.UNSPECIFIED.);
#63=CYLINDRICAL_SURFACE('',#1458,1.75);
#64=CYLINDRICAL_SURFACE('',#1465,1.75);
#65=CYLINDRICAL_SURFACE('',#1470,1.75);
#66=CYLINDRICAL_SURFACE('',#1479,1.75);
#67=CYLINDRICAL_SURFACE('',#1481,3.);
#68=CYLINDRICAL_SURFACE('',#1484,3.);
#69=CYLINDRICAL_SURFACE('',#1486,3.55);
#70=CYLINDRICAL_SURFACE('',#1490,3.);
#71=CYLINDRICAL_SURFACE('',#1493,3.);
#72=CYLINDRICAL_SURFACE('',#1495,3.55);
#73=CYLINDRICAL_SURFACE('',#1499,3.);
#74=CYLINDRICAL_SURFACE('',#1502,3.);
#75=CYLINDRICAL_SURFACE('',#1504,3.55);
#76=CYLINDRICAL_SURFACE('',#1508,3.);
#77=CYLINDRICAL_SURFACE('',#1510,3.55);
#78=CYLINDRICAL_SURFACE('',#1514,3.);
#79=FACE_BOUND('',#211,.T.);
#80=FACE_BOUND('',#215,.T.);
#81=FACE_BOUND('',#220,.T.);
#82=FACE_BOUND('',#223,.T.);
#83=FACE_BOUND('',#243,.T.);
#84=FACE_BOUND('',#288,.T.);
#85=FACE_BOUND('',#289,.T.);
#86=FACE_BOUND('',#290,.T.);
#87=FACE_BOUND('',#291,.T.);
#88=FACE_BOUND('',#292,.T.);
#89=PLANE('',#1456);
#90=PLANE('',#1463);
#91=PLANE('',#1472);
#92=PLANE('',#1477);
#93=PLANE('',#1483);
#94=PLANE('',#1492);
#95=PLANE('',#1501);
#96=PLANE('',#1516);
#97=PLANE('',#1520);
#98=PLANE('',#1530);
#99=PLANE('',#1531);
#100=PLANE('',#1532);
#101=PLANE('',#1533);
#102=PLANE('',#1534);
#103=PLANE('',#1535);
#104=PLANE('',#1536);
#105=PLANE('',#1537);
#106=PLANE('',#1538);
#107=PLANE('',#1539);
#108=PLANE('',#1540);
#109=PLANE('',#1541);
#110=PLANE('',#1542);
#111=PLANE('',#1543);
#112=PLANE('',#1544);
#113=PLANE('',#1545);
#114=PLANE('',#1546);
#115=PLANE('',#1547);
#116=PLANE('',#1548);
#117=PLANE('',#1549);
#118=PLANE('',#1550);
#119=PLANE('',#1551);
#120=PLANE('',#1552);
#121=PLANE('',#1553);
#122=PLANE('',#1554);
#123=PLANE('',#1555);
#124=PLANE('',#1556);
#125=PLANE('',#1557);
#126=PLANE('',#1558);
#127=PLANE('',#1559);
#128=PLANE('',#1560);
#129=PLANE('',#1561);
#130=PLANE('',#1562);
#131=PLANE('',#1563);
#132=PLANE('',#1564);
#133=PLANE('',#1565);
#134=PLANE('',#1570);
#135=FACE_OUTER_BOUND('',#209,.T.);
#136=FACE_OUTER_BOUND('',#210,.T.);
#137=FACE_OUTER_BOUND('',#212,.T.);
#138=FACE_OUTER_BOUND('',#213,.T.);
#139=FACE_OUTER_BOUND('',#214,.T.);
#140=FACE_OUTER_BOUND('',#216,.T.);
#141=FACE_OUTER_BOUND('',#217,.T.);
#142=FACE_OUTER_BOUND('',#218,.T.);
#143=FACE_OUTER_BOUND('',#219,.T.);
#144=FACE_OUTER_BOUND('',#221,.T.);
#145=FACE_OUTER_BOUND('',#222,.T.);
#146=FACE_OUTER_BOUND('',#224,.T.);
#147=FACE_OUTER_BOUND('',#225,.T.);
#148=FACE_OUTER_BOUND('',#226,.T.);
#149=FACE_OUTER_BOUND('',#227,.T.);
#150=FACE_OUTER_BOUND('',#228,.T.);
#151=FACE_OUTER_BOUND('',#229,.T.);
#152=FACE_OUTER_BOUND('',#230,.T.);
#153=FACE_OUTER_BOUND('',#231,.T.);
#154=FACE_OUTER_BOUND('',#232,.T.);
#155=FACE_OUTER_BOUND('',#233,.T.);
#156=FACE_OUTER_BOUND('',#234,.T.);
#157=FACE_OUTER_BOUND('',#235,.T.);
#158=FACE_OUTER_BOUND('',#236,.T.);
#159=FACE_OUTER_BOUND('',#237,.T.);
#160=FACE_OUTER_BOUND('',#238,.T.);
#161=FACE_OUTER_BOUND('',#239,.T.);
#162=FACE_OUTER_BOUND('',#240,.T.);
#163=FACE_OUTER_BOUND('',#241,.T.);
#164=FACE_OUTER_BOUND('',#242,.T.);
#165=FACE_OUTER_BOUND('',#244,.T.);
#166=FACE_OUTER_BOUND('',#245,.T.);
#167=FACE_OUTER_BOUND('',#246,.T.);
#168=FACE_OUTER_BOUND('',#247,.T.);
#169=FACE_OUTER_BOUND('',#248,.T.);
#170=FACE_OUTER_BOUND('',#249,.T.);
#171=FACE_OUTER_BOUND('',#250,.T.);
#172=FACE_OUTER_BOUND('',#251,.T.);
#173=FACE_OUTER_BOUND('',#252,.T.);
#174=FACE_OUTER_BOUND('',#253,.T.);
#175=FACE_OUTER_BOUND('',#254,.T.);
#176=FACE_OUTER_BOUND('',#255,.T.);
#177=FACE_OUTER_BOUND('',#256,.T.);
#178=FACE_OUTER_BOUND('',#257,.T.);
#179=FACE_OUTER_BOUND('',#258,.T.);
#180=FACE_OUTER_BOUND('',#259,.T.);
#181=FACE_OUTER_BOUND('',#260,.T.);
#182=FACE_OUTER_BOUND('',#261,.T.);
#183=FACE_OUTER_BOUND('',#262,.T.);
#184=FACE_OUTER_BOUND('',#263,.T.);
#185=FACE_OUTER_BOUND('',#264,.T.);
#186=FACE_OUTER_BOUND('',#265,.T.);
#187=FACE_OUTER_BOUND('',#266,.T.);
#188=FACE_OUTER_BOUND('',#267,.T.);
#189=FACE_OUTER_BOUND('',#268,.T.);
#190=FACE_OUTER_BOUND('',#269,.T.);
#191=FACE_OUTER_BOUND('',#270,.T.);
#192=FACE_OUTER_BOUND('',#271,.T.);
#193=FACE_OUTER_BOUND('',#272,.T.);
#194=FACE_OUTER_BOUND('',#273,.T.);
#195=FACE_OUTER_BOUND('',#274,.T.);
#196=FACE_OUTER_BOUND('',#275,.T.);
#197=FACE_OUTER_BOUND('',#276,.T.);
#198=FACE_OUTER_BOUND('',#277,.T.);
#199=FACE_OUTER_BOUND('',#278,.T.);
#200=FACE_OUTER_BOUND('',#279,.T.);
#201=FACE_OUTER_BOUND('',#280,.T.);
#202=FACE_OUTER_BOUND('',#281,.T.);
#203=FACE_OUTER_BOUND('',#282,.T.);
#204=FACE_OUTER_BOUND('',#283,.T.);
#205=FACE_OUTER_BOUND('',#284,.T.);
#206=FACE_OUTER_BOUND('',#285,.T.);
#207=FACE_OUTER_BOUND('',#286,.T.);
#208=FACE_OUTER_BOUND('',#287,.T.);
#209=EDGE_LOOP('',(#929,#930,#931,#932));
#210=EDGE_LOOP('',(#933));
#211=EDGE_LOOP('',(#934));
#212=EDGE_LOOP('',(#935,#936,#937,#938));
#213=EDGE_LOOP('',(#939,#940,#941,#942));
#214=EDGE_LOOP('',(#943));
#215=EDGE_LOOP('',(#944));
#216=EDGE_LOOP('',(#945,#946,#947,#948));
#217=EDGE_LOOP('',(#949,#950,#951,#952));
#218=EDGE_LOOP('',(#953,#954,#955,#956));
#219=EDGE_LOOP('',(#957));
#220=EDGE_LOOP('',(#958));
#221=EDGE_LOOP('',(#959,#960,#961,#962));
#222=EDGE_LOOP('',(#963));
#223=EDGE_LOOP('',(#964));
#224=EDGE_LOOP('',(#965,#966,#967,#968));
#225=EDGE_LOOP('',(#969,#970,#971,#972));
#226=EDGE_LOOP('',(#973,#974,#975,#976,#977,#978));
#227=EDGE_LOOP('',(#979,#980,#981,#982));
#228=EDGE_LOOP('',(#983,#984,#985,#986,#987,#988,#989,#990));
#229=EDGE_LOOP('',(#991,#992,#993,#994));
#230=EDGE_LOOP('',(#995,#996,#997,#998,#999,#1000));
#231=EDGE_LOOP('',(#1001,#1002,#1003,#1004));
#232=EDGE_LOOP('',(#1005,#1006,#1007,#1008,#1009,#1010,#1011,#1012));
#233=EDGE_LOOP('',(#1013,#1014,#1015,#1016));
#234=EDGE_LOOP('',(#1017,#1018,#1019,#1020,#1021,#1022));
#235=EDGE_LOOP('',(#1023,#1024,#1025,#1026));
#236=EDGE_LOOP('',(#1027,#1028,#1029,#1030,#1031,#1032,#1033,#1034));
#237=EDGE_LOOP('',(#1035,#1036,#1037,#1038));
#238=EDGE_LOOP('',(#1039,#1040,#1041,#1042,#1043,#1044,#1045,#1046));
#239=EDGE_LOOP('',(#1047,#1048,#1049,#1050));
#240=EDGE_LOOP('',(#1051,#1052,#1053,#1054,#1055,#1056));
#241=EDGE_LOOP('',(#1057,#1058,#1059,#1060));
#242=EDGE_LOOP('',(#1061,#1062,#1063,#1064,#1065,#1066,#1067,#1068,#1069,
#1070,#1071,#1072,#1073,#1074,#1075,#1076));
#243=EDGE_LOOP('',(#1077,#1078,#1079,#1080,#1081,#1082,#1083,#1084));
#244=EDGE_LOOP('',(#1085,#1086,#1087,#1088));
#245=EDGE_LOOP('',(#1089,#1090,#1091,#1092));
#246=EDGE_LOOP('',(#1093,#1094,#1095,#1096));
#247=EDGE_LOOP('',(#1097,#1098,#1099,#1100,#1101,#1102));
#248=EDGE_LOOP('',(#1103,#1104,#1105,#1106));
#249=EDGE_LOOP('',(#1107,#1108,#1109,#1110,#1111,#1112));
#250=EDGE_LOOP('',(#1113,#1114,#1115,#1116));
#251=EDGE_LOOP('',(#1117,#1118,#1119,#1120,#1121,#1122));
#252=EDGE_LOOP('',(#1123,#1124,#1125,#1126,#1127,#1128));
#253=EDGE_LOOP('',(#1129,#1130,#1131,#1132));
#254=EDGE_LOOP('',(#1133,#1134,#1135,#1136,#1137,#1138));
#255=EDGE_LOOP('',(#1139,#1140,#1141,#1142));
#256=EDGE_LOOP('',(#1143,#1144,#1145,#1146,#1147,#1148));
#257=EDGE_LOOP('',(#1149,#1150,#1151,#1152,#1153,#1154));
#258=EDGE_LOOP('',(#1155,#1156,#1157,#1158));
#259=EDGE_LOOP('',(#1159,#1160,#1161,#1162,#1163,#1164));
#260=EDGE_LOOP('',(#1165,#1166,#1167,#1168));
#261=EDGE_LOOP('',(#1169,#1170,#1171,#1172,#1173,#1174));
#262=EDGE_LOOP('',(#1175,#1176,#1177,#1178,#1179,#1180));
#263=EDGE_LOOP('',(#1181,#1182,#1183,#1184));
#264=EDGE_LOOP('',(#1185,#1186,#1187,#1188,#1189,#1190));
#265=EDGE_LOOP('',(#1191,#1192,#1193,#1194));
#266=EDGE_LOOP('',(#1195,#1196,#1197,#1198,#1199,#1200));
#267=EDGE_LOOP('',(#1201,#1202,#1203,#1204));
#268=EDGE_LOOP('',(#1205,#1206,#1207,#1208));
#269=EDGE_LOOP('',(#1209,#1210,#1211,#1212));
#270=EDGE_LOOP('',(#1213,#1214,#1215,#1216));
#271=EDGE_LOOP('',(#1217,#1218,#1219,#1220));
#272=EDGE_LOOP('',(#1221,#1222,#1223,#1224));
#273=EDGE_LOOP('',(#1225,#1226,#1227,#1228));
#274=EDGE_LOOP('',(#1229,#1230,#1231,#1232));
#275=EDGE_LOOP('',(#1233,#1234,#1235,#1236));
#276=EDGE_LOOP('',(#1237,#1238,#1239,#1240));
#277=EDGE_LOOP('',(#1241,#1242,#1243,#1244));
#278=EDGE_LOOP('',(#1245,#1246,#1247,#1248));
#279=EDGE_LOOP('',(#1249,#1250,#1251,#1252));
#280=EDGE_LOOP('',(#1253,#1254,#1255,#1256));
#281=EDGE_LOOP('',(#1257,#1258,#1259,#1260));
#282=EDGE_LOOP('',(#1261,#1262,#1263,#1264));
#283=EDGE_LOOP('',(#1265,#1266,#1267,#1268,#1269,#1270,#1271,#1272,#1273,
#1274,#1275,#1276));
#284=EDGE_LOOP('',(#1277,#1278,#1279,#1280,#1281,#1282,#1283,#1284,#1285,
#1286,#1287,#1288));
#285=EDGE_LOOP('',(#1289,#1290,#1291,#1292,#1293,#1294,#1295,#1296,#1297,
#1298,#1299,#1300,#1301));
#286=EDGE_LOOP('',(#1302,#1303,#1304,#1305,#1306,#1307,#1308,#1309,#1310,
#1311,#1312,#1313,#1314));
#287=EDGE_LOOP('',(#1315,#1316,#1317,#1318,#1319,#1320,#1321,#1322,#1323,
#1324,#1325,#1326,#1327,#1328,#1329,#1330,#1331,#1332,#1333,#1334,#1335,
#1336,#1337,#1338,#1339,#1340));
#288=EDGE_LOOP('',(#1341));
#289=EDGE_LOOP('',(#1342));
#290=EDGE_LOOP('',(#1343));
#291=EDGE_LOOP('',(#1344));
#292=EDGE_LOOP('',(#1345,#1346,#1347,#1348,#1349,#1350,#1351,#1352));
#293=LINE('',#1934,#413);
#294=LINE('',#1942,#414);
#295=LINE('',#1947,#415);
#296=LINE('',#1955,#416);
#297=LINE('',#1960,#417);
#298=LINE('',#1965,#418);
#299=LINE('',#1973,#419);
#300=LINE('',#1981,#420);
#301=LINE('',#1994,#421);
#302=LINE('',#1997,#422);
#303=LINE('',#2008,#423);
#304=LINE('',#2010,#424);
#305=LINE('',#2011,#425);
#306=LINE('',#2024,#426);
#307=LINE('',#2027,#427);
#308=LINE('',#2031,#428);
#309=LINE('',#2035,#429);
#310=LINE('',#2048,#430);
#311=LINE('',#2060,#431);
#312=LINE('',#2062,#432);
#313=LINE('',#2063,#433);
#314=LINE('',#2076,#434);
#315=LINE('',#2079,#435);
#316=LINE('',#2084,#436);
#317=LINE('',#2098,#437);
#318=LINE('',#2101,#438);
#319=LINE('',#2112,#439);
#320=LINE('',#2114,#440);
#321=LINE('',#2115,#441);
#322=LINE('',#2128,#442);
#323=LINE('',#2131,#443);
#324=LINE('',#2135,#444);
#325=LINE('',#2150,#445);
#326=LINE('',#2153,#446);
#327=LINE('',#2158,#447);
#328=LINE('',#2161,#448);
#329=LINE('',#2174,#449);
#330=LINE('',#2186,#450);
#331=LINE('',#2188,#451);
#332=LINE('',#2189,#452);
#333=LINE('',#2205,#453);
#334=LINE('',#2207,#454);
#335=LINE('',#2209,#455);
#336=LINE('',#2213,#456);
#337=LINE('',#2215,#457);
#338=LINE('',#2217,#458);
#339=LINE('',#2221,#459);
#340=LINE('',#2223,#460);
#341=LINE('',#2225,#461);
#342=LINE('',#2229,#462);
#343=LINE('',#2231,#463);
#344=LINE('',#2232,#464);
#345=LINE('',#2235,#465);
#346=LINE('',#2237,#466);
#347=LINE('',#2239,#467);
#348=LINE('',#2241,#468);
#349=LINE('',#2243,#469);
#350=LINE('',#2245,#470);
#351=LINE('',#2247,#471);
#352=LINE('',#2248,#472);
#353=LINE('',#2287,#473);
#354=LINE('',#2290,#474);
#355=LINE('',#2291,#475);
#356=LINE('',#2301,#476);
#357=LINE('',#2304,#477);
#358=LINE('',#2305,#478);
#359=LINE('',#2307,#479);
#360=LINE('',#2323,#480);
#361=LINE('',#2326,#481);
#362=LINE('',#2327,#482);
#363=LINE('',#2337,#483);
#364=LINE('',#2340,#484);
#365=LINE('',#2341,#485);
#366=LINE('',#2343,#486);
#367=LINE('',#2359,#487);
#368=LINE('',#2362,#488);
#369=LINE('',#2363,#489);
#370=LINE('',#2373,#490);
#371=LINE('',#2376,#491);
#372=LINE('',#2377,#492);
#373=LINE('',#2379,#493);
#374=LINE('',#2395,#494);
#375=LINE('',#2398,#495);
#376=LINE('',#2399,#496);
#377=LINE('',#2409,#497);
#378=LINE('',#2412,#498);
#379=LINE('',#2413,#499);
#380=LINE('',#2415,#500);
#381=LINE('',#2426,#501);
#382=LINE('',#2427,#502);
#383=LINE('',#2428,#503);
#384=LINE('',#2431,#504);
#385=LINE('',#2433,#505);
#386=LINE('',#2434,#506);
#387=LINE('',#2438,#507);
#388=LINE('',#2439,#508);
#389=LINE('',#2440,#509);
#390=LINE('',#2443,#510);
#391=LINE('',#2445,#511);
#392=LINE('',#2446,#512);
#393=LINE('',#2448,#513);
#394=LINE('',#2450,#514);
#395=LINE('',#2452,#515);
#396=LINE('',#2454,#516);
#397=LINE('',#2457,#517);
#398=LINE('',#2459,#518);
#399=LINE('',#2460,#519);
#400=LINE('',#2463,#520);
#401=LINE('',#2464,#521);
#402=LINE('',#2467,#522);
#403=LINE('',#2468,#523);
#404=LINE('',#2471,#524);
#405=LINE('',#2472,#525);
#406=LINE('',#2475,#526);
#407=LINE('',#2477,#527);
#408=LINE('',#2478,#528);
#409=LINE('',#2480,#529);
#410=LINE('',#2483,#530);
#411=LINE('',#2484,#531);
#412=LINE('',#2486,#532);
#413=VECTOR('',#1577,2.);
#414=VECTOR('',#1588,1.75);
#415=VECTOR('',#1593,2.);
#416=VECTOR('',#1604,1.75);
#417=VECTOR('',#1609,2.);
#418=VECTOR('',#1616,1.75);
#419=VECTOR('',#1625,2.);
#420=VECTOR('',#1636,1.75);
#421=VECTOR('',#1639,10.);
#422=VECTOR('',#1642,10.);
#423=VECTOR('',#1645,10.);
#424=VECTOR('',#1646,10.);
#425=VECTOR('',#1647,10.);
#426=VECTOR('',#1650,10.);
#427=VECTOR('',#1653,10.);
#428=VECTOR('',#1658,3.55);
#429=VECTOR('',#1661,10.);
#430=VECTOR('',#1666,10.);
#431=VECTOR('',#1671,10.);
#432=VECTOR('',#1672,10.);
#433=VECTOR('',#1673,10.);
#434=VECTOR('',#1676,10.);
#435=VECTOR('',#1679,10.);
#436=VECTOR('',#1686,3.55);
#437=VECTOR('',#1691,10.);
#438=VECTOR('',#1694,10.);
#439=VECTOR('',#1697,10.);
#440=VECTOR('',#1698,10.);
#441=VECTOR('',#1699,10.);
#442=VECTOR('',#1702,10.);
#443=VECTOR('',#1705,10.);
#444=VECTOR('',#1710,3.55);
#445=VECTOR('',#1717,10.);
#446=VECTOR('',#1720,10.);
#447=VECTOR('',#1725,10.);
#448=VECTOR('',#1728,3.55);
#449=VECTOR('',#1733,10.);
#450=VECTOR('',#1738,10.);
#451=VECTOR('',#1739,10.);
#452=VECTOR('',#1740,10.);
#453=VECTOR('',#1749,10.);
#454=VECTOR('',#1750,10.);
#455=VECTOR('',#1751,10.);
#456=VECTOR('',#1754,10.);
#457=VECTOR('',#1755,10.);
#458=VECTOR('',#1756,10.);
#459=VECTOR('',#1759,10.);
#460=VECTOR('',#1760,10.);
#461=VECTOR('',#1761,10.);
#462=VECTOR('',#1764,10.);
#463=VECTOR('',#1765,10.);
#464=VECTOR('',#1766,10.);
#465=VECTOR('',#1767,10.);
#466=VECTOR('',#1768,10.);
#467=VECTOR('',#1769,10.);
#468=VECTOR('',#1770,10.);
#469=VECTOR('',#1771,10.);
#470=VECTOR('',#1772,10.);
#471=VECTOR('',#1773,10.);
#472=VECTOR('',#1774,10.);
#473=VECTOR('',#1789,10.);
#474=VECTOR('',#1792,10.);
#475=VECTOR('',#1793,10.);
#476=VECTOR('',#1796,10.);
#477=VECTOR('',#1799,10.);
#478=VECTOR('',#1800,10.);
#479=VECTOR('',#1803,10.);
#480=VECTOR('',#1806,10.);
#481=VECTOR('',#1809,10.);
#482=VECTOR('',#1810,10.);
#483=VECTOR('',#1813,10.);
#484=VECTOR('',#1816,10.);
#485=VECTOR('',#1817,10.);
#486=VECTOR('',#1820,10.);
#487=VECTOR('',#1823,10.);
#488=VECTOR('',#1826,10.);
#489=VECTOR('',#1827,10.);
#490=VECTOR('',#1830,10.);
#491=VECTOR('',#1833,10.);
#492=VECTOR('',#1834,10.);
#493=VECTOR('',#1837,10.);
#494=VECTOR('',#1840,10.);
#495=VECTOR('',#1843,10.);
#496=VECTOR('',#1844,10.);
#497=VECTOR('',#1847,10.);
#498=VECTOR('',#1850,10.);
#499=VECTOR('',#1851,10.);
#500=VECTOR('',#1854,10.);
#501=VECTOR('',#1857,10.);
#502=VECTOR('',#1858,10.);
#503=VECTOR('',#1859,10.);
#504=VECTOR('',#1862,10.);
#505=VECTOR('',#1863,10.);
#506=VECTOR('',#1864,10.);
#507=VECTOR('',#1867,10.);
#508=VECTOR('',#1868,10.);
#509=VECTOR('',#1869,10.);
#510=VECTOR('',#1872,10.);
#511=VECTOR('',#1873,10.);
#512=VECTOR('',#1874,10.);
#513=VECTOR('',#1877,10.);
#514=VECTOR('',#1880,10.);
#515=VECTOR('',#1883,10.);
#516=VECTOR('',#1886,10.);
#517=VECTOR('',#1889,10.);
#518=VECTOR('',#1890,10.);
#519=VECTOR('',#1891,10.);
#520=VECTOR('',#1894,10.);
#521=VECTOR('',#1895,10.);
#522=VECTOR('',#1898,10.);
#523=VECTOR('',#1899,10.);
#524=VECTOR('',#1902,10.);
#525=VECTOR('',#1903,10.);
#526=VECTOR('',#1906,10.);
#527=VECTOR('',#1907,10.);
#528=VECTOR('',#1908,10.);
#529=VECTOR('',#1911,10.);
#530=VECTOR('',#1914,10.);
#531=VECTOR('',#1915,10.);
#532=VECTOR('',#1918,10.);
#533=CIRCLE('',#1454,1.75);
#534=CIRCLE('',#1455,2.25);
#535=CIRCLE('',#1457,3.55);
#536=CIRCLE('',#1459,1.75);
#537=CIRCLE('',#1461,1.75);
#538=CIRCLE('',#1462,2.25);
#539=CIRCLE('',#1464,3.55);
#540=CIRCLE('',#1466,1.75);
#541=CIRCLE('',#1468,1.75);
#542=CIRCLE('',#1469,2.25);
#543=CIRCLE('',#1471,1.75);
#544=CIRCLE('',#1473,3.55);
#545=CIRCLE('',#1475,1.75);
#546=CIRCLE('',#1476,2.25);
#547=CIRCLE('',#1478,3.55);
#548=CIRCLE('',#1480,1.75);
#549=CIRCLE('',#1482,3.);
#550=CIRCLE('',#1485,3.);
#551=CIRCLE('',#1487,3.55);
#552=CIRCLE('',#1488,3.55);
#553=CIRCLE('',#1489,3.55);
#554=CIRCLE('',#1491,3.);
#555=CIRCLE('',#1494,3.);
#556=CIRCLE('',#1496,3.55);
#557=CIRCLE('',#1497,3.55);
#558=CIRCLE('',#1498,3.55);
#559=CIRCLE('',#1500,3.);
#560=CIRCLE('',#1503,3.);
#561=CIRCLE('',#1505,3.55);
#562=CIRCLE('',#1506,3.55);
#563=CIRCLE('',#1507,3.55);
#564=CIRCLE('',#1509,3.);
#565=CIRCLE('',#1511,3.55);
#566=CIRCLE('',#1512,3.55);
#567=CIRCLE('',#1513,3.55);
#568=CIRCLE('',#1515,3.);
#569=CIRCLE('',#1518,7.25);
#570=CIRCLE('',#1519,6.05502525316941);
#571=CIRCLE('',#1521,7.25);
#572=CIRCLE('',#1522,7.25);
#573=CIRCLE('',#1523,7.25);
#574=CIRCLE('',#1525,6.05502525316941);
#575=CIRCLE('',#1527,6.05502525316941);
#576=CIRCLE('',#1529,6.05502525316941);
#577=VERTEX_POINT('',#1931);
#578=VERTEX_POINT('',#1933);
#579=VERTEX_POINT('',#1937);
#580=VERTEX_POINT('',#1940);
#581=VERTEX_POINT('',#1944);
#582=VERTEX_POINT('',#1946);
#583=VERTEX_POINT('',#1950);
#584=VERTEX_POINT('',#1953);
#585=VERTEX_POINT('',#1957);
#586=VERTEX_POINT('',#1959);
#587=VERTEX_POINT('',#1963);
#588=VERTEX_POINT('',#1967);
#589=VERTEX_POINT('',#1970);
#590=VERTEX_POINT('',#1972);
#591=VERTEX_POINT('',#1976);
#592=VERTEX_POINT('',#1979);
#593=VERTEX_POINT('',#1983);
#594=VERTEX_POINT('',#1984);
#595=VERTEX_POINT('',#1993);
#596=VERTEX_POINT('',#1995);
#597=VERTEX_POINT('',#1999);
#598=VERTEX_POINT('',#2003);
#599=VERTEX_POINT('',#2007);
#600=VERTEX_POINT('',#2009);
#601=VERTEX_POINT('',#2013);
#602=VERTEX_POINT('',#2014);
#603=VERTEX_POINT('',#2023);
#604=VERTEX_POINT('',#2025);
#605=VERTEX_POINT('',#2029);
#606=VERTEX_POINT('',#2032);
#607=VERTEX_POINT('',#2034);
#608=VERTEX_POINT('',#2038);
#609=VERTEX_POINT('',#2047);
#610=VERTEX_POINT('',#2051);
#611=VERTEX_POINT('',#2055);
#612=VERTEX_POINT('',#2059);
#613=VERTEX_POINT('',#2061);
#614=VERTEX_POINT('',#2065);
#615=VERTEX_POINT('',#2066);
#616=VERTEX_POINT('',#2075);
#617=VERTEX_POINT('',#2077);
#618=VERTEX_POINT('',#2082);
#619=VERTEX_POINT('',#2087);
#620=VERTEX_POINT('',#2088);
#621=VERTEX_POINT('',#2097);
#622=VERTEX_POINT('',#2099);
#623=VERTEX_POINT('',#2103);
#624=VERTEX_POINT('',#2107);
#625=VERTEX_POINT('',#2111);
#626=VERTEX_POINT('',#2113);
#627=VERTEX_POINT('',#2117);
#628=VERTEX_POINT('',#2118);
#629=VERTEX_POINT('',#2127);
#630=VERTEX_POINT('',#2129);
#631=VERTEX_POINT('',#2133);
#632=VERTEX_POINT('',#2139);
#633=VERTEX_POINT('',#2140);
#634=VERTEX_POINT('',#2149);
#635=VERTEX_POINT('',#2151);
#636=VERTEX_POINT('',#2155);
#637=VERTEX_POINT('',#2157);
#638=VERTEX_POINT('',#2159);
#639=VERTEX_POINT('',#2164);
#640=VERTEX_POINT('',#2173);
#641=VERTEX_POINT('',#2177);
#642=VERTEX_POINT('',#2181);
#643=VERTEX_POINT('',#2185);
#644=VERTEX_POINT('',#2187);
#645=VERTEX_POINT('',#2191);
#646=VERTEX_POINT('',#2192);
#647=VERTEX_POINT('',#2196);
#648=VERTEX_POINT('',#2198);
#649=VERTEX_POINT('',#2204);
#650=VERTEX_POINT('',#2206);
#651=VERTEX_POINT('',#2208);
#652=VERTEX_POINT('',#2210);
#653=VERTEX_POINT('',#2212);
#654=VERTEX_POINT('',#2214);
#655=VERTEX_POINT('',#2216);
#656=VERTEX_POINT('',#2218);
#657=VERTEX_POINT('',#2220);
#658=VERTEX_POINT('',#2222);
#659=VERTEX_POINT('',#2224);
#660=VERTEX_POINT('',#2226);
#661=VERTEX_POINT('',#2228);
#662=VERTEX_POINT('',#2230);
#663=VERTEX_POINT('',#2233);
#664=VERTEX_POINT('',#2234);
#665=VERTEX_POINT('',#2236);
#666=VERTEX_POINT('',#2238);
#667=VERTEX_POINT('',#2240);
#668=VERTEX_POINT('',#2242);
#669=VERTEX_POINT('',#2244);
#670=VERTEX_POINT('',#2246);
#671=VERTEX_POINT('',#2250);
#672=VERTEX_POINT('',#2254);
#673=VERTEX_POINT('',#2260);
#674=VERTEX_POINT('',#2264);
#675=VERTEX_POINT('',#2270);
#676=VERTEX_POINT('',#2274);
#677=VERTEX_POINT('',#2280);
#678=VERTEX_POINT('',#2289);
#679=VERTEX_POINT('',#2293);
#680=VERTEX_POINT('',#2297);
#681=VERTEX_POINT('',#2303);
#682=VERTEX_POINT('',#2308);
#683=VERTEX_POINT('',#2316);
#684=VERTEX_POINT('',#2325);
#685=VERTEX_POINT('',#2329);
#686=VERTEX_POINT('',#2333);
#687=VERTEX_POINT('',#2339);
#688=VERTEX_POINT('',#2344);
#689=VERTEX_POINT('',#2352);
#690=VERTEX_POINT('',#2361);
#691=VERTEX_POINT('',#2365);
#692=VERTEX_POINT('',#2369);
#693=VERTEX_POINT('',#2375);
#694=VERTEX_POINT('',#2380);
#695=VERTEX_POINT('',#2388);
#696=VERTEX_POINT('',#2397);
#697=VERTEX_POINT('',#2401);
#698=VERTEX_POINT('',#2405);
#699=VERTEX_POINT('',#2411);
#700=VERTEX_POINT('',#2416);
#701=VERTEX_POINT('',#2424);
#702=VERTEX_POINT('',#2425);
#703=VERTEX_POINT('',#2430);
#704=VERTEX_POINT('',#2432);
#705=VERTEX_POINT('',#2436);
#706=VERTEX_POINT('',#2437);
#707=VERTEX_POINT('',#2442);
#708=VERTEX_POINT('',#2444);
#709=VERTEX_POINT('',#2456);
#710=VERTEX_POINT('',#2458);
#711=VERTEX_POINT('',#2462);
#712=VERTEX_POINT('',#2466);
#713=VERTEX_POINT('',#2470);
#714=VERTEX_POINT('',#2474);
#715=VERTEX_POINT('',#2476);
#716=VERTEX_POINT('',#2482);
#717=EDGE_CURVE('',#577,#577,#533,.T.);
#718=EDGE_CURVE('',#577,#578,#293,.T.);
#719=EDGE_CURVE('',#578,#578,#534,.T.);
#720=EDGE_CURVE('',#579,#579,#535,.T.);
#721=EDGE_CURVE('',#580,#580,#536,.T.);
#722=EDGE_CURVE('',#580,#577,#294,.T.);
#723=EDGE_CURVE('',#581,#581,#537,.T.);
#724=EDGE_CURVE('',#581,#582,#295,.T.);
#725=EDGE_CURVE('',#582,#582,#538,.T.);
#726=EDGE_CURVE('',#583,#583,#539,.T.);
#727=EDGE_CURVE('',#584,#584,#540,.T.);
#728=EDGE_CURVE('',#584,#581,#296,.T.);
#729=EDGE_CURVE('',#585,#585,#541,.T.);
#730=EDGE_CURVE('',#585,#586,#297,.T.);
#731=EDGE_CURVE('',#586,#586,#542,.T.);
#732=EDGE_CURVE('',#587,#587,#543,.T.);
#733=EDGE_CURVE('',#587,#585,#298,.T.);
#734=EDGE_CURVE('',#588,#588,#544,.T.);
#735=EDGE_CURVE('',#589,#589,#545,.T.);
#736=EDGE_CURVE('',#589,#590,#299,.T.);
#737=EDGE_CURVE('',#590,#590,#546,.T.);
#738=EDGE_CURVE('',#591,#591,#547,.T.);
#739=EDGE_CURVE('',#592,#592,#548,.T.);
#740=EDGE_CURVE('',#592,#589,#300,.T.);
#741=EDGE_CURVE('',#593,#594,#55,.T.);
#742=EDGE_CURVE('',#594,#595,#301,.T.);
#743=EDGE_CURVE('',#595,#596,#549,.T.);
#744=EDGE_CURVE('',#596,#593,#302,.T.);
#745=EDGE_CURVE('',#597,#594,#15,.T.);
#746=EDGE_CURVE('',#598,#597,#16,.T.);
#747=EDGE_CURVE('',#599,#598,#303,.T.);
#748=EDGE_CURVE('',#599,#600,#304,.T.);
#749=EDGE_CURVE('',#595,#600,#305,.T.);
#750=EDGE_CURVE('',#601,#602,#56,.T.);
#751=EDGE_CURVE('',#602,#603,#306,.T.);
#752=EDGE_CURVE('',#603,#604,#550,.T.);
#753=EDGE_CURVE('',#604,#601,#307,.T.);
#754=EDGE_CURVE('',#605,#602,#551,.T.);
#755=EDGE_CURVE('',#605,#591,#308,.T.);
#756=EDGE_CURVE('',#606,#605,#552,.T.);
#757=EDGE_CURVE('',#607,#606,#309,.T.);
#758=EDGE_CURVE('',#603,#607,#553,.T.);
#759=EDGE_CURVE('',#606,#608,#57,.T.);
#760=EDGE_CURVE('',#608,#609,#310,.T.);
#761=EDGE_CURVE('',#609,#607,#554,.T.);
#762=EDGE_CURVE('',#610,#608,#17,.T.);
#763=EDGE_CURVE('',#611,#610,#18,.T.);
#764=EDGE_CURVE('',#612,#611,#311,.T.);
#765=EDGE_CURVE('',#612,#613,#312,.T.);
#766=EDGE_CURVE('',#609,#613,#313,.T.);
#767=EDGE_CURVE('',#614,#615,#58,.T.);
#768=EDGE_CURVE('',#615,#616,#314,.T.);
#769=EDGE_CURVE('',#616,#617,#555,.T.);
#770=EDGE_CURVE('',#617,#614,#315,.T.);
#771=EDGE_CURVE('',#616,#596,#556,.T.);
#772=EDGE_CURVE('',#618,#615,#557,.T.);
#773=EDGE_CURVE('',#618,#588,#316,.T.);
#774=EDGE_CURVE('',#593,#618,#558,.T.);
#775=EDGE_CURVE('',#619,#620,#59,.T.);
#776=EDGE_CURVE('',#620,#621,#317,.T.);
#777=EDGE_CURVE('',#621,#622,#559,.T.);
#778=EDGE_CURVE('',#622,#619,#318,.T.);
#779=EDGE_CURVE('',#623,#620,#19,.T.);
#780=EDGE_CURVE('',#624,#623,#20,.T.);
#781=EDGE_CURVE('',#625,#624,#319,.T.);
#782=EDGE_CURVE('',#625,#626,#320,.T.);
#783=EDGE_CURVE('',#621,#626,#321,.T.);
#784=EDGE_CURVE('',#627,#628,#60,.T.);
#785=EDGE_CURVE('',#628,#629,#322,.T.);
#786=EDGE_CURVE('',#629,#630,#560,.T.);
#787=EDGE_CURVE('',#630,#627,#323,.T.);
#788=EDGE_CURVE('',#631,#622,#561,.T.);
#789=EDGE_CURVE('',#631,#579,#324,.T.);
#790=EDGE_CURVE('',#629,#631,#562,.T.);
#791=EDGE_CURVE('',#619,#628,#563,.T.);
#792=EDGE_CURVE('',#632,#633,#61,.T.);
#793=EDGE_CURVE('',#633,#634,#325,.T.);
#794=EDGE_CURVE('',#634,#635,#564,.T.);
#795=EDGE_CURVE('',#635,#632,#326,.T.);
#796=EDGE_CURVE('',#636,#633,#565,.T.);
#797=EDGE_CURVE('',#637,#636,#327,.T.);
#798=EDGE_CURVE('',#638,#637,#566,.T.);
#799=EDGE_CURVE('',#638,#583,#328,.T.);
#800=EDGE_CURVE('',#634,#638,#567,.T.);
#801=EDGE_CURVE('',#636,#639,#62,.T.);
#802=EDGE_CURVE('',#639,#640,#329,.T.);
#803=EDGE_CURVE('',#640,#637,#568,.T.);
#804=EDGE_CURVE('',#641,#639,#21,.T.);
#805=EDGE_CURVE('',#642,#641,#22,.T.);
#806=EDGE_CURVE('',#643,#642,#330,.T.);
#807=EDGE_CURVE('',#643,#644,#331,.T.);
#808=EDGE_CURVE('',#640,#644,#332,.T.);
#809=EDGE_CURVE('',#645,#646,#23,.T.);
#810=EDGE_CURVE('',#646,#647,#569,.T.);
#811=EDGE_CURVE('',#647,#648,#24,.T.);
#812=EDGE_CURVE('',#648,#645,#570,.T.);
#813=EDGE_CURVE('',#649,#646,#333,.T.);
#814=EDGE_CURVE('',#650,#649,#334,.T.);
#815=EDGE_CURVE('',#651,#650,#335,.T.);
#816=EDGE_CURVE('',#652,#651,#571,.T.);
#817=EDGE_CURVE('',#653,#652,#336,.T.);
#818=EDGE_CURVE('',#654,#653,#337,.T.);
#819=EDGE_CURVE('',#655,#654,#338,.T.);
#820=EDGE_CURVE('',#656,#655,#572,.T.);
#821=EDGE_CURVE('',#657,#656,#339,.T.);
#822=EDGE_CURVE('',#658,#657,#340,.T.);
#823=EDGE_CURVE('',#659,#658,#341,.T.);
#824=EDGE_CURVE('',#660,#659,#573,.T.);
#825=EDGE_CURVE('',#661,#660,#342,.T.);
#826=EDGE_CURVE('',#662,#661,#343,.T.);
#827=EDGE_CURVE('',#647,#662,#344,.T.);
#828=EDGE_CURVE('',#663,#664,#345,.T.);
#829=EDGE_CURVE('',#665,#663,#346,.T.);
#830=EDGE_CURVE('',#666,#665,#347,.T.);
#831=EDGE_CURVE('',#667,#666,#348,.T.);
#832=EDGE_CURVE('',#668,#667,#349,.T.);
#833=EDGE_CURVE('',#669,#668,#350,.T.);
#834=EDGE_CURVE('',#670,#669,#351,.T.);
#835=EDGE_CURVE('',#664,#670,#352,.T.);
#836=EDGE_CURVE('',#671,#660,#25,.T.);
#837=EDGE_CURVE('',#659,#672,#26,.T.);
#838=EDGE_CURVE('',#672,#671,#574,.T.);
#839=EDGE_CURVE('',#673,#656,#27,.T.);
#840=EDGE_CURVE('',#655,#674,#28,.T.);
#841=EDGE_CURVE('',#674,#673,#575,.T.);
#842=EDGE_CURVE('',#675,#652,#29,.T.);
#843=EDGE_CURVE('',#651,#676,#30,.T.);
#844=EDGE_CURVE('',#676,#675,#576,.T.);
#845=EDGE_CURVE('',#624,#677,#31,.F.);
#846=EDGE_CURVE('',#676,#677,#32,.T.);
#847=EDGE_CURVE('',#650,#625,#353,.T.);
#848=EDGE_CURVE('',#649,#678,#354,.T.);
#849=EDGE_CURVE('',#678,#625,#355,.T.);
#850=EDGE_CURVE('',#679,#645,#33,.T.);
#851=EDGE_CURVE('',#679,#680,#34,.F.);
#852=EDGE_CURVE('',#680,#678,#356,.T.);
#853=EDGE_CURVE('',#678,#681,#357,.T.);
#854=EDGE_CURVE('',#626,#681,#358,.T.);
#855=EDGE_CURVE('',#681,#604,#359,.T.);
#856=EDGE_CURVE('',#682,#680,#35,.T.);
#857=EDGE_CURVE('',#601,#682,#36,.T.);
#858=EDGE_CURVE('',#611,#683,#37,.F.);
#859=EDGE_CURVE('',#648,#683,#38,.T.);
#860=EDGE_CURVE('',#662,#612,#360,.T.);
#861=EDGE_CURVE('',#661,#684,#361,.T.);
#862=EDGE_CURVE('',#684,#612,#362,.T.);
#863=EDGE_CURVE('',#685,#671,#39,.T.);
#864=EDGE_CURVE('',#685,#686,#40,.F.);
#865=EDGE_CURVE('',#686,#684,#363,.T.);
#866=EDGE_CURVE('',#684,#687,#364,.T.);
#867=EDGE_CURVE('',#613,#687,#365,.T.);
#868=EDGE_CURVE('',#687,#617,#366,.T.);
#869=EDGE_CURVE('',#688,#686,#41,.T.);
#870=EDGE_CURVE('',#614,#688,#42,.T.);
#871=EDGE_CURVE('',#598,#689,#43,.F.);
#872=EDGE_CURVE('',#672,#689,#44,.T.);
#873=EDGE_CURVE('',#658,#599,#367,.T.);
#874=EDGE_CURVE('',#657,#690,#368,.T.);
#875=EDGE_CURVE('',#690,#599,#369,.T.);
#876=EDGE_CURVE('',#691,#673,#45,.T.);
#877=EDGE_CURVE('',#691,#692,#46,.F.);
#878=EDGE_CURVE('',#692,#690,#370,.T.);
#879=EDGE_CURVE('',#690,#693,#371,.T.);
#880=EDGE_CURVE('',#600,#693,#372,.T.);
#881=EDGE_CURVE('',#693,#635,#373,.T.);
#882=EDGE_CURVE('',#694,#692,#47,.T.);
#883=EDGE_CURVE('',#632,#694,#48,.T.);
#884=EDGE_CURVE('',#642,#695,#49,.F.);
#885=EDGE_CURVE('',#674,#695,#50,.T.);
#886=EDGE_CURVE('',#654,#643,#374,.T.);
#887=EDGE_CURVE('',#653,#696,#375,.T.);
#888=EDGE_CURVE('',#696,#643,#376,.T.);
#889=EDGE_CURVE('',#697,#675,#51,.T.);
#890=EDGE_CURVE('',#697,#698,#52,.F.);
#891=EDGE_CURVE('',#698,#696,#377,.T.);
#892=EDGE_CURVE('',#696,#699,#378,.T.);
#893=EDGE_CURVE('',#644,#699,#379,.T.);
#894=EDGE_CURVE('',#699,#630,#380,.T.);
#895=EDGE_CURVE('',#700,#698,#53,.T.);
#896=EDGE_CURVE('',#627,#700,#54,.T.);
#897=EDGE_CURVE('',#701,#702,#381,.T.);
#898=EDGE_CURVE('',#702,#668,#382,.T.);
#899=EDGE_CURVE('',#667,#701,#383,.T.);
#900=EDGE_CURVE('',#665,#703,#384,.T.);
#901=EDGE_CURVE('',#703,#704,#385,.T.);
#902=EDGE_CURVE('',#704,#666,#386,.T.);
#903=EDGE_CURVE('',#705,#706,#387,.T.);
#904=EDGE_CURVE('',#706,#670,#388,.T.);
#905=EDGE_CURVE('',#669,#705,#389,.T.);
#906=EDGE_CURVE('',#664,#707,#390,.T.);
#907=EDGE_CURVE('',#707,#708,#391,.T.);
#908=EDGE_CURVE('',#708,#663,#392,.T.);
#909=EDGE_CURVE('',#706,#707,#393,.T.);
#910=EDGE_CURVE('',#708,#703,#394,.T.);
#911=EDGE_CURVE('',#702,#705,#395,.T.);
#912=EDGE_CURVE('',#704,#701,#396,.T.);
#913=EDGE_CURVE('',#704,#709,#397,.T.);
#914=EDGE_CURVE('',#709,#710,#398,.T.);
#915=EDGE_CURVE('',#710,#701,#399,.T.);
#916=EDGE_CURVE('',#711,#703,#400,.T.);
#917=EDGE_CURVE('',#709,#711,#401,.T.);
#918=EDGE_CURVE('',#708,#712,#402,.T.);
#919=EDGE_CURVE('',#712,#711,#403,.T.);
#920=EDGE_CURVE('',#713,#707,#404,.T.);
#921=EDGE_CURVE('',#712,#713,#405,.T.);
#922=EDGE_CURVE('',#702,#714,#406,.T.);
#923=EDGE_CURVE('',#714,#715,#407,.T.);
#924=EDGE_CURVE('',#715,#705,#408,.T.);
#925=EDGE_CURVE('',#714,#710,#409,.T.);
#926=EDGE_CURVE('',#706,#716,#410,.T.);
#927=EDGE_CURVE('',#716,#713,#411,.T.);
#928=EDGE_CURVE('',#716,#715,#412,.T.);
#929=ORIENTED_EDGE('',*,*,#717,.T.);
#930=ORIENTED_EDGE('',*,*,#718,.T.);
#931=ORIENTED_EDGE('',*,*,#719,.T.);
#932=ORIENTED_EDGE('',*,*,#718,.F.);
#933=ORIENTED_EDGE('',*,*,#720,.F.);
#934=ORIENTED_EDGE('',*,*,#719,.F.);
#935=ORIENTED_EDGE('',*,*,#721,.F.);
#936=ORIENTED_EDGE('',*,*,#722,.T.);
#937=ORIENTED_EDGE('',*,*,#717,.F.);
#938=ORIENTED_EDGE('',*,*,#722,.F.);
#939=ORIENTED_EDGE('',*,*,#723,.T.);
#940=ORIENTED_EDGE('',*,*,#724,.T.);
#941=ORIENTED_EDGE('',*,*,#725,.T.);
#942=ORIENTED_EDGE('',*,*,#724,.F.);
#943=ORIENTED_EDGE('',*,*,#726,.F.);
#944=ORIENTED_EDGE('',*,*,#725,.F.);
#945=ORIENTED_EDGE('',*,*,#727,.F.);
#946=ORIENTED_EDGE('',*,*,#728,.T.);
#947=ORIENTED_EDGE('',*,*,#723,.F.);
#948=ORIENTED_EDGE('',*,*,#728,.F.);
#949=ORIENTED_EDGE('',*,*,#729,.T.);
#950=ORIENTED_EDGE('',*,*,#730,.T.);
#951=ORIENTED_EDGE('',*,*,#731,.T.);
#952=ORIENTED_EDGE('',*,*,#730,.F.);
#953=ORIENTED_EDGE('',*,*,#732,.F.);
#954=ORIENTED_EDGE('',*,*,#733,.T.);
#955=ORIENTED_EDGE('',*,*,#729,.F.);
#956=ORIENTED_EDGE('',*,*,#733,.F.);
#957=ORIENTED_EDGE('',*,*,#734,.T.);
#958=ORIENTED_EDGE('',*,*,#731,.F.);
#959=ORIENTED_EDGE('',*,*,#735,.T.);
#960=ORIENTED_EDGE('',*,*,#736,.T.);
#961=ORIENTED_EDGE('',*,*,#737,.T.);
#962=ORIENTED_EDGE('',*,*,#736,.F.);
#963=ORIENTED_EDGE('',*,*,#738,.T.);
#964=ORIENTED_EDGE('',*,*,#737,.F.);
#965=ORIENTED_EDGE('',*,*,#739,.F.);
#966=ORIENTED_EDGE('',*,*,#740,.T.);
#967=ORIENTED_EDGE('',*,*,#735,.F.);
#968=ORIENTED_EDGE('',*,*,#740,.F.);
#969=ORIENTED_EDGE('',*,*,#741,.T.);
#970=ORIENTED_EDGE('',*,*,#742,.T.);
#971=ORIENTED_EDGE('',*,*,#743,.T.);
#972=ORIENTED_EDGE('',*,*,#744,.T.);
#973=ORIENTED_EDGE('',*,*,#742,.F.);
#974=ORIENTED_EDGE('',*,*,#745,.F.);
#975=ORIENTED_EDGE('',*,*,#746,.F.);
#976=ORIENTED_EDGE('',*,*,#747,.F.);
#977=ORIENTED_EDGE('',*,*,#748,.T.);
#978=ORIENTED_EDGE('',*,*,#749,.F.);
#979=ORIENTED_EDGE('',*,*,#750,.T.);
#980=ORIENTED_EDGE('',*,*,#751,.T.);
#981=ORIENTED_EDGE('',*,*,#752,.T.);
#982=ORIENTED_EDGE('',*,*,#753,.T.);
#983=ORIENTED_EDGE('',*,*,#751,.F.);
#984=ORIENTED_EDGE('',*,*,#754,.F.);
#985=ORIENTED_EDGE('',*,*,#755,.T.);
#986=ORIENTED_EDGE('',*,*,#738,.F.);
#987=ORIENTED_EDGE('',*,*,#755,.F.);
#988=ORIENTED_EDGE('',*,*,#756,.F.);
#989=ORIENTED_EDGE('',*,*,#757,.F.);
#990=ORIENTED_EDGE('',*,*,#758,.F.);
#991=ORIENTED_EDGE('',*,*,#759,.T.);
#992=ORIENTED_EDGE('',*,*,#760,.T.);
#993=ORIENTED_EDGE('',*,*,#761,.T.);
#994=ORIENTED_EDGE('',*,*,#757,.T.);
#995=ORIENTED_EDGE('',*,*,#760,.F.);
#996=ORIENTED_EDGE('',*,*,#762,.F.);
#997=ORIENTED_EDGE('',*,*,#763,.F.);
#998=ORIENTED_EDGE('',*,*,#764,.F.);
#999=ORIENTED_EDGE('',*,*,#765,.T.);
#1000=ORIENTED_EDGE('',*,*,#766,.F.);
#1001=ORIENTED_EDGE('',*,*,#767,.T.);
#1002=ORIENTED_EDGE('',*,*,#768,.T.);
#1003=ORIENTED_EDGE('',*,*,#769,.T.);
#1004=ORIENTED_EDGE('',*,*,#770,.T.);
#1005=ORIENTED_EDGE('',*,*,#744,.F.);
#1006=ORIENTED_EDGE('',*,*,#771,.F.);
#1007=ORIENTED_EDGE('',*,*,#768,.F.);
#1008=ORIENTED_EDGE('',*,*,#772,.F.);
#1009=ORIENTED_EDGE('',*,*,#773,.T.);
#1010=ORIENTED_EDGE('',*,*,#734,.F.);
#1011=ORIENTED_EDGE('',*,*,#773,.F.);
#1012=ORIENTED_EDGE('',*,*,#774,.F.);
#1013=ORIENTED_EDGE('',*,*,#775,.T.);
#1014=ORIENTED_EDGE('',*,*,#776,.T.);
#1015=ORIENTED_EDGE('',*,*,#777,.T.);
#1016=ORIENTED_EDGE('',*,*,#778,.T.);
#1017=ORIENTED_EDGE('',*,*,#776,.F.);
#1018=ORIENTED_EDGE('',*,*,#779,.F.);
#1019=ORIENTED_EDGE('',*,*,#780,.F.);
#1020=ORIENTED_EDGE('',*,*,#781,.F.);
#1021=ORIENTED_EDGE('',*,*,#782,.T.);
#1022=ORIENTED_EDGE('',*,*,#783,.F.);
#1023=ORIENTED_EDGE('',*,*,#784,.T.);
#1024=ORIENTED_EDGE('',*,*,#785,.T.);
#1025=ORIENTED_EDGE('',*,*,#786,.T.);
#1026=ORIENTED_EDGE('',*,*,#787,.T.);
#1027=ORIENTED_EDGE('',*,*,#778,.F.);
#1028=ORIENTED_EDGE('',*,*,#788,.F.);
#1029=ORIENTED_EDGE('',*,*,#789,.T.);
#1030=ORIENTED_EDGE('',*,*,#720,.T.);
#1031=ORIENTED_EDGE('',*,*,#789,.F.);
#1032=ORIENTED_EDGE('',*,*,#790,.F.);
#1033=ORIENTED_EDGE('',*,*,#785,.F.);
#1034=ORIENTED_EDGE('',*,*,#791,.F.);
#1035=ORIENTED_EDGE('',*,*,#792,.T.);
#1036=ORIENTED_EDGE('',*,*,#793,.T.);
#1037=ORIENTED_EDGE('',*,*,#794,.T.);
#1038=ORIENTED_EDGE('',*,*,#795,.T.);
#1039=ORIENTED_EDGE('',*,*,#793,.F.);
#1040=ORIENTED_EDGE('',*,*,#796,.F.);
#1041=ORIENTED_EDGE('',*,*,#797,.F.);
#1042=ORIENTED_EDGE('',*,*,#798,.F.);
#1043=ORIENTED_EDGE('',*,*,#799,.T.);
#1044=ORIENTED_EDGE('',*,*,#726,.T.);
#1045=ORIENTED_EDGE('',*,*,#799,.F.);
#1046=ORIENTED_EDGE('',*,*,#800,.F.);
#1047=ORIENTED_EDGE('',*,*,#801,.T.);
#1048=ORIENTED_EDGE('',*,*,#802,.T.);
#1049=ORIENTED_EDGE('',*,*,#803,.T.);
#1050=ORIENTED_EDGE('',*,*,#797,.T.);
#1051=ORIENTED_EDGE('',*,*,#802,.F.);
#1052=ORIENTED_EDGE('',*,*,#804,.F.);
#1053=ORIENTED_EDGE('',*,*,#805,.F.);
#1054=ORIENTED_EDGE('',*,*,#806,.F.);
#1055=ORIENTED_EDGE('',*,*,#807,.T.);
#1056=ORIENTED_EDGE('',*,*,#808,.F.);
#1057=ORIENTED_EDGE('',*,*,#809,.T.);
#1058=ORIENTED_EDGE('',*,*,#810,.T.);
#1059=ORIENTED_EDGE('',*,*,#811,.T.);
#1060=ORIENTED_EDGE('',*,*,#812,.T.);
#1061=ORIENTED_EDGE('',*,*,#810,.F.);
#1062=ORIENTED_EDGE('',*,*,#813,.F.);
#1063=ORIENTED_EDGE('',*,*,#814,.F.);
#1064=ORIENTED_EDGE('',*,*,#815,.F.);
#1065=ORIENTED_EDGE('',*,*,#816,.F.);
#1066=ORIENTED_EDGE('',*,*,#817,.F.);
#1067=ORIENTED_EDGE('',*,*,#818,.F.);
#1068=ORIENTED_EDGE('',*,*,#819,.F.);
#1069=ORIENTED_EDGE('',*,*,#820,.F.);
#1070=ORIENTED_EDGE('',*,*,#821,.F.);
#1071=ORIENTED_EDGE('',*,*,#822,.F.);
#1072=ORIENTED_EDGE('',*,*,#823,.F.);
#1073=ORIENTED_EDGE('',*,*,#824,.F.);
#1074=ORIENTED_EDGE('',*,*,#825,.F.);
#1075=ORIENTED_EDGE('',*,*,#826,.F.);
#1076=ORIENTED_EDGE('',*,*,#827,.F.);
#1077=ORIENTED_EDGE('',*,*,#828,.F.);
#1078=ORIENTED_EDGE('',*,*,#829,.F.);
#1079=ORIENTED_EDGE('',*,*,#830,.F.);
#1080=ORIENTED_EDGE('',*,*,#831,.F.);
#1081=ORIENTED_EDGE('',*,*,#832,.F.);
#1082=ORIENTED_EDGE('',*,*,#833,.F.);
#1083=ORIENTED_EDGE('',*,*,#834,.F.);
#1084=ORIENTED_EDGE('',*,*,#835,.F.);
#1085=ORIENTED_EDGE('',*,*,#836,.T.);
#1086=ORIENTED_EDGE('',*,*,#824,.T.);
#1087=ORIENTED_EDGE('',*,*,#837,.T.);
#1088=ORIENTED_EDGE('',*,*,#838,.T.);
#1089=ORIENTED_EDGE('',*,*,#839,.T.);
#1090=ORIENTED_EDGE('',*,*,#820,.T.);
#1091=ORIENTED_EDGE('',*,*,#840,.T.);
#1092=ORIENTED_EDGE('',*,*,#841,.T.);
#1093=ORIENTED_EDGE('',*,*,#842,.T.);
#1094=ORIENTED_EDGE('',*,*,#816,.T.);
#1095=ORIENTED_EDGE('',*,*,#843,.T.);
#1096=ORIENTED_EDGE('',*,*,#844,.T.);
#1097=ORIENTED_EDGE('',*,*,#781,.T.);
#1098=ORIENTED_EDGE('',*,*,#845,.T.);
#1099=ORIENTED_EDGE('',*,*,#846,.F.);
#1100=ORIENTED_EDGE('',*,*,#843,.F.);
#1101=ORIENTED_EDGE('',*,*,#815,.T.);
#1102=ORIENTED_EDGE('',*,*,#847,.T.);
#1103=ORIENTED_EDGE('',*,*,#814,.T.);
#1104=ORIENTED_EDGE('',*,*,#848,.T.);
#1105=ORIENTED_EDGE('',*,*,#849,.T.);
#1106=ORIENTED_EDGE('',*,*,#847,.F.);
#1107=ORIENTED_EDGE('',*,*,#813,.T.);
#1108=ORIENTED_EDGE('',*,*,#809,.F.);
#1109=ORIENTED_EDGE('',*,*,#850,.F.);
#1110=ORIENTED_EDGE('',*,*,#851,.T.);
#1111=ORIENTED_EDGE('',*,*,#852,.T.);
#1112=ORIENTED_EDGE('',*,*,#848,.F.);
#1113=ORIENTED_EDGE('',*,*,#849,.F.);
#1114=ORIENTED_EDGE('',*,*,#853,.T.);
#1115=ORIENTED_EDGE('',*,*,#854,.F.);
#1116=ORIENTED_EDGE('',*,*,#782,.F.);
#1117=ORIENTED_EDGE('',*,*,#753,.F.);
#1118=ORIENTED_EDGE('',*,*,#855,.F.);
#1119=ORIENTED_EDGE('',*,*,#853,.F.);
#1120=ORIENTED_EDGE('',*,*,#852,.F.);
#1121=ORIENTED_EDGE('',*,*,#856,.F.);
#1122=ORIENTED_EDGE('',*,*,#857,.F.);
#1123=ORIENTED_EDGE('',*,*,#764,.T.);
#1124=ORIENTED_EDGE('',*,*,#858,.T.);
#1125=ORIENTED_EDGE('',*,*,#859,.F.);
#1126=ORIENTED_EDGE('',*,*,#811,.F.);
#1127=ORIENTED_EDGE('',*,*,#827,.T.);
#1128=ORIENTED_EDGE('',*,*,#860,.T.);
#1129=ORIENTED_EDGE('',*,*,#826,.T.);
#1130=ORIENTED_EDGE('',*,*,#861,.T.);
#1131=ORIENTED_EDGE('',*,*,#862,.T.);
#1132=ORIENTED_EDGE('',*,*,#860,.F.);
#1133=ORIENTED_EDGE('',*,*,#825,.T.);
#1134=ORIENTED_EDGE('',*,*,#836,.F.);
#1135=ORIENTED_EDGE('',*,*,#863,.F.);
#1136=ORIENTED_EDGE('',*,*,#864,.T.);
#1137=ORIENTED_EDGE('',*,*,#865,.T.);
#1138=ORIENTED_EDGE('',*,*,#861,.F.);
#1139=ORIENTED_EDGE('',*,*,#862,.F.);
#1140=ORIENTED_EDGE('',*,*,#866,.T.);
#1141=ORIENTED_EDGE('',*,*,#867,.F.);
#1142=ORIENTED_EDGE('',*,*,#765,.F.);
#1143=ORIENTED_EDGE('',*,*,#770,.F.);
#1144=ORIENTED_EDGE('',*,*,#868,.F.);
#1145=ORIENTED_EDGE('',*,*,#866,.F.);
#1146=ORIENTED_EDGE('',*,*,#865,.F.);
#1147=ORIENTED_EDGE('',*,*,#869,.F.);
#1148=ORIENTED_EDGE('',*,*,#870,.F.);
#1149=ORIENTED_EDGE('',*,*,#747,.T.);
#1150=ORIENTED_EDGE('',*,*,#871,.T.);
#1151=ORIENTED_EDGE('',*,*,#872,.F.);
#1152=ORIENTED_EDGE('',*,*,#837,.F.);
#1153=ORIENTED_EDGE('',*,*,#823,.T.);
#1154=ORIENTED_EDGE('',*,*,#873,.T.);
#1155=ORIENTED_EDGE('',*,*,#822,.T.);
#1156=ORIENTED_EDGE('',*,*,#874,.T.);
#1157=ORIENTED_EDGE('',*,*,#875,.T.);
#1158=ORIENTED_EDGE('',*,*,#873,.F.);
#1159=ORIENTED_EDGE('',*,*,#821,.T.);
#1160=ORIENTED_EDGE('',*,*,#839,.F.);
#1161=ORIENTED_EDGE('',*,*,#876,.F.);
#1162=ORIENTED_EDGE('',*,*,#877,.T.);
#1163=ORIENTED_EDGE('',*,*,#878,.T.);
#1164=ORIENTED_EDGE('',*,*,#874,.F.);
#1165=ORIENTED_EDGE('',*,*,#875,.F.);
#1166=ORIENTED_EDGE('',*,*,#879,.T.);
#1167=ORIENTED_EDGE('',*,*,#880,.F.);
#1168=ORIENTED_EDGE('',*,*,#748,.F.);
#1169=ORIENTED_EDGE('',*,*,#795,.F.);
#1170=ORIENTED_EDGE('',*,*,#881,.F.);
#1171=ORIENTED_EDGE('',*,*,#879,.F.);
#1172=ORIENTED_EDGE('',*,*,#878,.F.);
#1173=ORIENTED_EDGE('',*,*,#882,.F.);
#1174=ORIENTED_EDGE('',*,*,#883,.F.);
#1175=ORIENTED_EDGE('',*,*,#806,.T.);
#1176=ORIENTED_EDGE('',*,*,#884,.T.);
#1177=ORIENTED_EDGE('',*,*,#885,.F.);
#1178=ORIENTED_EDGE('',*,*,#840,.F.);
#1179=ORIENTED_EDGE('',*,*,#819,.T.);
#1180=ORIENTED_EDGE('',*,*,#886,.T.);
#1181=ORIENTED_EDGE('',*,*,#818,.T.);
#1182=ORIENTED_EDGE('',*,*,#887,.T.);
#1183=ORIENTED_EDGE('',*,*,#888,.T.);
#1184=ORIENTED_EDGE('',*,*,#886,.F.);
#1185=ORIENTED_EDGE('',*,*,#817,.T.);
#1186=ORIENTED_EDGE('',*,*,#842,.F.);
#1187=ORIENTED_EDGE('',*,*,#889,.F.);
#1188=ORIENTED_EDGE('',*,*,#890,.T.);
#1189=ORIENTED_EDGE('',*,*,#891,.T.);
#1190=ORIENTED_EDGE('',*,*,#887,.F.);
#1191=ORIENTED_EDGE('',*,*,#888,.F.);
#1192=ORIENTED_EDGE('',*,*,#892,.T.);
#1193=ORIENTED_EDGE('',*,*,#893,.F.);
#1194=ORIENTED_EDGE('',*,*,#807,.F.);
#1195=ORIENTED_EDGE('',*,*,#787,.F.);
#1196=ORIENTED_EDGE('',*,*,#894,.F.);
#1197=ORIENTED_EDGE('',*,*,#892,.F.);
#1198=ORIENTED_EDGE('',*,*,#891,.F.);
#1199=ORIENTED_EDGE('',*,*,#895,.F.);
#1200=ORIENTED_EDGE('',*,*,#896,.F.);
#1201=ORIENTED_EDGE('',*,*,#897,.T.);
#1202=ORIENTED_EDGE('',*,*,#898,.T.);
#1203=ORIENTED_EDGE('',*,*,#832,.T.);
#1204=ORIENTED_EDGE('',*,*,#899,.T.);
#1205=ORIENTED_EDGE('',*,*,#830,.T.);
#1206=ORIENTED_EDGE('',*,*,#900,.T.);
#1207=ORIENTED_EDGE('',*,*,#901,.T.);
#1208=ORIENTED_EDGE('',*,*,#902,.T.);
#1209=ORIENTED_EDGE('',*,*,#903,.T.);
#1210=ORIENTED_EDGE('',*,*,#904,.T.);
#1211=ORIENTED_EDGE('',*,*,#834,.T.);
#1212=ORIENTED_EDGE('',*,*,#905,.T.);
#1213=ORIENTED_EDGE('',*,*,#828,.T.);
#1214=ORIENTED_EDGE('',*,*,#906,.T.);
#1215=ORIENTED_EDGE('',*,*,#907,.T.);
#1216=ORIENTED_EDGE('',*,*,#908,.T.);
#1217=ORIENTED_EDGE('',*,*,#909,.T.);
#1218=ORIENTED_EDGE('',*,*,#906,.F.);
#1219=ORIENTED_EDGE('',*,*,#835,.T.);
#1220=ORIENTED_EDGE('',*,*,#904,.F.);
#1221=ORIENTED_EDGE('',*,*,#829,.T.);
#1222=ORIENTED_EDGE('',*,*,#908,.F.);
#1223=ORIENTED_EDGE('',*,*,#910,.T.);
#1224=ORIENTED_EDGE('',*,*,#900,.F.);
#1225=ORIENTED_EDGE('',*,*,#911,.T.);
#1226=ORIENTED_EDGE('',*,*,#905,.F.);
#1227=ORIENTED_EDGE('',*,*,#833,.T.);
#1228=ORIENTED_EDGE('',*,*,#898,.F.);
#1229=ORIENTED_EDGE('',*,*,#912,.T.);
#1230=ORIENTED_EDGE('',*,*,#899,.F.);
#1231=ORIENTED_EDGE('',*,*,#831,.T.);
#1232=ORIENTED_EDGE('',*,*,#902,.F.);
#1233=ORIENTED_EDGE('',*,*,#912,.F.);
#1234=ORIENTED_EDGE('',*,*,#913,.T.);
#1235=ORIENTED_EDGE('',*,*,#914,.T.);
#1236=ORIENTED_EDGE('',*,*,#915,.T.);
#1237=ORIENTED_EDGE('',*,*,#901,.F.);
#1238=ORIENTED_EDGE('',*,*,#916,.F.);
#1239=ORIENTED_EDGE('',*,*,#917,.F.);
#1240=ORIENTED_EDGE('',*,*,#913,.F.);
#1241=ORIENTED_EDGE('',*,*,#910,.F.);
#1242=ORIENTED_EDGE('',*,*,#918,.T.);
#1243=ORIENTED_EDGE('',*,*,#919,.T.);
#1244=ORIENTED_EDGE('',*,*,#916,.T.);
#1245=ORIENTED_EDGE('',*,*,#907,.F.);
#1246=ORIENTED_EDGE('',*,*,#920,.F.);
#1247=ORIENTED_EDGE('',*,*,#921,.F.);
#1248=ORIENTED_EDGE('',*,*,#918,.F.);
#1249=ORIENTED_EDGE('',*,*,#911,.F.);
#1250=ORIENTED_EDGE('',*,*,#922,.T.);
#1251=ORIENTED_EDGE('',*,*,#923,.T.);
#1252=ORIENTED_EDGE('',*,*,#924,.T.);
#1253=ORIENTED_EDGE('',*,*,#897,.F.);
#1254=ORIENTED_EDGE('',*,*,#915,.F.);
#1255=ORIENTED_EDGE('',*,*,#925,.F.);
#1256=ORIENTED_EDGE('',*,*,#922,.F.);
#1257=ORIENTED_EDGE('',*,*,#909,.F.);
#1258=ORIENTED_EDGE('',*,*,#926,.T.);
#1259=ORIENTED_EDGE('',*,*,#927,.T.);
#1260=ORIENTED_EDGE('',*,*,#920,.T.);
#1261=ORIENTED_EDGE('',*,*,#903,.F.);
#1262=ORIENTED_EDGE('',*,*,#924,.F.);
#1263=ORIENTED_EDGE('',*,*,#928,.F.);
#1264=ORIENTED_EDGE('',*,*,#926,.F.);
#1265=ORIENTED_EDGE('',*,*,#846,.T.);
#1266=ORIENTED_EDGE('',*,*,#845,.F.);
#1267=ORIENTED_EDGE('',*,*,#780,.T.);
#1268=ORIENTED_EDGE('',*,*,#779,.T.);
#1269=ORIENTED_EDGE('',*,*,#775,.F.);
#1270=ORIENTED_EDGE('',*,*,#791,.T.);
#1271=ORIENTED_EDGE('',*,*,#784,.F.);
#1272=ORIENTED_EDGE('',*,*,#896,.T.);
#1273=ORIENTED_EDGE('',*,*,#895,.T.);
#1274=ORIENTED_EDGE('',*,*,#890,.F.);
#1275=ORIENTED_EDGE('',*,*,#889,.T.);
#1276=ORIENTED_EDGE('',*,*,#844,.F.);
#1277=ORIENTED_EDGE('',*,*,#885,.T.);
#1278=ORIENTED_EDGE('',*,*,#884,.F.);
#1279=ORIENTED_EDGE('',*,*,#805,.T.);
#1280=ORIENTED_EDGE('',*,*,#804,.T.);
#1281=ORIENTED_EDGE('',*,*,#801,.F.);
#1282=ORIENTED_EDGE('',*,*,#796,.T.);
#1283=ORIENTED_EDGE('',*,*,#792,.F.);
#1284=ORIENTED_EDGE('',*,*,#883,.T.);
#1285=ORIENTED_EDGE('',*,*,#882,.T.);
#1286=ORIENTED_EDGE('',*,*,#877,.F.);
#1287=ORIENTED_EDGE('',*,*,#876,.T.);
#1288=ORIENTED_EDGE('',*,*,#841,.F.);
#1289=ORIENTED_EDGE('',*,*,#859,.T.);
#1290=ORIENTED_EDGE('',*,*,#858,.F.);
#1291=ORIENTED_EDGE('',*,*,#763,.T.);
#1292=ORIENTED_EDGE('',*,*,#762,.T.);
#1293=ORIENTED_EDGE('',*,*,#759,.F.);
#1294=ORIENTED_EDGE('',*,*,#756,.T.);
#1295=ORIENTED_EDGE('',*,*,#754,.T.);
#1296=ORIENTED_EDGE('',*,*,#750,.F.);
#1297=ORIENTED_EDGE('',*,*,#857,.T.);
#1298=ORIENTED_EDGE('',*,*,#856,.T.);
#1299=ORIENTED_EDGE('',*,*,#851,.F.);
#1300=ORIENTED_EDGE('',*,*,#850,.T.);
#1301=ORIENTED_EDGE('',*,*,#812,.F.);
#1302=ORIENTED_EDGE('',*,*,#872,.T.);
#1303=ORIENTED_EDGE('',*,*,#871,.F.);
#1304=ORIENTED_EDGE('',*,*,#746,.T.);
#1305=ORIENTED_EDGE('',*,*,#745,.T.);
#1306=ORIENTED_EDGE('',*,*,#741,.F.);
#1307=ORIENTED_EDGE('',*,*,#774,.T.);
#1308=ORIENTED_EDGE('',*,*,#772,.T.);
#1309=ORIENTED_EDGE('',*,*,#767,.F.);
#1310=ORIENTED_EDGE('',*,*,#870,.T.);
#1311=ORIENTED_EDGE('',*,*,#869,.T.);
#1312=ORIENTED_EDGE('',*,*,#864,.F.);
#1313=ORIENTED_EDGE('',*,*,#863,.T.);
#1314=ORIENTED_EDGE('',*,*,#838,.F.);
#1315=ORIENTED_EDGE('',*,*,#800,.T.);
#1316=ORIENTED_EDGE('',*,*,#798,.T.);
#1317=ORIENTED_EDGE('',*,*,#803,.F.);
#1318=ORIENTED_EDGE('',*,*,#808,.T.);
#1319=ORIENTED_EDGE('',*,*,#893,.T.);
#1320=ORIENTED_EDGE('',*,*,#894,.T.);
#1321=ORIENTED_EDGE('',*,*,#786,.F.);
#1322=ORIENTED_EDGE('',*,*,#790,.T.);
#1323=ORIENTED_EDGE('',*,*,#788,.T.);
#1324=ORIENTED_EDGE('',*,*,#777,.F.);
#1325=ORIENTED_EDGE('',*,*,#783,.T.);
#1326=ORIENTED_EDGE('',*,*,#854,.T.);
#1327=ORIENTED_EDGE('',*,*,#855,.T.);
#1328=ORIENTED_EDGE('',*,*,#752,.F.);
#1329=ORIENTED_EDGE('',*,*,#758,.T.);
#1330=ORIENTED_EDGE('',*,*,#761,.F.);
#1331=ORIENTED_EDGE('',*,*,#766,.T.);
#1332=ORIENTED_EDGE('',*,*,#867,.T.);
#1333=ORIENTED_EDGE('',*,*,#868,.T.);
#1334=ORIENTED_EDGE('',*,*,#769,.F.);
#1335=ORIENTED_EDGE('',*,*,#771,.T.);
#1336=ORIENTED_EDGE('',*,*,#743,.F.);
#1337=ORIENTED_EDGE('',*,*,#749,.T.);
#1338=ORIENTED_EDGE('',*,*,#880,.T.);
#1339=ORIENTED_EDGE('',*,*,#881,.T.);
#1340=ORIENTED_EDGE('',*,*,#794,.F.);
#1341=ORIENTED_EDGE('',*,*,#727,.T.);
#1342=ORIENTED_EDGE('',*,*,#721,.T.);
#1343=ORIENTED_EDGE('',*,*,#739,.T.);
#1344=ORIENTED_EDGE('',*,*,#732,.T.);
#1345=ORIENTED_EDGE('',*,*,#928,.T.);
#1346=ORIENTED_EDGE('',*,*,#923,.F.);
#1347=ORIENTED_EDGE('',*,*,#925,.T.);
#1348=ORIENTED_EDGE('',*,*,#914,.F.);
#1349=ORIENTED_EDGE('',*,*,#917,.T.);
#1350=ORIENTED_EDGE('',*,*,#919,.F.);
#1351=ORIENTED_EDGE('',*,*,#921,.T.);
#1352=ORIENTED_EDGE('',*,*,#927,.F.);
#1353=CONICAL_SURFACE('',#1453,2.,0.785398163397447);
#1354=CONICAL_SURFACE('',#1460,2.,0.785398163397447);
#1355=CONICAL_SURFACE('',#1467,2.,0.785398163397447);
#1356=CONICAL_SURFACE('',#1474,2.,0.785398163397447);
#1357=CONICAL_SURFACE('',#1517,6.65251262658471,1.17809724509617);
#1358=CONICAL_SURFACE('',#1524,6.65251262658471,1.17809724509617);
#1359=CONICAL_SURFACE('',#1526,6.65251262658471,1.17809724509617);
#1360=CONICAL_SURFACE('',#1528,6.65251262658471,1.17809724509617);
#1361=CONICAL_SURFACE('',#1566,5.05,0.785398163397449);
#1362=CONICAL_SURFACE('',#1567,5.05,0.785398163397449);
#1363=CONICAL_SURFACE('',#1568,5.05,0.785398163397449);
#1364=CONICAL_SURFACE('',#1569,5.05,0.785398163397449);
#1365=ADVANCED_FACE('',(#135),#1353,.F.);
#1366=ADVANCED_FACE('',(#136,#79),#89,.F.);
#1367=ADVANCED_FACE('',(#137),#63,.F.);
#1368=ADVANCED_FACE('',(#138),#1354,.F.);
#1369=ADVANCED_FACE('',(#139,#80),#90,.F.);
#1370=ADVANCED_FACE('',(#140),#64,.F.);
#1371=ADVANCED_FACE('',(#141),#1355,.F.);
#1372=ADVANCED_FACE('',(#142),#65,.F.);
#1373=ADVANCED_FACE('',(#143,#81),#91,.F.);
#1374=ADVANCED_FACE('',(#144),#1356,.F.);
#1375=ADVANCED_FACE('',(#145,#82),#92,.F.);
#1376=ADVANCED_FACE('',(#146),#66,.F.);
#1377=ADVANCED_FACE('',(#147),#67,.F.);
#1378=ADVANCED_FACE('',(#148),#93,.T.);
#1379=ADVANCED_FACE('',(#149),#68,.F.);
#1380=ADVANCED_FACE('',(#150),#69,.T.);
#1381=ADVANCED_FACE('',(#151),#70,.F.);
#1382=ADVANCED_FACE('',(#152),#94,.T.);
#1383=ADVANCED_FACE('',(#153),#71,.F.);
#1384=ADVANCED_FACE('',(#154),#72,.T.);
#1385=ADVANCED_FACE('',(#155),#73,.F.);
#1386=ADVANCED_FACE('',(#156),#95,.T.);
#1387=ADVANCED_FACE('',(#157),#74,.F.);
#1388=ADVANCED_FACE('',(#158),#75,.T.);
#1389=ADVANCED_FACE('',(#159),#76,.F.);
#1390=ADVANCED_FACE('',(#160),#77,.T.);
#1391=ADVANCED_FACE('',(#161),#78,.F.);
#1392=ADVANCED_FACE('',(#162),#96,.T.);
#1393=ADVANCED_FACE('',(#163),#1357,.T.);
#1394=ADVANCED_FACE('',(#164,#83),#97,.F.);
#1395=ADVANCED_FACE('',(#165),#1358,.T.);
#1396=ADVANCED_FACE('',(#166),#1359,.T.);
#1397=ADVANCED_FACE('',(#167),#1360,.T.);
#1398=ADVANCED_FACE('',(#168),#98,.T.);
#1399=ADVANCED_FACE('',(#169),#99,.T.);
#1400=ADVANCED_FACE('',(#170),#100,.T.);
#1401=ADVANCED_FACE('',(#171),#101,.T.);
#1402=ADVANCED_FACE('',(#172),#102,.T.);
#1403=ADVANCED_FACE('',(#173),#103,.T.);
#1404=ADVANCED_FACE('',(#174),#104,.T.);
#1405=ADVANCED_FACE('',(#175),#105,.T.);
#1406=ADVANCED_FACE('',(#176),#106,.T.);
#1407=ADVANCED_FACE('',(#177),#107,.T.);
#1408=ADVANCED_FACE('',(#178),#108,.T.);
#1409=ADVANCED_FACE('',(#179),#109,.T.);
#1410=ADVANCED_FACE('',(#180),#110,.T.);
#1411=ADVANCED_FACE('',(#181),#111,.T.);
#1412=ADVANCED_FACE('',(#182),#112,.T.);
#1413=ADVANCED_FACE('',(#183),#113,.T.);
#1414=ADVANCED_FACE('',(#184),#114,.T.);
#1415=ADVANCED_FACE('',(#185),#115,.T.);
#1416=ADVANCED_FACE('',(#186),#116,.T.);
#1417=ADVANCED_FACE('',(#187),#117,.T.);
#1418=ADVANCED_FACE('',(#188),#118,.T.);
#1419=ADVANCED_FACE('',(#189),#119,.T.);
#1420=ADVANCED_FACE('',(#190),#120,.T.);
#1421=ADVANCED_FACE('',(#191),#121,.T.);
#1422=ADVANCED_FACE('',(#192),#122,.T.);
#1423=ADVANCED_FACE('',(#193),#123,.T.);
#1424=ADVANCED_FACE('',(#194),#124,.T.);
#1425=ADVANCED_FACE('',(#195),#125,.T.);
#1426=ADVANCED_FACE('',(#196),#126,.T.);
#1427=ADVANCED_FACE('',(#197),#127,.T.);
#1428=ADVANCED_FACE('',(#198),#128,.T.);
#1429=ADVANCED_FACE('',(#199),#129,.T.);
#1430=ADVANCED_FACE('',(#200),#130,.T.);
#1431=ADVANCED_FACE('',(#201),#131,.T.);
#1432=ADVANCED_FACE('',(#202),#132,.T.);
#1433=ADVANCED_FACE('',(#203),#133,.T.);
#1434=ADVANCED_FACE('',(#204),#1361,.T.);
#1435=ADVANCED_FACE('',(#205),#1362,.T.);
#1436=ADVANCED_FACE('',(#206),#1363,.T.);
#1437=ADVANCED_FACE('',(#207),#1364,.T.);
#1438=ADVANCED_FACE('',(#208,#84,#85,#86,#87,#88),#134,.T.);
#1439=CLOSED_SHELL('',(#1365,#1366,#1367,#1368,#1369,#1370,#1371,#1372,
#1373,#1374,#1375,#1376,#1377,#1378,#1379,#1380,#1381,#1382,#1383,#1384,
#1385,#1386,#1387,#1388,#1389,#1390,#1391,#1392,#1393,#1394,#1395,#1396,
#1397,#1398,#1399,#1400,#1401,#1402,#1403,#1404,#1405,#1406,#1407,#1408,
#1409,#1410,#1411,#1412,#1413,#1414,#1415,#1416,#1417,#1418,#1419,#1420,
#1421,#1422,#1423,#1424,#1425,#1426,#1427,#1428,#1429,#1430,#1431,#1432,
#1433,#1434,#1435,#1436,#1437,#1438));
#1440=DERIVED_UNIT_ELEMENT(#1442,1.);
#1441=DERIVED_UNIT_ELEMENT(#2497,-3.);
#1442=(
MASS_UNIT()
NAMED_UNIT(*)
SI_UNIT(.KILO.,.GRAM.)
);
#1443=DERIVED_UNIT((#1440,#1441));
#1444=MEASURE_REPRESENTATION_ITEM('density measure',
POSITIVE_RATIO_MEASURE(7850.),#1443);
#1445=PROPERTY_DEFINITION_REPRESENTATION(#1450,#1447);
#1446=PROPERTY_DEFINITION_REPRESENTATION(#1451,#1448);
#1447=REPRESENTATION('material name',(#1449),#2494);
#1448=REPRESENTATION('density',(#1444),#2494);
#1449=DESCRIPTIVE_REPRESENTATION_ITEM('Steel','Steel');
#1450=PROPERTY_DEFINITION('material property','material name',#2504);
#1451=PROPERTY_DEFINITION('material property','density of part',#2504);
#1452=AXIS2_PLACEMENT_3D('',#1929,#1571,#1572);
#1453=AXIS2_PLACEMENT_3D('',#1930,#1573,#1574);
#1454=AXIS2_PLACEMENT_3D('',#1932,#1575,#1576);
#1455=AXIS2_PLACEMENT_3D('',#1935,#1578,#1579);
#1456=AXIS2_PLACEMENT_3D('',#1936,#1580,#1581);
#1457=AXIS2_PLACEMENT_3D('',#1938,#1582,#1583);
#1458=AXIS2_PLACEMENT_3D('',#1939,#1584,#1585);
#1459=AXIS2_PLACEMENT_3D('',#1941,#1586,#1587);
#1460=AXIS2_PLACEMENT_3D('',#1943,#1589,#1590);
#1461=AXIS2_PLACEMENT_3D('',#1945,#1591,#1592);
#1462=AXIS2_PLACEMENT_3D('',#1948,#1594,#1595);
#1463=AXIS2_PLACEMENT_3D('',#1949,#1596,#1597);
#1464=AXIS2_PLACEMENT_3D('',#1951,#1598,#1599);
#1465=AXIS2_PLACEMENT_3D('',#1952,#1600,#1601);
#1466=AXIS2_PLACEMENT_3D('',#1954,#1602,#1603);
#1467=AXIS2_PLACEMENT_3D('',#1956,#1605,#1606);
#1468=AXIS2_PLACEMENT_3D('',#1958,#1607,#1608);
#1469=AXIS2_PLACEMENT_3D('',#1961,#1610,#1611);
#1470=AXIS2_PLACEMENT_3D('',#1962,#1612,#1613);
#1471=AXIS2_PLACEMENT_3D('',#1964,#1614,#1615);
#1472=AXIS2_PLACEMENT_3D('',#1966,#1617,#1618);
#1473=AXIS2_PLACEMENT_3D('',#1968,#1619,#1620);
#1474=AXIS2_PLACEMENT_3D('',#1969,#1621,#1622);
#1475=AXIS2_PLACEMENT_3D('',#1971,#1623,#1624);
#1476=AXIS2_PLACEMENT_3D('',#1974,#1626,#1627);
#1477=AXIS2_PLACEMENT_3D('',#1975,#1628,#1629);
#1478=AXIS2_PLACEMENT_3D('',#1977,#1630,#1631);
#1479=AXIS2_PLACEMENT_3D('',#1978,#1632,#1633);
#1480=AXIS2_PLACEMENT_3D('',#1980,#1634,#1635);
#1481=AXIS2_PLACEMENT_3D('',#1982,#1637,#1638);
#1482=AXIS2_PLACEMENT_3D('',#1996,#1640,#1641);
#1483=AXIS2_PLACEMENT_3D('',#1998,#1643,#1644);
#1484=AXIS2_PLACEMENT_3D('',#2012,#1648,#1649);
#1485=AXIS2_PLACEMENT_3D('',#2026,#1651,#1652);
#1486=AXIS2_PLACEMENT_3D('',#2028,#1654,#1655);
#1487=AXIS2_PLACEMENT_3D('',#2030,#1656,#1657);
#1488=AXIS2_PLACEMENT_3D('',#2033,#1659,#1660);
#1489=AXIS2_PLACEMENT_3D('',#2036,#1662,#1663);
#1490=AXIS2_PLACEMENT_3D('',#2037,#1664,#1665);
#1491=AXIS2_PLACEMENT_3D('',#2049,#1667,#1668);
#1492=AXIS2_PLACEMENT_3D('',#2050,#1669,#1670);
#1493=AXIS2_PLACEMENT_3D('',#2064,#1674,#1675);
#1494=AXIS2_PLACEMENT_3D('',#2078,#1677,#1678);
#1495=AXIS2_PLACEMENT_3D('',#2080,#1680,#1681);
#1496=AXIS2_PLACEMENT_3D('',#2081,#1682,#1683);
#1497=AXIS2_PLACEMENT_3D('',#2083,#1684,#1685);
#1498=AXIS2_PLACEMENT_3D('',#2085,#1687,#1688);
#1499=AXIS2_PLACEMENT_3D('',#2086,#1689,#1690);
#1500=AXIS2_PLACEMENT_3D('',#2100,#1692,#1693);
#1501=AXIS2_PLACEMENT_3D('',#2102,#1695,#1696);
#1502=AXIS2_PLACEMENT_3D('',#2116,#1700,#1701);
#1503=AXIS2_PLACEMENT_3D('',#2130,#1703,#1704);
#1504=AXIS2_PLACEMENT_3D('',#2132,#1706,#1707);
#1505=AXIS2_PLACEMENT_3D('',#2134,#1708,#1709);
#1506=AXIS2_PLACEMENT_3D('',#2136,#1711,#1712);
#1507=AXIS2_PLACEMENT_3D('',#2137,#1713,#1714);
#1508=AXIS2_PLACEMENT_3D('',#2138,#1715,#1716);
#1509=AXIS2_PLACEMENT_3D('',#2152,#1718,#1719);
#1510=AXIS2_PLACEMENT_3D('',#2154,#1721,#1722);
#1511=AXIS2_PLACEMENT_3D('',#2156,#1723,#1724);
#1512=AXIS2_PLACEMENT_3D('',#2160,#1726,#1727);
#1513=AXIS2_PLACEMENT_3D('',#2162,#1729,#1730);
#1514=AXIS2_PLACEMENT_3D('',#2163,#1731,#1732);
#1515=AXIS2_PLACEMENT_3D('',#2175,#1734,#1735);
#1516=AXIS2_PLACEMENT_3D('',#2176,#1736,#1737);
#1517=AXIS2_PLACEMENT_3D('',#2190,#1741,#1742);
#1518=AXIS2_PLACEMENT_3D('',#2197,#1743,#1744);
#1519=AXIS2_PLACEMENT_3D('',#2202,#1745,#1746);
#1520=AXIS2_PLACEMENT_3D('',#2203,#1747,#1748);
#1521=AXIS2_PLACEMENT_3D('',#2211,#1752,#1753);
#1522=AXIS2_PLACEMENT_3D('',#2219,#1757,#1758);
#1523=AXIS2_PLACEMENT_3D('',#2227,#1762,#1763);
#1524=AXIS2_PLACEMENT_3D('',#2249,#1775,#1776);
#1525=AXIS2_PLACEMENT_3D('',#2258,#1777,#1778);
#1526=AXIS2_PLACEMENT_3D('',#2259,#1779,#1780);
#1527=AXIS2_PLACEMENT_3D('',#2268,#1781,#1782);
#1528=AXIS2_PLACEMENT_3D('',#2269,#1783,#1784);
#1529=AXIS2_PLACEMENT_3D('',#2278,#1785,#1786);
#1530=AXIS2_PLACEMENT_3D('',#2279,#1787,#1788);
#1531=AXIS2_PLACEMENT_3D('',#2288,#1790,#1791);
#1532=AXIS2_PLACEMENT_3D('',#2292,#1794,#1795);
#1533=AXIS2_PLACEMENT_3D('',#2302,#1797,#1798);
#1534=AXIS2_PLACEMENT_3D('',#2306,#1801,#1802);
#1535=AXIS2_PLACEMENT_3D('',#2315,#1804,#1805);
#1536=AXIS2_PLACEMENT_3D('',#2324,#1807,#1808);
#1537=AXIS2_PLACEMENT_3D('',#2328,#1811,#1812);
#1538=AXIS2_PLACEMENT_3D('',#2338,#1814,#1815);
#1539=AXIS2_PLACEMENT_3D('',#2342,#1818,#1819);
#1540=AXIS2_PLACEMENT_3D('',#2351,#1821,#1822);
#1541=AXIS2_PLACEMENT_3D('',#2360,#1824,#1825);
#1542=AXIS2_PLACEMENT_3D('',#2364,#1828,#1829);
#1543=AXIS2_PLACEMENT_3D('',#2374,#1831,#1832);
#1544=AXIS2_PLACEMENT_3D('',#2378,#1835,#1836);
#1545=AXIS2_PLACEMENT_3D('',#2387,#1838,#1839);
#1546=AXIS2_PLACEMENT_3D('',#2396,#1841,#1842);
#1547=AXIS2_PLACEMENT_3D('',#2400,#1845,#1846);
#1548=AXIS2_PLACEMENT_3D('',#2410,#1848,#1849);
#1549=AXIS2_PLACEMENT_3D('',#2414,#1852,#1853);
#1550=AXIS2_PLACEMENT_3D('',#2423,#1855,#1856);
#1551=AXIS2_PLACEMENT_3D('',#2429,#1860,#1861);
#1552=AXIS2_PLACEMENT_3D('',#2435,#1865,#1866);
#1553=AXIS2_PLACEMENT_3D('',#2441,#1870,#1871);
#1554=AXIS2_PLACEMENT_3D('',#2447,#1875,#1876);
#1555=AXIS2_PLACEMENT_3D('',#2449,#1878,#1879);
#1556=AXIS2_PLACEMENT_3D('',#2451,#1881,#1882);
#1557=AXIS2_PLACEMENT_3D('',#2453,#1884,#1885);
#1558=AXIS2_PLACEMENT_3D('',#2455,#1887,#1888);
#1559=AXIS2_PLACEMENT_3D('',#2461,#1892,#1893);
#1560=AXIS2_PLACEMENT_3D('',#2465,#1896,#1897);
#1561=AXIS2_PLACEMENT_3D('',#2469,#1900,#1901);
#1562=AXIS2_PLACEMENT_3D('',#2473,#1904,#1905);
#1563=AXIS2_PLACEMENT_3D('',#2479,#1909,#1910);
#1564=AXIS2_PLACEMENT_3D('',#2481,#1912,#1913);
#1565=AXIS2_PLACEMENT_3D('',#2485,#1916,#1917);
#1566=AXIS2_PLACEMENT_3D('',#2487,#1919,#1920);
#1567=AXIS2_PLACEMENT_3D('',#2488,#1921,#1922);
#1568=AXIS2_PLACEMENT_3D('',#2489,#1923,#1924);
#1569=AXIS2_PLACEMENT_3D('',#2490,#1925,#1926);
#1570=AXIS2_PLACEMENT_3D('',#2491,#1927,#1928);
#1571=DIRECTION('axis',(0.,0.,1.));
#1572=DIRECTION('refdir',(1.,0.,0.));
#1573=DIRECTION('center_axis',(0.,-1.,0.));
#1574=DIRECTION('ref_axis',(1.,0.,0.));
#1575=DIRECTION('center_axis',(0.,1.,0.));
#1576=DIRECTION('ref_axis',(1.,0.,0.));
#1577=DIRECTION('',(-0.707106781186546,-0.707106781186549,8.65956056235492E-17));
#1578=DIRECTION('center_axis',(0.,-1.,0.));
#1579=DIRECTION('ref_axis',(1.,0.,0.));
#1580=DIRECTION('center_axis',(0.,1.,0.));
#1581=DIRECTION('ref_axis',(1.,0.,0.));
#1582=DIRECTION('center_axis',(0.,1.,0.));
#1583=DIRECTION('ref_axis',(1.,0.,0.));
#1584=DIRECTION('center_axis',(0.,1.,0.));
#1585=DIRECTION('ref_axis',(1.,0.,0.));
#1586=DIRECTION('center_axis',(0.,-1.,0.));
#1587=DIRECTION('ref_axis',(1.,0.,0.));
#1588=DIRECTION('',(0.,-1.,0.));
#1589=DIRECTION('center_axis',(0.,-1.,0.));
#1590=DIRECTION('ref_axis',(1.,0.,0.));
#1591=DIRECTION('center_axis',(0.,1.,0.));
#1592=DIRECTION('ref_axis',(1.,0.,0.));
#1593=DIRECTION('',(-0.707106781186546,-0.707106781186549,8.65956056235492E-17));
#1594=DIRECTION('center_axis',(0.,-1.,0.));
#1595=DIRECTION('ref_axis',(1.,0.,0.));
#1596=DIRECTION('center_axis',(0.,1.,0.));
#1597=DIRECTION('ref_axis',(1.,0.,0.));
#1598=DIRECTION('center_axis',(0.,1.,0.));
#1599=DIRECTION('ref_axis',(1.,0.,0.));
#1600=DIRECTION('center_axis',(0.,1.,0.));
#1601=DIRECTION('ref_axis',(1.,0.,0.));
#1602=DIRECTION('center_axis',(0.,-1.,0.));
#1603=DIRECTION('ref_axis',(1.,0.,0.));
#1604=DIRECTION('',(0.,-1.,0.));
#1605=DIRECTION('center_axis',(0.,-1.,0.));
#1606=DIRECTION('ref_axis',(1.,0.,0.));
#1607=DIRECTION('center_axis',(0.,1.,0.));
#1608=DIRECTION('ref_axis',(1.,0.,0.));
#1609=DIRECTION('',(-0.707106781186546,-0.707106781186549,8.65956056235492E-17));
#1610=DIRECTION('center_axis',(0.,-1.,0.));
#1611=DIRECTION('ref_axis',(1.,0.,0.));
#1612=DIRECTION('center_axis',(0.,1.,0.));
#1613=DIRECTION('ref_axis',(1.,0.,0.));
#1614=DIRECTION('center_axis',(0.,-1.,0.));
#1615=DIRECTION('ref_axis',(1.,0.,0.));
#1616=DIRECTION('',(0.,-1.,0.));
#1617=DIRECTION('center_axis',(0.,1.,0.));
#1618=DIRECTION('ref_axis',(1.,0.,0.));
#1619=DIRECTION('center_axis',(0.,-1.,0.));
#1620=DIRECTION('ref_axis',(1.,0.,0.));
#1621=DIRECTION('center_axis',(0.,-1.,0.));
#1622=DIRECTION('ref_axis',(1.,0.,0.));
#1623=DIRECTION('center_axis',(0.,1.,0.));
#1624=DIRECTION('ref_axis',(1.,0.,0.));
#1625=DIRECTION('',(-0.707106781186546,-0.707106781186549,8.65956056235492E-17));
#1626=DIRECTION('center_axis',(0.,-1.,0.));
#1627=DIRECTION('ref_axis',(1.,0.,0.));
#1628=DIRECTION('center_axis',(0.,1.,0.));
#1629=DIRECTION('ref_axis',(1.,0.,0.));
#1630=DIRECTION('center_axis',(0.,-1.,0.));
#1631=DIRECTION('ref_axis',(1.,0.,0.));
#1632=DIRECTION('center_axis',(0.,1.,0.));
#1633=DIRECTION('ref_axis',(1.,0.,0.));
#1634=DIRECTION('center_axis',(0.,-1.,0.));
#1635=DIRECTION('ref_axis',(1.,0.,0.));
#1636=DIRECTION('',(0.,-1.,0.));
#1637=DIRECTION('center_axis',(0.,1.,0.));
#1638=DIRECTION('ref_axis',(0.827359001653642,0.,0.561673465977065));
#1639=DIRECTION('',(0.,1.,0.));
#1640=DIRECTION('center_axis',(0.,1.,0.));
#1641=DIRECTION('ref_axis',(0.827359001653642,0.,0.561673465977065));
#1642=DIRECTION('',(0.,-1.,0.));
#1643=DIRECTION('center_axis',(-0.583668662342889,0.,-0.811991928900074));
#1644=DIRECTION('ref_axis',(-0.811991928900074,0.,0.583668662342889));
#1645=DIRECTION('',(0.811991928900074,0.,-0.583668662342889));
#1646=DIRECTION('',(0.,1.,0.));
#1647=DIRECTION('',(-0.811991928900074,0.,0.583668662342889));
#1648=DIRECTION('center_axis',(0.,1.,0.));
#1649=DIRECTION('ref_axis',(0.827359001653641,0.,-0.561673465977066));
#1650=DIRECTION('',(0.,1.,0.));
#1651=DIRECTION('center_axis',(0.,1.,0.));
#1652=DIRECTION('ref_axis',(0.827359001653641,0.,-0.561673465977066));
#1653=DIRECTION('',(0.,-1.,0.));
#1654=DIRECTION('center_axis',(0.,1.,0.));
#1655=DIRECTION('ref_axis',(1.,0.,0.));
#1656=DIRECTION('center_axis',(0.,1.,0.));
#1657=DIRECTION('ref_axis',(-1.,0.,0.));
#1658=DIRECTION('',(0.,-1.,0.));
#1659=DIRECTION('center_axis',(0.,1.,0.));
#1660=DIRECTION('ref_axis',(-1.,0.,0.));
#1661=DIRECTION('',(0.,-1.,0.));
#1662=DIRECTION('center_axis',(0.,1.,0.));
#1663=DIRECTION('ref_axis',(1.,0.,0.));
#1664=DIRECTION('center_axis',(0.,1.,0.));
#1665=DIRECTION('ref_axis',(-0.268744881326858,0.,0.963211393599875));
#1666=DIRECTION('',(0.,1.,0.));
#1667=DIRECTION('center_axis',(0.,1.,0.));
#1668=DIRECTION('ref_axis',(-0.268744881326858,0.,0.963211393599875));
#1669=DIRECTION('center_axis',(0.583668662342889,0.,-0.811991928900074));
#1670=DIRECTION('ref_axis',(-0.811991928900074,0.,-0.583668662342889));
#1671=DIRECTION('',(0.811991928900074,0.,0.583668662342889));
#1672=DIRECTION('',(0.,1.,0.));
#1673=DIRECTION('',(-0.811991928900074,0.,-0.583668662342889));
#1674=DIRECTION('center_axis',(0.,1.,0.));
#1675=DIRECTION('ref_axis',(-0.268744881326855,0.,-0.963211393599876));
#1676=DIRECTION('',(0.,1.,0.));
#1677=DIRECTION('center_axis',(0.,1.,0.));
#1678=DIRECTION('ref_axis',(-0.268744881326855,0.,-0.963211393599876));
#1679=DIRECTION('',(0.,-1.,0.));
#1680=DIRECTION('center_axis',(0.,1.,0.));
#1681=DIRECTION('ref_axis',(1.,0.,0.));
#1682=DIRECTION('center_axis',(0.,1.,0.));
#1683=DIRECTION('ref_axis',(1.,0.,0.));
#1684=DIRECTION('center_axis',(0.,1.,0.));
#1685=DIRECTION('ref_axis',(-1.,0.,0.));
#1686=DIRECTION('',(0.,-1.,0.));
#1687=DIRECTION('center_axis',(0.,1.,0.));
#1688=DIRECTION('ref_axis',(-1.,0.,0.));
#1689=DIRECTION('center_axis',(0.,1.,0.));
#1690=DIRECTION('ref_axis',(-0.827359001653643,0.,-0.561673465977063));
#1691=DIRECTION('',(0.,1.,0.));
#1692=DIRECTION('center_axis',(0.,1.,0.));
#1693=DIRECTION('ref_axis',(-0.827359001653643,0.,-0.561673465977063));
#1694=DIRECTION('',(0.,-1.,0.));
#1695=DIRECTION('center_axis',(0.583668662342889,0.,0.811991928900074));
#1696=DIRECTION('ref_axis',(0.811991928900074,0.,-0.583668662342889));
#1697=DIRECTION('',(-0.811991928900074,0.,0.583668662342889));
#1698=DIRECTION('',(0.,1.,0.));
#1699=DIRECTION('',(0.811991928900074,0.,-0.583668662342889));
#1700=DIRECTION('center_axis',(0.,1.,0.));
#1701=DIRECTION('ref_axis',(0.268744881326855,0.,0.963211393599876));
#1702=DIRECTION('',(0.,1.,0.));
#1703=DIRECTION('center_axis',(0.,1.,0.));
#1704=DIRECTION('ref_axis',(0.268744881326855,0.,0.963211393599876));
#1705=DIRECTION('',(0.,-1.,0.));
#1706=DIRECTION('center_axis',(0.,1.,0.));
#1707=DIRECTION('ref_axis',(1.,0.,0.));
#1708=DIRECTION('center_axis',(0.,1.,0.));
#1709=DIRECTION('ref_axis',(1.,0.,0.));
#1710=DIRECTION('',(0.,-1.,0.));
#1711=DIRECTION('center_axis',(0.,1.,0.));
#1712=DIRECTION('ref_axis',(1.,0.,0.));
#1713=DIRECTION('center_axis',(0.,1.,0.));
#1714=DIRECTION('ref_axis',(1.,0.,0.));
#1715=DIRECTION('center_axis',(0.,1.,0.));
#1716=DIRECTION('ref_axis',(-0.827359001653642,0.,0.561673465977065));
#1717=DIRECTION('',(0.,1.,0.));
#1718=DIRECTION('center_axis',(0.,1.,0.));
#1719=DIRECTION('ref_axis',(-0.827359001653642,0.,0.561673465977065));
#1720=DIRECTION('',(0.,-1.,0.));
#1721=DIRECTION('center_axis',(0.,1.,0.));
#1722=DIRECTION('ref_axis',(1.,0.,0.));
#1723=DIRECTION('center_axis',(0.,1.,0.));
#1724=DIRECTION('ref_axis',(1.,0.,0.));
#1725=DIRECTION('',(0.,-1.,0.));
#1726=DIRECTION('center_axis',(0.,1.,0.));
#1727=DIRECTION('ref_axis',(1.,0.,0.));
#1728=DIRECTION('',(0.,-1.,0.));
#1729=DIRECTION('center_axis',(0.,1.,0.));
#1730=DIRECTION('ref_axis',(1.,0.,0.));
#1731=DIRECTION('center_axis',(0.,1.,0.));
#1732=DIRECTION('ref_axis',(0.268744881326858,0.,-0.963211393599875));
#1733=DIRECTION('',(0.,1.,0.));
#1734=DIRECTION('center_axis',(0.,1.,0.));
#1735=DIRECTION('ref_axis',(0.268744881326858,0.,-0.963211393599875));
#1736=DIRECTION('center_axis',(-0.583668662342889,0.,0.811991928900074));
#1737=DIRECTION('ref_axis',(0.811991928900074,0.,0.583668662342889));
#1738=DIRECTION('',(-0.811991928900074,0.,-0.583668662342889));
#1739=DIRECTION('',(0.,1.,0.));
#1740=DIRECTION('',(0.811991928900074,0.,0.583668662342889));
#1741=DIRECTION('center_axis',(0.,1.,0.));
#1742=DIRECTION('ref_axis',(-1.,0.,0.));
#1743=DIRECTION('center_axis',(0.,-1.,0.));
#1744=DIRECTION('ref_axis',(-1.,0.,0.));
#1745=DIRECTION('center_axis',(0.,1.,0.));
#1746=DIRECTION('ref_axis',(-1.,0.,0.));
#1747=DIRECTION('center_axis',(0.,1.,0.));
#1748=DIRECTION('ref_axis',(1.,0.,0.));
#1749=DIRECTION('',(0.811991928900074,0.,0.583668662342889));
#1750=DIRECTION('',(1.,0.,0.));
#1751=DIRECTION('',(0.811991928900074,0.,-0.583668662342889));
#1752=DIRECTION('center_axis',(0.,-1.,0.));
#1753=DIRECTION('ref_axis',(1.,0.,0.));
#1754=DIRECTION('',(-0.811991928900074,0.,0.583668662342889));
#1755=DIRECTION('',(0.,0.,1.));
#1756=DIRECTION('',(0.811991928900074,0.,0.583668662342889));
#1757=DIRECTION('center_axis',(0.,-1.,0.));
#1758=DIRECTION('ref_axis',(1.,0.,0.));
#1759=DIRECTION('',(-0.811991928900074,0.,-0.583668662342889));
#1760=DIRECTION('',(-1.,0.,0.));
#1761=DIRECTION('',(-0.811991928900074,0.,0.583668662342889));
#1762=DIRECTION('center_axis',(0.,-1.,0.));
#1763=DIRECTION('ref_axis',(-1.,0.,0.));
#1764=DIRECTION('',(0.811991928900074,0.,-0.583668662342889));
#1765=DIRECTION('',(0.,0.,-1.));
#1766=DIRECTION('',(-0.811991928900074,0.,-0.583668662342889));
#1767=DIRECTION('',(1.,0.,0.));
#1768=DIRECTION('',(0.707106781186548,0.,-0.707106781186547));
#1769=DIRECTION('',(0.,0.,-1.));
#1770=DIRECTION('',(-0.707106781186548,0.,-0.707106781186547));
#1771=DIRECTION('',(-1.,0.,0.));
#1772=DIRECTION('',(-0.707106781186548,0.,0.707106781186547));
#1773=DIRECTION('',(0.,0.,1.));
#1774=DIRECTION('',(0.707106781186548,0.,0.707106781186547));
#1775=DIRECTION('center_axis',(0.,1.,0.));
#1776=DIRECTION('ref_axis',(-1.,0.,0.));
#1777=DIRECTION('center_axis',(0.,1.,0.));
#1778=DIRECTION('ref_axis',(-1.,0.,0.));
#1779=DIRECTION('center_axis',(0.,1.,0.));
#1780=DIRECTION('ref_axis',(1.,0.,0.));
#1781=DIRECTION('center_axis',(0.,1.,0.));
#1782=DIRECTION('ref_axis',(1.,0.,0.));
#1783=DIRECTION('center_axis',(0.,1.,0.));
#1784=DIRECTION('ref_axis',(1.,0.,0.));
#1785=DIRECTION('center_axis',(0.,1.,0.));
#1786=DIRECTION('ref_axis',(1.,0.,0.));
#1787=DIRECTION('center_axis',(0.412716069108737,-0.70710678118655,0.574164999193985));
#1788=DIRECTION('ref_axis',(0.811991928900074,0.,-0.583668662342889));
#1789=DIRECTION('',(0.222081437876508,0.689448995557577,0.689448995557576));
#1790=DIRECTION('center_axis',(0.,-0.707106781186548,0.707106781186547));
#1791=DIRECTION('ref_axis',(1.,0.,0.));
#1792=DIRECTION('',(-0.2220814378765,0.689448995557577,0.689448995557579));
#1793=DIRECTION('',(-1.,0.,0.));
#1794=DIRECTION('center_axis',(-0.412716069108738,-0.707106781186549,0.574164999193986));
#1795=DIRECTION('ref_axis',(0.811991928900074,0.,0.583668662342889));
#1796=DIRECTION('',(-0.811991928900074,0.,-0.583668662342889));
#1797=DIRECTION('center_axis',(0.,0.,1.));
#1798=DIRECTION('ref_axis',(1.,0.,0.));
#1799=DIRECTION('',(0.,1.,0.));
#1800=DIRECTION('',(1.,0.,0.));
#1801=DIRECTION('center_axis',(-0.583668662342889,0.,0.811991928900074));
#1802=DIRECTION('ref_axis',(0.811991928900074,0.,0.583668662342889));
#1803=DIRECTION('',(0.811991928900074,0.,0.583668662342889));
#1804=DIRECTION('center_axis',(0.412716069108738,-0.707106781186549,-0.574164999193986));
#1805=DIRECTION('ref_axis',(-0.811991928900074,0.,-0.583668662342889));
#1806=DIRECTION('',(0.664765139753863,0.66476513975386,-0.340843978876051));
#1807=DIRECTION('center_axis',(0.707106781186548,-0.707106781186547,0.));
#1808=DIRECTION('ref_axis',(0.,0.,-1.));
#1809=DIRECTION('',(0.664765139753857,0.664765139753863,0.340843978876057));
#1810=DIRECTION('',(0.,0.,1.));
#1811=DIRECTION('center_axis',(0.412716069108737,-0.707106781186549,0.574164999193986));
#1812=DIRECTION('ref_axis',(0.811991928900074,0.,-0.583668662342889));
#1813=DIRECTION('',(-0.811991928900074,0.,0.583668662342889));
#1814=DIRECTION('center_axis',(1.,0.,0.));
#1815=DIRECTION('ref_axis',(0.,0.,-1.));
#1816=DIRECTION('',(0.,1.,0.));
#1817=DIRECTION('',(0.,0.,-1.));
#1818=DIRECTION('center_axis',(0.583668662342889,0.,0.811991928900074));
#1819=DIRECTION('ref_axis',(0.811991928900074,0.,-0.583668662342889));
#1820=DIRECTION('',(0.811991928900074,0.,-0.583668662342889));
#1821=DIRECTION('center_axis',(-0.412716069108737,-0.70710678118655,-0.574164999193985));
#1822=DIRECTION('ref_axis',(-0.811991928900074,0.,0.583668662342889));
#1823=DIRECTION('',(-0.222081437876508,0.689448995557577,-0.689448995557576));
#1824=DIRECTION('center_axis',(0.,-0.707106781186548,-0.707106781186547));
#1825=DIRECTION('ref_axis',(-1.,0.,0.));
#1826=DIRECTION('',(0.2220814378765,0.689448995557577,-0.689448995557579));
#1827=DIRECTION('',(1.,0.,0.));
#1828=DIRECTION('center_axis',(0.412716069108738,-0.707106781186549,-0.574164999193986));
#1829=DIRECTION('ref_axis',(-0.811991928900074,0.,-0.583668662342889));
#1830=DIRECTION('',(0.811991928900074,0.,0.583668662342889));
#1831=DIRECTION('center_axis',(0.,0.,-1.));
#1832=DIRECTION('ref_axis',(-1.,0.,0.));
#1833=DIRECTION('',(0.,1.,0.));
#1834=DIRECTION('',(-1.,0.,0.));
#1835=DIRECTION('center_axis',(0.583668662342889,0.,-0.811991928900074));
#1836=DIRECTION('ref_axis',(-0.811991928900074,0.,-0.583668662342889));
#1837=DIRECTION('',(-0.811991928900074,0.,-0.583668662342889));
#1838=DIRECTION('center_axis',(-0.412716069108738,-0.707106781186549,0.574164999193986));
#1839=DIRECTION('ref_axis',(0.811991928900074,0.,0.583668662342889));
#1840=DIRECTION('',(-0.664765139753863,0.66476513975386,0.340843978876051));
#1841=DIRECTION('center_axis',(-0.707106781186548,-0.707106781186547,0.));
#1842=DIRECTION('ref_axis',(0.,0.,1.));
#1843=DIRECTION('',(-0.664765139753857,0.664765139753863,-0.340843978876057));
#1844=DIRECTION('',(0.,0.,-1.));
#1845=DIRECTION('center_axis',(-0.412716069108737,-0.707106781186549,-0.574164999193986));
#1846=DIRECTION('ref_axis',(-0.811991928900074,0.,0.583668662342889));
#1847=DIRECTION('',(0.811991928900074,0.,-0.583668662342889));
#1848=DIRECTION('center_axis',(-1.,0.,0.));
#1849=DIRECTION('ref_axis',(0.,0.,1.));
#1850=DIRECTION('',(0.,1.,0.));
#1851=DIRECTION('',(0.,0.,1.));
#1852=DIRECTION('center_axis',(-0.583668662342889,0.,-0.811991928900074));
#1853=DIRECTION('ref_axis',(-0.811991928900074,0.,0.583668662342889));
#1854=DIRECTION('',(-0.811991928900074,0.,0.583668662342889));
#1855=DIRECTION('center_axis',(0.,-0.707106781186548,-0.707106781186547));
#1856=DIRECTION('ref_axis',(-1.,0.,0.));
#1857=DIRECTION('',(1.,0.,0.));
#1858=DIRECTION('',(0.281084637714833,-0.678598344545844,0.678598344545845));
#1859=DIRECTION('',(0.281084637714829,0.678598344545845,-0.678598344545846));
#1860=DIRECTION('center_axis',(0.707106781186548,-0.707106781186547,0.));
#1861=DIRECTION('ref_axis',(0.,0.,-1.));
#1862=DIRECTION('',(0.678598344545844,0.678598344545845,0.281084637714834));
#1863=DIRECTION('',(0.,0.,1.));
#1864=DIRECTION('',(-0.678598344545844,-0.678598344545845,0.281084637714835));
#1865=DIRECTION('center_axis',(-0.707106781186548,-0.707106781186547,0.));
#1866=DIRECTION('ref_axis',(0.,0.,1.));
#1867=DIRECTION('',(0.,0.,-1.));
#1868=DIRECTION('',(0.678598344545844,-0.678598344545845,-0.281084637714835));
#1869=DIRECTION('',(-0.678598344545844,0.678598344545845,-0.281084637714834));
#1870=DIRECTION('center_axis',(0.,-0.707106781186548,0.707106781186547));
#1871=DIRECTION('ref_axis',(1.,0.,0.));
#1872=DIRECTION('',(-0.281084637714829,0.678598344545845,0.678598344545846));
#1873=DIRECTION('',(-1.,0.,0.));
#1874=DIRECTION('',(-0.281084637714833,-0.678598344545844,-0.678598344545845));
#1875=DIRECTION('center_axis',(-0.499999999999996,-0.707106781186553,0.499999999999997));
#1876=DIRECTION('ref_axis',(0.707106781186548,0.,0.707106781186547));
#1877=DIRECTION('',(-0.707106781186548,0.,-0.707106781186547));
#1878=DIRECTION('center_axis',(0.499999999999996,-0.707106781186553,0.499999999999997));
#1879=DIRECTION('ref_axis',(0.707106781186548,0.,-0.707106781186547));
#1880=DIRECTION('',(-0.707106781186548,0.,0.707106781186547));
#1881=DIRECTION('center_axis',(-0.499999999999996,-0.707106781186553,-0.499999999999997));
#1882=DIRECTION('ref_axis',(-0.707106781186548,0.,0.707106781186547));
#1883=DIRECTION('',(0.707106781186548,0.,-0.707106781186547));
#1884=DIRECTION('center_axis',(0.499999999999996,-0.707106781186553,-0.499999999999997));
#1885=DIRECTION('ref_axis',(-0.707106781186548,0.,-0.707106781186547));
#1886=DIRECTION('',(0.707106781186548,0.,0.707106781186547));
#1887=DIRECTION('center_axis',(0.707106781186547,0.,-0.707106781186548));
#1888=DIRECTION('ref_axis',(-0.707106781186548,0.,-0.707106781186547));
#1889=DIRECTION('',(0.,1.,0.));
#1890=DIRECTION('',(0.707106781186548,0.,0.707106781186547));
#1891=DIRECTION('',(0.,-1.,0.));
#1892=DIRECTION('center_axis',(1.,0.,0.));
#1893=DIRECTION('ref_axis',(0.,0.,-1.));
#1894=DIRECTION('',(0.,-1.,0.));
#1895=DIRECTION('',(0.,0.,-1.));
#1896=DIRECTION('center_axis',(0.707106781186547,0.,0.707106781186548));
#1897=DIRECTION('ref_axis',(0.707106781186548,0.,-0.707106781186547));
#1898=DIRECTION('',(0.,1.,0.));
#1899=DIRECTION('',(-0.707106781186548,0.,0.707106781186547));
#1900=DIRECTION('center_axis',(0.,0.,1.));
#1901=DIRECTION('ref_axis',(1.,0.,0.));
#1902=DIRECTION('',(0.,-1.,0.));
#1903=DIRECTION('',(1.,0.,0.));
#1904=DIRECTION('center_axis',(-0.707106781186547,0.,-0.707106781186548));
#1905=DIRECTION('ref_axis',(-0.707106781186548,0.,0.707106781186547));
#1906=DIRECTION('',(0.,1.,0.));
#1907=DIRECTION('',(0.707106781186548,0.,-0.707106781186547));
#1908=DIRECTION('',(0.,-1.,0.));
#1909=DIRECTION('center_axis',(0.,0.,-1.));
#1910=DIRECTION('ref_axis',(-1.,0.,0.));
#1911=DIRECTION('',(-1.,0.,0.));
#1912=DIRECTION('center_axis',(-0.707106781186547,0.,0.707106781186548));
#1913=DIRECTION('ref_axis',(0.707106781186548,0.,0.707106781186547));
#1914=DIRECTION('',(0.,1.,0.));
#1915=DIRECTION('',(-0.707106781186548,0.,-0.707106781186547));
#1916=DIRECTION('center_axis',(-1.,0.,0.));
#1917=DIRECTION('ref_axis',(0.,0.,1.));
#1918=DIRECTION('',(0.,0.,1.));
#1919=DIRECTION('center_axis',(0.,1.,0.));
#1920=DIRECTION('ref_axis',(1.,0.,0.));
#1921=DIRECTION('center_axis',(0.,1.,0.));
#1922=DIRECTION('ref_axis',(1.,0.,0.));
#1923=DIRECTION('center_axis',(0.,1.,0.));
#1924=DIRECTION('ref_axis',(-1.,0.,0.));
#1925=DIRECTION('center_axis',(0.,1.,0.));
#1926=DIRECTION('ref_axis',(-1.,0.,0.));
#1927=DIRECTION('center_axis',(0.,1.,0.));
#1928=DIRECTION('ref_axis',(1.,0.,0.));
#1929=CARTESIAN_POINT('',(0.,0.,0.));
#1930=CARTESIAN_POINT('Origin',(-45.52,0.25,24.75));
#1931=CARTESIAN_POINT('',(-47.27,0.5,24.75));
#1932=CARTESIAN_POINT('Origin',(-45.52,0.5,24.75));
#1933=CARTESIAN_POINT('',(-47.77,0.,24.75));
#1934=CARTESIAN_POINT('',(-47.52,0.25,24.75));
#1935=CARTESIAN_POINT('Origin',(-45.52,0.,24.75));
#1936=CARTESIAN_POINT('Origin',(0.,0.,0.));
#1937=CARTESIAN_POINT('',(-49.07,0.,24.75));
#1938=CARTESIAN_POINT('Origin',(-45.52,0.,24.75));
#1939=CARTESIAN_POINT('Origin',(-45.52,0.,24.75));
#1940=CARTESIAN_POINT('',(-47.27,11.,24.75));
#1941=CARTESIAN_POINT('Origin',(-45.52,11.,24.75));
#1942=CARTESIAN_POINT('',(-47.27,0.,24.75));
#1943=CARTESIAN_POINT('Origin',(-45.52,0.25,-24.75));
#1944=CARTESIAN_POINT('',(-47.27,0.5,-24.75));
#1945=CARTESIAN_POINT('Origin',(-45.52,0.5,-24.75));
#1946=CARTESIAN_POINT('',(-47.77,0.,-24.75));
#1947=CARTESIAN_POINT('',(-47.52,0.25,-24.75));
#1948=CARTESIAN_POINT('Origin',(-45.52,0.,-24.75));
#1949=CARTESIAN_POINT('Origin',(0.,0.,0.));
#1950=CARTESIAN_POINT('',(-49.07,0.,-24.75));
#1951=CARTESIAN_POINT('Origin',(-45.52,0.,-24.75));
#1952=CARTESIAN_POINT('Origin',(-45.52,0.,-24.75));
#1953=CARTESIAN_POINT('',(-47.27,11.,-24.75));
#1954=CARTESIAN_POINT('Origin',(-45.52,11.,-24.75));
#1955=CARTESIAN_POINT('',(-47.27,0.,-24.75));
#1956=CARTESIAN_POINT('Origin',(45.52,0.25,-24.75));
#1957=CARTESIAN_POINT('',(43.77,0.5,-24.75));
#1958=CARTESIAN_POINT('Origin',(45.52,0.5,-24.75));
#1959=CARTESIAN_POINT('',(43.27,0.,-24.75));
#1960=CARTESIAN_POINT('',(43.52,0.25,-24.75));
#1961=CARTESIAN_POINT('Origin',(45.52,0.,-24.75));
#1962=CARTESIAN_POINT('Origin',(45.52,0.,-24.75));
#1963=CARTESIAN_POINT('',(43.77,11.,-24.75));
#1964=CARTESIAN_POINT('Origin',(45.52,11.,-24.75));
#1965=CARTESIAN_POINT('',(43.77,0.,-24.75));
#1966=CARTESIAN_POINT('Origin',(0.,0.,0.));
#1967=CARTESIAN_POINT('',(41.97,0.,-24.75));
#1968=CARTESIAN_POINT('Origin',(45.52,0.,-24.75));
#1969=CARTESIAN_POINT('Origin',(45.52,0.25,24.75));
#1970=CARTESIAN_POINT('',(43.77,0.5,24.75));
#1971=CARTESIAN_POINT('Origin',(45.52,0.5,24.75));
#1972=CARTESIAN_POINT('',(43.27,0.,24.75));
#1973=CARTESIAN_POINT('',(43.52,0.25,24.75));
#1974=CARTESIAN_POINT('Origin',(45.52,0.,24.75));
#1975=CARTESIAN_POINT('Origin',(0.,0.,0.));
#1976=CARTESIAN_POINT('',(41.97,0.,24.75));
#1977=CARTESIAN_POINT('Origin',(45.52,0.,24.75));
#1978=CARTESIAN_POINT('Origin',(45.52,0.,24.75));
#1979=CARTESIAN_POINT('',(43.77,11.,24.75));
#1980=CARTESIAN_POINT('Origin',(45.52,11.,24.75));
#1981=CARTESIAN_POINT('',(43.77,0.,24.75));
#1982=CARTESIAN_POINT('Origin',(39.166009543314,0.,-26.3403789725545));
#1983=CARTESIAN_POINT('',(42.0762341799641,3.,-25.6119611225295));
#1984=CARTESIAN_POINT('',(40.9170155303427,4.13001068374848,-23.9044031858542));
#1985=CARTESIAN_POINT('Ctrl Pts',(42.0762341799641,2.99999999999999,-25.6119611225295));
#1986=CARTESIAN_POINT('Ctrl Pts',(42.0154239551981,2.99999999999999,-25.3690079682814));
#1987=CARTESIAN_POINT('Ctrl Pts',(41.9206247422328,3.06248254538058,-25.1274124542029));
#1988=CARTESIAN_POINT('Ctrl Pts',(41.6891745523151,3.27490176157864,-24.6993945318154));
#1989=CARTESIAN_POINT('Ctrl Pts',(41.5526845106912,3.42205746334194,-24.5115107222409));
#1990=CARTESIAN_POINT('Ctrl Pts',(41.2688257970624,3.73524292111085,-24.1886573544413));
#1991=CARTESIAN_POINT('Ctrl Pts',(41.0992853612795,3.92706815151609,-24.0354207300213));
#1992=CARTESIAN_POINT('Ctrl Pts',(40.9170155303386,4.13001068375306,-23.9044031858513));
#1993=CARTESIAN_POINT('',(40.9170155303427,11.,-23.9044031858542));
#1994=CARTESIAN_POINT('',(40.9170155303427,0.,-23.9044031858542));
#1995=CARTESIAN_POINT('',(42.0762341799641,11.,-25.6119611225295));
#1996=CARTESIAN_POINT('Origin',(39.166009543314,11.,-26.3403789725545));
#1997=CARTESIAN_POINT('',(42.0762341799641,0.,-25.6119611225295));
#1998=CARTESIAN_POINT('Origin',(41.9710888251929,0.,-24.6620825766457));
#1999=CARTESIAN_POINT('',(39.288117281172,6.,-22.7335333430049));
#2000=CARTESIAN_POINT('Ctrl Pts',(39.288117281172,6.,-22.7335333430049));
#2001=CARTESIAN_POINT('Ctrl Pts',(40.2381861486529,4.88583161673423,-23.4164532160724));
#2002=CARTESIAN_POINT('Ctrl Pts',(40.917015530348,4.13001068374257,-23.9044031858581));
#2003=CARTESIAN_POINT('',(38.6941508151312,6.7,-22.3065837633703));
#2004=CARTESIAN_POINT('Ctrl Pts',(38.6941508151312,6.7,-22.3065837633703));
#2005=CARTESIAN_POINT('Ctrl Pts',(39.0061984150352,6.33061296717219,-22.5308869845489));
#2006=CARTESIAN_POINT('Ctrl Pts',(39.288117281172,6.,-22.7335333430049));
#2007=CARTESIAN_POINT('',(27.1381441151746,6.7,-14.));
#2008=CARTESIAN_POINT('',(22.2905683778961,6.7,-10.5155096430381));
#2009=CARTESIAN_POINT('',(27.1381441151746,11.,-14.));
#2010=CARTESIAN_POINT('',(27.1381441151746,0.,-14.));
#2011=CARTESIAN_POINT('',(44.3526626753142,11.,-26.3739838578001));
#2012=CARTESIAN_POINT('Origin',(39.166009543314,0.,26.3403789725545));
#2013=CARTESIAN_POINT('',(40.9170155303427,4.13001068374849,23.9044031858542));
#2014=CARTESIAN_POINT('',(42.0762341799641,3.,25.6119611225295));
#2015=CARTESIAN_POINT('Ctrl Pts',(40.9170155303427,4.13001068374849,23.9044031858542));
#2016=CARTESIAN_POINT('Ctrl Pts',(41.0992853612821,3.92706815151321,24.0354207300236));
#2017=CARTESIAN_POINT('Ctrl Pts',(41.2688257970635,3.7352429211096,24.1886573544426));
#2018=CARTESIAN_POINT('Ctrl Pts',(41.5526845106912,3.42205746334194,24.5115107222409));
#2019=CARTESIAN_POINT('Ctrl Pts',(41.6891745523151,3.27490176157864,24.6993945318154));
#2020=CARTESIAN_POINT('Ctrl Pts',(41.9206247422328,3.06248254538058,25.1274124542029));
#2021=CARTESIAN_POINT('Ctrl Pts',(42.0154239551981,3.,25.3690079682814));
#2022=CARTESIAN_POINT('Ctrl Pts',(42.0762341799641,3.,25.6119611225295));
#2023=CARTESIAN_POINT('',(42.0762341799641,11.,25.6119611225295));
#2024=CARTESIAN_POINT('',(42.0762341799641,0.,25.6119611225295));
#2025=CARTESIAN_POINT('',(40.9170155303427,11.,23.9044031858542));
#2026=CARTESIAN_POINT('Origin',(39.166009543314,11.,26.3403789725545));
#2027=CARTESIAN_POINT('',(40.9170155303427,0.,23.9044031858542));
#2028=CARTESIAN_POINT('Origin',(45.52,0.,24.75));
#2029=CARTESIAN_POINT('',(41.97,3.,24.75));
#2030=CARTESIAN_POINT('Origin',(45.52,3.,24.75));
#2031=CARTESIAN_POINT('',(41.97,0.,24.75));
#2032=CARTESIAN_POINT('',(45.2396292201431,3.,21.2110888361245));
#2033=CARTESIAN_POINT('Origin',(45.52,3.,24.75));
#2034=CARTESIAN_POINT('',(45.2396292201431,11.,21.2110888361245));
#2035=CARTESIAN_POINT('',(45.2396292201431,0.,21.2110888361245));
#2036=CARTESIAN_POINT('Origin',(45.52,11.,24.75));
#2037=CARTESIAN_POINT('Origin',(45.0026961667429,0.,18.2204596835537));
#2038=CARTESIAN_POINT('',(43.2516901797142,4.13001068374847,20.6564354702539));
#2039=CARTESIAN_POINT('Ctrl Pts',(45.2396292201431,3.,21.2110888361245));
#2040=CARTESIAN_POINT('Ctrl Pts',(44.9899636868873,3.,21.2308686262975));
#2041=CARTESIAN_POINT('Ctrl Pts',(44.7307540263069,3.06248254538058,21.217998697647));
#2042=CARTESIAN_POINT('Ctrl Pts',(44.251294995551,3.27490176157864,21.1350073118018));
#2043=CARTESIAN_POINT('Ctrl Pts',(44.0297116931097,3.42205746334195,21.0655040928695));
#2044=CARTESIAN_POINT('Ctrl Pts',(43.6332342357613,3.73524292111085,20.8993243942989));
#2045=CARTESIAN_POINT('Ctrl Pts',(43.4339600106507,3.9270681515161,20.7874530144217));
#2046=CARTESIAN_POINT('Ctrl Pts',(43.2516901797101,4.13001068375306,20.656435470251));
#2047=CARTESIAN_POINT('',(43.2516901797142,11.,20.6564354702539));
#2048=CARTESIAN_POINT('',(43.2516901797142,0.,20.6564354702539));
#2049=CARTESIAN_POINT('Origin',(45.0026961667429,11.,18.2204596835537));
#2050=CARTESIAN_POINT('Origin',(44.3057634745645,0.,21.4141148610454));
#2051=CARTESIAN_POINT('',(41.6227919305436,6.,19.4855656274046));
#2052=CARTESIAN_POINT('Ctrl Pts',(41.6227919305435,6.,19.4855656274046));
#2053=CARTESIAN_POINT('Ctrl Pts',(42.5728607980246,4.88583161673408,20.1684855004722));
#2054=CARTESIAN_POINT('Ctrl Pts',(43.2516901797196,4.13001068374257,20.6564354702578));
#2055=CARTESIAN_POINT('',(41.0288254645027,6.7,19.05861604777));
#2056=CARTESIAN_POINT('Ctrl Pts',(41.0288254645027,6.7,19.05861604777));
#2057=CARTESIAN_POINT('Ctrl Pts',(41.3408730644067,6.33061296717219,19.2829192689486));
#2058=CARTESIAN_POINT('Ctrl Pts',(41.6227919305436,6.,19.4855656274046));
#2059=CARTESIAN_POINT('',(29.,6.7,10.4121649950695));
#2060=CARTESIAN_POINT('',(24.6252430272677,6.7,7.26754192743783));
#2061=CARTESIAN_POINT('',(29.,11.,10.4121649950695));
#2062=CARTESIAN_POINT('',(29.,0.,10.4121649950695));
#2063=CARTESIAN_POINT('',(46.6873373246858,11.,23.1260161421999));
#2064=CARTESIAN_POINT('Origin',(45.0026961667429,0.,-18.2204596835537));
#2065=CARTESIAN_POINT('',(43.2516901797142,4.13001068374848,-20.6564354702539));
#2066=CARTESIAN_POINT('',(45.2396292201431,3.,-21.2110888361245));
#2067=CARTESIAN_POINT('Ctrl Pts',(43.2516901797142,4.13001068374848,-20.6564354702539));
#2068=CARTESIAN_POINT('Ctrl Pts',(43.4339600106536,3.92706815151322,-20.7874530144233));
#2069=CARTESIAN_POINT('Ctrl Pts',(43.6332342357628,3.7352429211096,-20.8993243942995));
#2070=CARTESIAN_POINT('Ctrl Pts',(44.0297116931097,3.42205746334194,-21.0655040928695));
#2071=CARTESIAN_POINT('Ctrl Pts',(44.251294995551,3.27490176157864,-21.1350073118018));
#2072=CARTESIAN_POINT('Ctrl Pts',(44.7307540263069,3.06248254538058,-21.217998697647));
#2073=CARTESIAN_POINT('Ctrl Pts',(44.9899636868873,3.,-21.2308686262975));
#2074=CARTESIAN_POINT('Ctrl Pts',(45.2396292201431,3.,-21.2110888361245));
#2075=CARTESIAN_POINT('',(45.2396292201431,11.,-21.2110888361245));
#2076=CARTESIAN_POINT('',(45.2396292201431,0.,-21.2110888361245));
#2077=CARTESIAN_POINT('',(43.2516901797142,11.,-20.6564354702539));
#2078=CARTESIAN_POINT('Origin',(45.0026961667429,11.,-18.2204596835537));
#2079=CARTESIAN_POINT('',(43.2516901797142,0.,-20.6564354702539));
#2080=CARTESIAN_POINT('Origin',(45.52,0.,-24.75));
#2081=CARTESIAN_POINT('Origin',(45.52,11.,-24.75));
#2082=CARTESIAN_POINT('',(41.97,3.,-24.75));
#2083=CARTESIAN_POINT('Origin',(45.52,3.,-24.75));
#2084=CARTESIAN_POINT('',(41.97,0.,-24.75));
#2085=CARTESIAN_POINT('Origin',(45.52,3.,-24.75));
#2086=CARTESIAN_POINT('Origin',(-39.166009543314,0.,26.3403789725544));
#2087=CARTESIAN_POINT('',(-42.0762341799641,3.,25.6119611225295));
#2088=CARTESIAN_POINT('',(-40.9170155303427,4.13001068374848,23.9044031858542));
#2089=CARTESIAN_POINT('Ctrl Pts',(-42.0762341799641,2.99999999999999,25.6119611225295));
#2090=CARTESIAN_POINT('Ctrl Pts',(-42.0154239551981,2.99999999999999,25.3690079682814));
#2091=CARTESIAN_POINT('Ctrl Pts',(-41.9206247422328,3.06248254538058,25.1274124542029));
#2092=CARTESIAN_POINT('Ctrl Pts',(-41.6891745523151,3.27490176157863,24.6993945318154));
#2093=CARTESIAN_POINT('Ctrl Pts',(-41.5526845106912,3.42205746334194,24.5115107222409));
#2094=CARTESIAN_POINT('Ctrl Pts',(-41.2688257970624,3.73524292111085,24.1886573544413));
#2095=CARTESIAN_POINT('Ctrl Pts',(-41.0992853612795,3.9270681515161,24.0354207300213));
#2096=CARTESIAN_POINT('Ctrl Pts',(-40.9170155303386,4.13001068375307,23.9044031858513));
#2097=CARTESIAN_POINT('',(-40.9170155303427,11.,23.9044031858542));
#2098=CARTESIAN_POINT('',(-40.9170155303427,0.,23.9044031858542));
#2099=CARTESIAN_POINT('',(-42.0762341799641,11.,25.6119611225295));
#2100=CARTESIAN_POINT('Origin',(-39.166009543314,11.,26.3403789725544));
#2101=CARTESIAN_POINT('',(-42.0762341799641,0.,25.6119611225295));
#2102=CARTESIAN_POINT('Origin',(-41.9710888251929,0.,24.6620825766457));
#2103=CARTESIAN_POINT('',(-39.288117281172,6.,22.7335333430049));
#2104=CARTESIAN_POINT('Ctrl Pts',(-39.288117281172,6.,22.7335333430049));
#2105=CARTESIAN_POINT('Ctrl Pts',(-40.2381861486529,4.88583161673423,23.4164532160724));
#2106=CARTESIAN_POINT('Ctrl Pts',(-40.917015530348,4.13001068374257,23.9044031858581));
#2107=CARTESIAN_POINT('',(-38.6941508151312,6.7,22.3065837633703));
#2108=CARTESIAN_POINT('Ctrl Pts',(-38.6941508151312,6.7,22.3065837633703));
#2109=CARTESIAN_POINT('Ctrl Pts',(-39.0061984150352,6.33061296717219,22.5308869845489));
#2110=CARTESIAN_POINT('Ctrl Pts',(-39.288117281172,6.,22.7335333430049));
#2111=CARTESIAN_POINT('',(-27.1381441151746,6.7,14.));
#2112=CARTESIAN_POINT('',(-22.2905683778961,6.7,10.5155096430381));
#2113=CARTESIAN_POINT('',(-27.1381441151746,11.,14.));
#2114=CARTESIAN_POINT('',(-27.1381441151746,0.,14.));
#2115=CARTESIAN_POINT('',(-44.3526626753142,11.,26.3739838578001));
#2116=CARTESIAN_POINT('Origin',(-45.0026961667429,0.,18.2204596835537));
#2117=CARTESIAN_POINT('',(-43.2516901797142,4.13001068374848,20.6564354702539));
#2118=CARTESIAN_POINT('',(-45.2396292201431,3.,21.2110888361245));
#2119=CARTESIAN_POINT('Ctrl Pts',(-43.2516901797142,4.13001068374848,20.6564354702539));
#2120=CARTESIAN_POINT('Ctrl Pts',(-43.4339600106536,3.92706815151322,20.7874530144233));
#2121=CARTESIAN_POINT('Ctrl Pts',(-43.6332342357628,3.7352429211096,20.8993243942995));
#2122=CARTESIAN_POINT('Ctrl Pts',(-44.0297116931097,3.42205746334194,21.0655040928695));
#2123=CARTESIAN_POINT('Ctrl Pts',(-44.251294995551,3.27490176157864,21.1350073118018));
#2124=CARTESIAN_POINT('Ctrl Pts',(-44.7307540263069,3.06248254538058,21.217998697647));
#2125=CARTESIAN_POINT('Ctrl Pts',(-44.9899636868873,3.,21.2308686262975));
#2126=CARTESIAN_POINT('Ctrl Pts',(-45.2396292201431,3.,21.2110888361245));
#2127=CARTESIAN_POINT('',(-45.2396292201431,11.,21.2110888361245));
#2128=CARTESIAN_POINT('',(-45.2396292201431,0.,21.2110888361245));
#2129=CARTESIAN_POINT('',(-43.2516901797142,11.,20.6564354702539));
#2130=CARTESIAN_POINT('Origin',(-45.0026961667429,11.,18.2204596835537));
#2131=CARTESIAN_POINT('',(-43.2516901797142,0.,20.6564354702539));
#2132=CARTESIAN_POINT('Origin',(-45.52,0.,24.75));
#2133=CARTESIAN_POINT('',(-49.07,11.,24.75));
#2134=CARTESIAN_POINT('Origin',(-45.52,11.,24.75));
#2135=CARTESIAN_POINT('',(-49.07,0.,24.75));
#2136=CARTESIAN_POINT('Origin',(-45.52,11.,24.75));
#2137=CARTESIAN_POINT('Origin',(-45.52,3.,24.75));
#2138=CARTESIAN_POINT('Origin',(-39.166009543314,0.,-26.3403789725545));
#2139=CARTESIAN_POINT('',(-40.9170155303427,4.13001068374848,-23.9044031858542));
#2140=CARTESIAN_POINT('',(-42.0762341799641,3.,-25.6119611225295));
#2141=CARTESIAN_POINT('Ctrl Pts',(-40.9170155303427,4.13001068374848,-23.9044031858542));
#2142=CARTESIAN_POINT('Ctrl Pts',(-41.0992853612821,3.92706815151321,-24.0354207300236));
#2143=CARTESIAN_POINT('Ctrl Pts',(-41.2688257970635,3.73524292110961,-24.1886573544426));
#2144=CARTESIAN_POINT('Ctrl Pts',(-41.5526845106912,3.42205746334195,-24.5115107222409));
#2145=CARTESIAN_POINT('Ctrl Pts',(-41.6891745523151,3.27490176157864,-24.6993945318154));
#2146=CARTESIAN_POINT('Ctrl Pts',(-41.9206247422328,3.06248254538058,-25.1274124542029));
#2147=CARTESIAN_POINT('Ctrl Pts',(-42.0154239551981,2.99999999999999,-25.3690079682814));
#2148=CARTESIAN_POINT('Ctrl Pts',(-42.0762341799641,2.99999999999999,-25.6119611225295));
#2149=CARTESIAN_POINT('',(-42.0762341799641,11.,-25.6119611225295));
#2150=CARTESIAN_POINT('',(-42.0762341799641,0.,-25.6119611225295));
#2151=CARTESIAN_POINT('',(-40.9170155303427,11.,-23.9044031858542));
#2152=CARTESIAN_POINT('Origin',(-39.166009543314,11.,-26.3403789725545));
#2153=CARTESIAN_POINT('',(-40.9170155303427,0.,-23.9044031858542));
#2154=CARTESIAN_POINT('Origin',(-45.52,0.,-24.75));
#2155=CARTESIAN_POINT('',(-45.2396292201431,3.,-21.2110888361245));
#2156=CARTESIAN_POINT('Origin',(-45.52,3.,-24.75));
#2157=CARTESIAN_POINT('',(-45.2396292201431,11.,-21.2110888361245));
#2158=CARTESIAN_POINT('',(-45.2396292201431,0.,-21.2110888361245));
#2159=CARTESIAN_POINT('',(-49.07,11.,-24.75));
#2160=CARTESIAN_POINT('Origin',(-45.52,11.,-24.75));
#2161=CARTESIAN_POINT('',(-49.07,0.,-24.75));
#2162=CARTESIAN_POINT('Origin',(-45.52,11.,-24.75));
#2163=CARTESIAN_POINT('Origin',(-45.0026961667429,0.,-18.2204596835537));
#2164=CARTESIAN_POINT('',(-43.2516901797142,4.13001068374847,-20.6564354702539));
#2165=CARTESIAN_POINT('Ctrl Pts',(-45.2396292201431,3.,-21.2110888361245));
#2166=CARTESIAN_POINT('Ctrl Pts',(-44.9899636868873,3.,-21.2308686262975));
#2167=CARTESIAN_POINT('Ctrl Pts',(-44.7307540263069,3.06248254538058,-21.217998697647));
#2168=CARTESIAN_POINT('Ctrl Pts',(-44.251294995551,3.27490176157864,-21.1350073118018));
#2169=CARTESIAN_POINT('Ctrl Pts',(-44.0297116931097,3.42205746334195,-21.0655040928695));
#2170=CARTESIAN_POINT('Ctrl Pts',(-43.6332342357613,3.73524292111085,-20.8993243942989));
#2171=CARTESIAN_POINT('Ctrl Pts',(-43.4339600106507,3.9270681515161,-20.7874530144217));
#2172=CARTESIAN_POINT('Ctrl Pts',(-43.2516901797101,4.13001068375306,-20.656435470251));
#2173=CARTESIAN_POINT('',(-43.2516901797142,11.,-20.6564354702539));
#2174=CARTESIAN_POINT('',(-43.2516901797142,0.,-20.6564354702539));
#2175=CARTESIAN_POINT('Origin',(-45.0026961667429,11.,-18.2204596835537));
#2176=CARTESIAN_POINT('Origin',(-44.3057634745645,0.,-21.4141148610454));
#2177=CARTESIAN_POINT('',(-41.6227919305436,6.,-19.4855656274046));
#2178=CARTESIAN_POINT('Ctrl Pts',(-41.6227919305435,6.,-19.4855656274046));
#2179=CARTESIAN_POINT('Ctrl Pts',(-42.5728607980246,4.88583161673408,-20.1684855004722));
#2180=CARTESIAN_POINT('Ctrl Pts',(-43.2516901797196,4.13001068374257,-20.6564354702578));
#2181=CARTESIAN_POINT('',(-41.0288254645027,6.7,-19.05861604777));
#2182=CARTESIAN_POINT('Ctrl Pts',(-41.0288254645027,6.7,-19.05861604777));
#2183=CARTESIAN_POINT('Ctrl Pts',(-41.3408730644067,6.33061296717219,-19.2829192689486));
#2184=CARTESIAN_POINT('Ctrl Pts',(-41.6227919305436,6.,-19.4855656274046));
#2185=CARTESIAN_POINT('',(-29.,6.7,-10.4121649950695));
#2186=CARTESIAN_POINT('',(-24.6252430272677,6.7,-7.26754192743783));
#2187=CARTESIAN_POINT('',(-29.,11.,-10.4121649950695));
#2188=CARTESIAN_POINT('',(-29.,0.,-10.4121649950695));
#2189=CARTESIAN_POINT('',(-46.6873373246858,11.,-23.1260161421999));
#2190=CARTESIAN_POINT('Origin',(45.52,5.75251262658471,24.75));
#2191=CARTESIAN_POINT('',(40.1771475912962,5.50502525316942,21.9009196298934));
#2192=CARTESIAN_POINT('',(38.9697015079363,6.,21.6425750749426));
#2193=CARTESIAN_POINT('Ctrl Pts',(40.1771475912962,5.50502525316942,21.9009196298933));
#2194=CARTESIAN_POINT('Ctrl Pts',(39.6224344680085,5.73119630063601,21.7807243228797));
#2195=CARTESIAN_POINT('Ctrl Pts',(38.9697015079363,6.,21.6425750749427));
#2196=CARTESIAN_POINT('',(40.4872400300278,6.,19.5313960598025));
#2197=CARTESIAN_POINT('Origin',(45.52,6.,24.75));
#2198=CARTESIAN_POINT('',(41.1168836166354,5.50502525316942,20.5935716136247));
#2199=CARTESIAN_POINT('Ctrl Pts',(40.4872400300278,6.,19.5313960598025));
#2200=CARTESIAN_POINT('Ctrl Pts',(40.8261883988225,5.73119630063312,20.1060781764298));
#2201=CARTESIAN_POINT('Ctrl Pts',(41.1168836166354,5.50502525316942,20.5935716136247));
#2202=CARTESIAN_POINT('Origin',(45.52,5.50502525316942,24.75));
#2203=CARTESIAN_POINT('Origin',(0.,6.,0.));
#2204=CARTESIAN_POINT('',(27.3636241833381,6.,13.3));
#2205=CARTESIAN_POINT('',(15.282664086527,6.,4.61607400448522));
#2206=CARTESIAN_POINT('',(-27.3636241833381,6.,13.3));
#2207=CARTESIAN_POINT('',(-13.5690720575873,6.,13.3));
#2208=CARTESIAN_POINT('',(-38.9697015079363,6.,21.6425750749426));
#2209=CARTESIAN_POINT('',(-22.6991364415362,6.,9.94711529280807));
#2210=CARTESIAN_POINT('',(-40.4872400300278,6.,19.5313960598025));
#2211=CARTESIAN_POINT('Origin',(-45.52,6.,24.75));
#2212=CARTESIAN_POINT('',(-28.3,6.,10.7710748881207));
#2213=CARTESIAN_POINT('',(-16.5637932263454,6.,2.33496134467992));
#2214=CARTESIAN_POINT('',(-28.3,6.,-10.7710748881207));
#2215=CARTESIAN_POINT('',(-28.3,6.,-5.20608249753474));
#2216=CARTESIAN_POINT('',(-40.4872400300278,6.,-19.5313960598025));
#2217=CARTESIAN_POINT('',(-24.2166749636277,6.,-7.83593627766788));
#2218=CARTESIAN_POINT('',(-38.9697015079363,6.,-21.6425750749426));
#2219=CARTESIAN_POINT('Origin',(-45.52,6.,-24.75));
#2220=CARTESIAN_POINT('',(-27.3636241833381,6.,-13.3));
#2221=CARTESIAN_POINT('',(-15.282664086527,6.,-4.61607400448522));
#2222=CARTESIAN_POINT('',(27.3636241833381,6.,-13.3));
#2223=CARTESIAN_POINT('',(13.5690720575873,6.,-13.3));
#2224=CARTESIAN_POINT('',(38.9697015079363,6.,-21.6425750749426));
#2225=CARTESIAN_POINT('',(22.6991364415362,6.,-9.94711529280807));
#2226=CARTESIAN_POINT('',(40.4872400300278,6.,-19.5313960598025));
#2227=CARTESIAN_POINT('Origin',(45.52,6.,-24.75));
#2228=CARTESIAN_POINT('',(28.3,6.,-10.7710748881207));
#2229=CARTESIAN_POINT('',(16.5637932263454,6.,-2.33496134467992));
#2230=CARTESIAN_POINT('',(28.3,6.,10.7710748881207));
#2231=CARTESIAN_POINT('',(28.3,6.,5.20608249753474));
#2232=CARTESIAN_POINT('',(24.2166749636277,6.,7.83593627766788));
#2233=CARTESIAN_POINT('',(-23.2899494936612,6.,-10.7));
#2234=CARTESIAN_POINT('',(23.2899494936612,6.,-10.7));
#2235=CARTESIAN_POINT('',(-12.5,6.,-10.7));
#2236=CARTESIAN_POINT('',(-25.7,6.,-8.28994949366118));
#2237=CARTESIAN_POINT('',(-20.7449747468306,6.,-13.2449747468306));
#2238=CARTESIAN_POINT('',(-25.7,6.,8.28994949366118));
#2239=CARTESIAN_POINT('',(-25.7,6.,5.));
#2240=CARTESIAN_POINT('',(-23.2899494936612,6.,10.7));
#2241=CARTESIAN_POINT('',(-20.7449747468306,6.,13.2449747468306));
#2242=CARTESIAN_POINT('',(23.2899494936612,6.,10.7));
#2243=CARTESIAN_POINT('',(12.5,6.,10.7));
#2244=CARTESIAN_POINT('',(25.7,6.,8.28994949366118));
#2245=CARTESIAN_POINT('',(20.7449747468306,6.,13.2449747468306));
#2246=CARTESIAN_POINT('',(25.7,6.,-8.28994949366118));
#2247=CARTESIAN_POINT('',(25.7,6.,-5.));
#2248=CARTESIAN_POINT('',(20.7449747468306,6.,-13.2449747468306));
#2249=CARTESIAN_POINT('Origin',(45.52,5.75251262658471,-24.75));
#2250=CARTESIAN_POINT('',(41.1168836166354,5.50502525316942,-20.5935716136247));
#2251=CARTESIAN_POINT('Ctrl Pts',(41.1168836166354,5.50502525316942,-20.5935716136247));
#2252=CARTESIAN_POINT('Ctrl Pts',(40.8261883988208,5.73119630063444,-20.106078176427));
#2253=CARTESIAN_POINT('Ctrl Pts',(40.4872400300278,6.,-19.5313960598025));
#2254=CARTESIAN_POINT('',(40.1771475912962,5.50502525316942,-21.9009196298933));
#2255=CARTESIAN_POINT('Ctrl Pts',(38.9697015079363,6.,-21.6425750749426));
#2256=CARTESIAN_POINT('Ctrl Pts',(39.622434468015,5.73119630063335,-21.7807243228811));
#2257=CARTESIAN_POINT('Ctrl Pts',(40.1771475912962,5.50502525316942,-21.9009196298933));
#2258=CARTESIAN_POINT('Origin',(45.52,5.50502525316942,-24.75));
#2259=CARTESIAN_POINT('Origin',(-45.52,5.75251262658471,-24.75));
#2260=CARTESIAN_POINT('',(-40.1771475912962,5.50502525316942,-21.9009196298934));
#2261=CARTESIAN_POINT('Ctrl Pts',(-40.1771475912962,5.50502525316942,-21.9009196298933));
#2262=CARTESIAN_POINT('Ctrl Pts',(-39.6224344680085,5.73119630063601,-21.7807243228797));
#2263=CARTESIAN_POINT('Ctrl Pts',(-38.9697015079363,6.,-21.6425750749427));
#2264=CARTESIAN_POINT('',(-41.1168836166354,5.50502525316942,-20.5935716136247));
#2265=CARTESIAN_POINT('Ctrl Pts',(-40.4872400300278,6.,-19.5313960598025));
#2266=CARTESIAN_POINT('Ctrl Pts',(-40.8261883988225,5.73119630063312,-20.1060781764298));
#2267=CARTESIAN_POINT('Ctrl Pts',(-41.1168836166354,5.50502525316942,-20.5935716136247));
#2268=CARTESIAN_POINT('Origin',(-45.52,5.50502525316942,-24.75));
#2269=CARTESIAN_POINT('Origin',(-45.52,5.75251262658471,24.75));
#2270=CARTESIAN_POINT('',(-41.1168836166354,5.50502525316942,20.5935716136247));
#2271=CARTESIAN_POINT('Ctrl Pts',(-41.1168836166354,5.50502525316942,20.5935716136247));
#2272=CARTESIAN_POINT('Ctrl Pts',(-40.8261883988208,5.73119630063444,20.106078176427));
#2273=CARTESIAN_POINT('Ctrl Pts',(-40.4872400300278,6.,19.5313960598025));
#2274=CARTESIAN_POINT('',(-40.1771475912962,5.50502525316942,21.9009196298933));
#2275=CARTESIAN_POINT('Ctrl Pts',(-38.9697015079363,6.,21.6425750749426));
#2276=CARTESIAN_POINT('Ctrl Pts',(-39.622434468015,5.73119630063335,21.7807243228811));
#2277=CARTESIAN_POINT('Ctrl Pts',(-40.1771475912962,5.50502525316942,21.9009196298933));
#2278=CARTESIAN_POINT('Origin',(-45.52,5.50502525316942,24.75));
#2279=CARTESIAN_POINT('Origin',(-22.4948524097162,6.35,10.2313124679231));
#2280=CARTESIAN_POINT('',(-39.5484891943128,6.,22.0586139820603));
#2281=CARTESIAN_POINT('Ctrl Pts',(-39.5484891943128,6.,22.0586139820603));
#2282=CARTESIAN_POINT('Ctrl Pts',(-39.1296965694042,6.33564842482943,22.1709455095097));
#2283=CARTESIAN_POINT('Ctrl Pts',(-38.6941508151312,6.7,22.3065837633703));
#2284=CARTESIAN_POINT('Ctrl Pts',(-40.1771475912962,5.50502525316942,21.9009196298933));
#2285=CARTESIAN_POINT('Ctrl Pts',(-39.8676844909394,5.74417553664171,21.9729971562326));
#2286=CARTESIAN_POINT('Ctrl Pts',(-39.5484891943128,6.,22.0586139820603));
#2287=CARTESIAN_POINT('',(-27.3636241833381,6.,13.3));
#2288=CARTESIAN_POINT('Origin',(-13.5690720575873,6.35,13.65));
#2289=CARTESIAN_POINT('',(27.1381441151746,6.7,14.));
#2290=CARTESIAN_POINT('',(27.3636241833381,6.,13.3));
#2291=CARTESIAN_POINT('',(-13.5690720575873,6.7,14.));
#2292=CARTESIAN_POINT('Origin',(15.078380054707,6.35,4.90027117960025));
#2293=CARTESIAN_POINT('',(39.5484891943128,6.,22.0586139820603));
#2294=CARTESIAN_POINT('Ctrl Pts',(39.5484891943128,6.,22.0586139820603));
#2295=CARTESIAN_POINT('Ctrl Pts',(39.8676844909394,5.7441755366417,21.9729971562326));
#2296=CARTESIAN_POINT('Ctrl Pts',(40.1771475912962,5.50502525316942,21.9009196298934));
#2297=CARTESIAN_POINT('',(38.6941508151312,6.7,22.3065837633703));
#2298=CARTESIAN_POINT('Ctrl Pts',(38.6941508151312,6.7,22.3065837633703));
#2299=CARTESIAN_POINT('Ctrl Pts',(39.1296965694041,6.33564842482954,22.1709455095098));
#2300=CARTESIAN_POINT('Ctrl Pts',(39.5484891943128,6.,22.0586139820603));
#2301=CARTESIAN_POINT('',(14.874096022887,6.7,5.18446835471528));
#2302=CARTESIAN_POINT('Origin',(-27.1381441151746,0.,14.));
#2303=CARTESIAN_POINT('',(27.1381441151746,11.,14.));
#2304=CARTESIAN_POINT('',(27.1381441151746,0.,14.));
#2305=CARTESIAN_POINT('',(-29.,11.,14.));
#2306=CARTESIAN_POINT('Origin',(27.1381441151746,0.,14.));
#2307=CARTESIAN_POINT('',(44.3526626753142,11.,26.3739838578001));
#2308=CARTESIAN_POINT('',(39.288117281172,6.,22.7335333430049));
#2309=CARTESIAN_POINT('Ctrl Pts',(39.288117281172,6.,22.7335333430049));
#2310=CARTESIAN_POINT('Ctrl Pts',(39.0061984150252,6.33061296718419,22.5308869845417));
#2311=CARTESIAN_POINT('Ctrl Pts',(38.6941508151312,6.7,22.3065837633703));
#2312=CARTESIAN_POINT('Ctrl Pts',(40.917015530348,4.13001068374258,23.904403185858));
#2313=CARTESIAN_POINT('Ctrl Pts',(40.2381861486531,4.88583161673403,23.4164532160725));
#2314=CARTESIAN_POINT('Ctrl Pts',(39.288117281172,6.,22.7335333430049));
#2315=CARTESIAN_POINT('Origin',(24.4209589954477,6.35,7.55173910255285));
#2316=CARTESIAN_POINT('',(41.0660277164043,6.,19.9474349669201));
#2317=CARTESIAN_POINT('Ctrl Pts',(41.0660277164043,6.,19.9474349669201));
#2318=CARTESIAN_POINT('Ctrl Pts',(41.0390500257711,6.33564842482912,19.5146788705509));
#2319=CARTESIAN_POINT('Ctrl Pts',(41.0288254645027,6.7,19.05861604777));
#2320=CARTESIAN_POINT('Ctrl Pts',(41.1168836166354,5.50502525316942,20.5935716136247));
#2321=CARTESIAN_POINT('Ctrl Pts',(41.086589568385,5.74417553664171,20.2772729400167));
#2322=CARTESIAN_POINT('Ctrl Pts',(41.0660277164043,6.,19.9474349669201));
#2323=CARTESIAN_POINT('',(28.3,6.,10.7710748881207));
#2324=CARTESIAN_POINT('Origin',(28.65,6.35,5.20608249753474));
#2325=CARTESIAN_POINT('',(29.,6.7,-10.4121649950695));
#2326=CARTESIAN_POINT('',(28.3,6.,-10.7710748881207));
#2327=CARTESIAN_POINT('',(29.,6.7,5.20608249753474));
#2328=CARTESIAN_POINT('Origin',(16.7680772581655,6.35,-2.0507641695649));
#2329=CARTESIAN_POINT('',(41.0660277164043,6.,-19.9474349669201));
#2330=CARTESIAN_POINT('Ctrl Pts',(41.0660277164043,6.,-19.9474349669201));
#2331=CARTESIAN_POINT('Ctrl Pts',(41.086589568385,5.74417553664171,-20.2772729400167));
#2332=CARTESIAN_POINT('Ctrl Pts',(41.1168836166354,5.50502525316942,-20.5935716136247));
#2333=CARTESIAN_POINT('',(41.0288254645027,6.7,-19.05861604777));
#2334=CARTESIAN_POINT('Ctrl Pts',(41.0288254645027,6.7,-19.05861604777));
#2335=CARTESIAN_POINT('Ctrl Pts',(41.0390500257711,6.3356484248292,-19.5146788705508));
#2336=CARTESIAN_POINT('Ctrl Pts',(41.0660277164043,6.,-19.9474349669201));
#2337=CARTESIAN_POINT('',(16.9723612899855,6.7,-1.76656699444987));
#2338=CARTESIAN_POINT('Origin',(29.,0.,10.4121649950695));
#2339=CARTESIAN_POINT('',(29.,11.,-10.4121649950695));
#2340=CARTESIAN_POINT('',(29.,0.,-10.4121649950695));
#2341=CARTESIAN_POINT('',(29.,11.,14.));
#2342=CARTESIAN_POINT('Origin',(29.,0.,-10.4121649950695));
#2343=CARTESIAN_POINT('',(46.6873373246858,11.,-23.1260161421999));
#2344=CARTESIAN_POINT('',(41.6227919305436,6.,-19.4855656274046));
#2345=CARTESIAN_POINT('Ctrl Pts',(41.6227919305436,6.,-19.4855656274046));
#2346=CARTESIAN_POINT('Ctrl Pts',(41.3408730643968,6.33061296718419,-19.2829192689414));
#2347=CARTESIAN_POINT('Ctrl Pts',(41.0288254645027,6.7,-19.05861604777));
#2348=CARTESIAN_POINT('Ctrl Pts',(43.2516901797196,4.13001068374257,-20.6564354702577));
#2349=CARTESIAN_POINT('Ctrl Pts',(42.5728607980246,4.88583161673417,-20.1684855004721));
#2350=CARTESIAN_POINT('Ctrl Pts',(41.6227919305436,6.,-19.4855656274046));
#2351=CARTESIAN_POINT('Origin',(22.4948524097162,6.35,-10.2313124679231));
#2352=CARTESIAN_POINT('',(39.5484891943128,6.,-22.0586139820603));
#2353=CARTESIAN_POINT('Ctrl Pts',(39.5484891943128,6.,-22.0586139820603));
#2354=CARTESIAN_POINT('Ctrl Pts',(39.1296965694042,6.33564842482943,-22.1709455095097));
#2355=CARTESIAN_POINT('Ctrl Pts',(38.6941508151312,6.7,-22.3065837633703));
#2356=CARTESIAN_POINT('Ctrl Pts',(40.1771475912962,5.50502525316942,-21.9009196298933));
#2357=CARTESIAN_POINT('Ctrl Pts',(39.8676844909394,5.74417553664171,-21.9729971562326));
#2358=CARTESIAN_POINT('Ctrl Pts',(39.5484891943128,6.,-22.0586139820603));
#2359=CARTESIAN_POINT('',(27.3636241833381,6.,-13.3));
#2360=CARTESIAN_POINT('Origin',(13.5690720575873,6.35,-13.65));
#2361=CARTESIAN_POINT('',(-27.1381441151746,6.7,-14.));
#2362=CARTESIAN_POINT('',(-27.3636241833381,6.,-13.3));
#2363=CARTESIAN_POINT('',(13.5690720575873,6.7,-14.));
#2364=CARTESIAN_POINT('Origin',(-15.078380054707,6.35,-4.90027117960025));
#2365=CARTESIAN_POINT('',(-39.5484891943128,6.,-22.0586139820603));
#2366=CARTESIAN_POINT('Ctrl Pts',(-39.5484891943128,6.,-22.0586139820603));
#2367=CARTESIAN_POINT('Ctrl Pts',(-39.8676844909394,5.7441755366417,-21.9729971562326));
#2368=CARTESIAN_POINT('Ctrl Pts',(-40.1771475912962,5.50502525316942,-21.9009196298934));
#2369=CARTESIAN_POINT('',(-38.6941508151312,6.7,-22.3065837633703));
#2370=CARTESIAN_POINT('Ctrl Pts',(-38.6941508151312,6.7,-22.3065837633703));
#2371=CARTESIAN_POINT('Ctrl Pts',(-39.1296965694041,6.33564842482954,-22.1709455095098));
#2372=CARTESIAN_POINT('Ctrl Pts',(-39.5484891943128,6.,-22.0586139820603));
#2373=CARTESIAN_POINT('',(-14.874096022887,6.7,-5.18446835471528));
#2374=CARTESIAN_POINT('Origin',(27.1381441151746,0.,-14.));
#2375=CARTESIAN_POINT('',(-27.1381441151746,11.,-14.));
#2376=CARTESIAN_POINT('',(-27.1381441151746,0.,-14.));
#2377=CARTESIAN_POINT('',(29.,11.,-14.));
#2378=CARTESIAN_POINT('Origin',(-27.1381441151746,0.,-14.));
#2379=CARTESIAN_POINT('',(-44.3526626753142,11.,-26.3739838578001));
#2380=CARTESIAN_POINT('',(-39.288117281172,6.,-22.7335333430049));
#2381=CARTESIAN_POINT('Ctrl Pts',(-39.288117281172,6.,-22.7335333430049));
#2382=CARTESIAN_POINT('Ctrl Pts',(-39.0061984150252,6.33061296718419,-22.5308869845417));
#2383=CARTESIAN_POINT('Ctrl Pts',(-38.6941508151312,6.7,-22.3065837633703));
#2384=CARTESIAN_POINT('Ctrl Pts',(-40.917015530348,4.13001068374257,-23.904403185858));
#2385=CARTESIAN_POINT('Ctrl Pts',(-40.2381861486531,4.88583161673402,-23.4164532160725));
#2386=CARTESIAN_POINT('Ctrl Pts',(-39.288117281172,6.,-22.7335333430049));
#2387=CARTESIAN_POINT('Origin',(-24.4209589954477,6.35,-7.55173910255285));
#2388=CARTESIAN_POINT('',(-41.0660277164043,6.,-19.9474349669201));
#2389=CARTESIAN_POINT('Ctrl Pts',(-41.0660277164043,6.,-19.9474349669201));
#2390=CARTESIAN_POINT('Ctrl Pts',(-41.0390500257711,6.33564842482912,-19.5146788705509));
#2391=CARTESIAN_POINT('Ctrl Pts',(-41.0288254645027,6.7,-19.05861604777));
#2392=CARTESIAN_POINT('Ctrl Pts',(-41.1168836166354,5.50502525316942,-20.5935716136247));
#2393=CARTESIAN_POINT('Ctrl Pts',(-41.086589568385,5.74417553664171,-20.2772729400167));
#2394=CARTESIAN_POINT('Ctrl Pts',(-41.0660277164043,6.,-19.9474349669201));
#2395=CARTESIAN_POINT('',(-28.3,6.,-10.7710748881207));
#2396=CARTESIAN_POINT('Origin',(-28.65,6.35,-5.20608249753474));
#2397=CARTESIAN_POINT('',(-29.,6.7,10.4121649950695));
#2398=CARTESIAN_POINT('',(-28.3,6.,10.7710748881207));
#2399=CARTESIAN_POINT('',(-29.,6.7,-5.20608249753474));
#2400=CARTESIAN_POINT('Origin',(-16.7680772581655,6.35,2.0507641695649));
#2401=CARTESIAN_POINT('',(-41.0660277164043,6.,19.9474349669201));
#2402=CARTESIAN_POINT('Ctrl Pts',(-41.0660277164043,6.,19.9474349669201));
#2403=CARTESIAN_POINT('Ctrl Pts',(-41.086589568385,5.74417553664171,20.2772729400167));
#2404=CARTESIAN_POINT('Ctrl Pts',(-41.1168836166354,5.50502525316942,20.5935716136247));
#2405=CARTESIAN_POINT('',(-41.0288254645027,6.7,19.05861604777));
#2406=CARTESIAN_POINT('Ctrl Pts',(-41.0288254645027,6.7,19.05861604777));
#2407=CARTESIAN_POINT('Ctrl Pts',(-41.0390500257711,6.3356484248292,19.5146788705508));
#2408=CARTESIAN_POINT('Ctrl Pts',(-41.0660277164043,6.,19.9474349669201));
#2409=CARTESIAN_POINT('',(-16.9723612899855,6.7,1.76656699444987));
#2410=CARTESIAN_POINT('Origin',(-29.,0.,-10.4121649950695));
#2411=CARTESIAN_POINT('',(-29.,11.,10.4121649950695));
#2412=CARTESIAN_POINT('',(-29.,0.,10.4121649950695));
#2413=CARTESIAN_POINT('',(-29.,11.,-14.));
#2414=CARTESIAN_POINT('Origin',(-29.,0.,10.4121649950695));
#2415=CARTESIAN_POINT('',(-46.6873373246858,11.,23.1260161421999));
#2416=CARTESIAN_POINT('',(-41.6227919305436,6.,19.4855656274046));
#2417=CARTESIAN_POINT('Ctrl Pts',(-41.6227919305436,6.,19.4855656274046));
#2418=CARTESIAN_POINT('Ctrl Pts',(-41.3408730643968,6.33061296718419,19.2829192689414));
#2419=CARTESIAN_POINT('Ctrl Pts',(-41.0288254645027,6.7,19.05861604777));
#2420=CARTESIAN_POINT('Ctrl Pts',(-43.2516901797196,4.13001068374257,20.6564354702577));
#2421=CARTESIAN_POINT('Ctrl Pts',(-42.5728607980246,4.88583161673417,20.1684855004721));
#2422=CARTESIAN_POINT('Ctrl Pts',(-41.6227919305436,6.,19.4855656274046));
#2423=CARTESIAN_POINT('Origin',(12.5,6.35,10.35));
#2424=CARTESIAN_POINT('',(-23.,6.7,10.));
#2425=CARTESIAN_POINT('',(23.,6.7,10.));
#2426=CARTESIAN_POINT('',(12.5,6.7,10.));
#2427=CARTESIAN_POINT('',(23.,6.7,10.));
#2428=CARTESIAN_POINT('',(-23.2899494936612,6.,10.7));
#2429=CARTESIAN_POINT('Origin',(-25.35,6.35,5.));
#2430=CARTESIAN_POINT('',(-25.,6.7,-8.));
#2431=CARTESIAN_POINT('',(-25.7,6.,-8.28994949366118));
#2432=CARTESIAN_POINT('',(-25.,6.7,8.));
#2433=CARTESIAN_POINT('',(-25.,6.7,5.));
#2434=CARTESIAN_POINT('',(-25.,6.7,8.));
#2435=CARTESIAN_POINT('Origin',(25.35,6.35,-5.));
#2436=CARTESIAN_POINT('',(25.,6.7,8.));
#2437=CARTESIAN_POINT('',(25.,6.7,-8.));
#2438=CARTESIAN_POINT('',(25.,6.7,-5.));
#2439=CARTESIAN_POINT('',(25.,6.7,-8.));
#2440=CARTESIAN_POINT('',(25.7,6.,8.28994949366118));
#2441=CARTESIAN_POINT('Origin',(-12.5,6.35,-10.35));
#2442=CARTESIAN_POINT('',(23.,6.7,-10.));
#2443=CARTESIAN_POINT('',(23.2899494936612,6.,-10.7));
#2444=CARTESIAN_POINT('',(-23.,6.7,-10.));
#2445=CARTESIAN_POINT('',(-12.5,6.7,-10.));
#2446=CARTESIAN_POINT('',(-23.,6.7,-10.));
#2447=CARTESIAN_POINT('Origin',(20.4974873734153,6.35,-12.9974873734153));
#2448=CARTESIAN_POINT('',(20.25,6.7,-12.75));
#2449=CARTESIAN_POINT('Origin',(-20.4974873734153,6.35,-12.9974873734153));
#2450=CARTESIAN_POINT('',(-20.25,6.7,-12.75));
#2451=CARTESIAN_POINT('Origin',(20.4974873734153,6.35,12.9974873734153));
#2452=CARTESIAN_POINT('',(20.25,6.7,12.75));
#2453=CARTESIAN_POINT('Origin',(-20.4974873734153,6.35,12.9974873734153));
#2454=CARTESIAN_POINT('',(-20.25,6.7,12.75));
#2455=CARTESIAN_POINT('Origin',(-24.,0.,9.));
#2456=CARTESIAN_POINT('',(-25.,11.,8.));
#2457=CARTESIAN_POINT('',(-25.,0.,8.));
#2458=CARTESIAN_POINT('',(-23.,11.,10.));
#2459=CARTESIAN_POINT('',(-20.25,11.,12.75));
#2460=CARTESIAN_POINT('',(-23.,0.,10.));
#2461=CARTESIAN_POINT('Origin',(-25.,0.,10.));
#2462=CARTESIAN_POINT('',(-25.,11.,-8.));
#2463=CARTESIAN_POINT('',(-25.,0.,-8.));
#2464=CARTESIAN_POINT('',(-25.,11.,-10.));
#2465=CARTESIAN_POINT('Origin',(-24.,0.,-9.));
#2466=CARTESIAN_POINT('',(-23.,11.,-10.));
#2467=CARTESIAN_POINT('',(-23.,0.,-10.));
#2468=CARTESIAN_POINT('',(-20.25,11.,-12.75));
#2469=CARTESIAN_POINT('Origin',(-25.,0.,-10.));
#2470=CARTESIAN_POINT('',(23.,11.,-10.));
#2471=CARTESIAN_POINT('',(23.,0.,-10.));
#2472=CARTESIAN_POINT('',(25.,11.,-10.));
#2473=CARTESIAN_POINT('Origin',(24.,0.,9.));
#2474=CARTESIAN_POINT('',(23.,11.,10.));
#2475=CARTESIAN_POINT('',(23.,0.,10.));
#2476=CARTESIAN_POINT('',(25.,11.,8.));
#2477=CARTESIAN_POINT('',(20.25,11.,12.75));
#2478=CARTESIAN_POINT('',(25.,0.,8.));
#2479=CARTESIAN_POINT('Origin',(25.,0.,10.));
#2480=CARTESIAN_POINT('',(-25.,11.,10.));
#2481=CARTESIAN_POINT('Origin',(24.,0.,-9.));
#2482=CARTESIAN_POINT('',(25.,11.,-8.));
#2483=CARTESIAN_POINT('',(25.,0.,-8.));
#2484=CARTESIAN_POINT('',(20.25,11.,-12.75));
#2485=CARTESIAN_POINT('Origin',(25.,0.,-10.));
#2486=CARTESIAN_POINT('',(25.,11.,10.));
#2487=CARTESIAN_POINT('Origin',(-45.52,4.5,24.75));
#2488=CARTESIAN_POINT('Origin',(-45.52,4.5,-24.75));
#2489=CARTESIAN_POINT('Origin',(45.52,4.5,24.75));
#2490=CARTESIAN_POINT('Origin',(45.52,4.5,-24.75));
#2491=CARTESIAN_POINT('Origin',(0.,11.,0.));
#2492=UNCERTAINTY_MEASURE_WITH_UNIT(LENGTH_MEASURE(0.01),#2496,
'DISTANCE_ACCURACY_VALUE',
'Maximum model space distance between geometric entities at asserted c
onnectivities');
#2493=UNCERTAINTY_MEASURE_WITH_UNIT(LENGTH_MEASURE(0.01),#2496,
'DISTANCE_ACCURACY_VALUE',
'Maximum model space distance between geometric entities at asserted c
onnectivities');
#2494=(
GEOMETRIC_REPRESENTATION_CONTEXT(3)
GLOBAL_UNCERTAINTY_ASSIGNED_CONTEXT((#2492))
GLOBAL_UNIT_ASSIGNED_CONTEXT((#2496,#2498,#2499))
REPRESENTATION_CONTEXT('','3D')
);
#2495=(
GEOMETRIC_REPRESENTATION_CONTEXT(3)
GLOBAL_UNCERTAINTY_ASSIGNED_CONTEXT((#2493))
GLOBAL_UNIT_ASSIGNED_CONTEXT((#2496,#2498,#2499))
REPRESENTATION_CONTEXT('','3D')
);
#2496=(
LENGTH_UNIT()
NAMED_UNIT(*)
SI_UNIT(.MILLI.,.METRE.)
);
#2497=(
LENGTH_UNIT()
NAMED_UNIT(*)
SI_UNIT($,.METRE.)
);
#2498=(
NAMED_UNIT(*)
PLANE_ANGLE_UNIT()
SI_UNIT($,.RADIAN.)
);
#2499=(
NAMED_UNIT(*)
SI_UNIT($,.STERADIAN.)
SOLID_ANGLE_UNIT()
);
#2500=SHAPE_DEFINITION_REPRESENTATION(#2501,#2502);
#2501=PRODUCT_DEFINITION_SHAPE('',$,#2504);
#2502=SHAPE_REPRESENTATION('',(#1452),#2494);
#2503=PRODUCT_DEFINITION_CONTEXT('part definition',#2508,'design');
#2504=PRODUCT_DEFINITION('Spacer_PCB-Screen','Spacer_PCB-Screen v3',#2505,
#2503);
#2505=PRODUCT_DEFINITION_FORMATION('',$,#2510);
#2506=PRODUCT_RELATED_PRODUCT_CATEGORY('Spacer_PCB-Screen v3',
'Spacer_PCB-Screen v3',(#2510));
#2507=APPLICATION_PROTOCOL_DEFINITION('international standard',
'automotive_design',2009,#2508);
#2508=APPLICATION_CONTEXT(
'Core Data for Automotive Mechanical Design Process');
#2509=PRODUCT_CONTEXT('part definition',#2508,'mechanical');
#2510=PRODUCT('Spacer_PCB-Screen','Spacer_PCB-Screen v3',$,(#2509));
#2511=PRESENTATION_STYLE_ASSIGNMENT((#2512));
#2512=SURFACE_STYLE_USAGE(.BOTH.,#2513);
#2513=SURFACE_SIDE_STYLE('',(#2514));
#2514=SURFACE_STYLE_FILL_AREA(#2515);
#2515=FILL_AREA_STYLE('Steel - Satin',(#2516));
#2516=FILL_AREA_STYLE_COLOUR('Steel - Satin',#2517);
#2517=COLOUR_RGB('Steel - Satin',0.627450980392157,0.627450980392157,0.627450980392157);
ENDSEC;
END-ISO-10303-21;
